GearRow,Path,Category,Bytes,Lines,SHA256,SemanticMethod,SemanticSynopsis,ReferenceCount,TerminalClasses,ReferenceStatuses,BrokenReferenceCount,SourceEvidence
1,.devcontainer/devcontainer.json,configuration_or_data,2196,75,516084FAE5F66C4D4212A93F1903C2D08BD1C2E1F7120DDA86B1C080A35594F7,jsonc_parse,"JSON dict; top-level keys=name,image,features,forwardPorts,containerUser,updateRemoteUserUID,postCreateCommand,postStartCommand,customizations",0,none,none,0,https://github.com/github/spec-kit/blob/d1e86f638277a99b82715c22c90558cd58d3cffd/.devcontainer/devcontainer.json#L1-L75
2,.devcontainer/post-create.sh,executable_source,3605,126,630C8237F3E5C77C76D1B497E8BC00F647BF9667633F7B7599DC462C9D42204D,script_structure,"sh script; functions=run_command,cleanup_kiro_installer; lead=#!/bin/bash",0,none,none,0,https://github.com/github/spec-kit/blob/d1e86f638277a99b82715c22c90558cd58d3cffd/.devcontainer/post-create.sh#L1-L126
3,.editorconfig,source_or_other,369,29,E3D83E7B034BC1324525F2A2F970905A9FB4AEE7DD56E49313E232EE833D9ECF,text_structure,extensionless text; lead=root = true,0,none,none,0,https://github.com/github/spec-kit/blob/d1e86f638277a99b82715c22c90558cd58d3cffd/.editorconfig#L1-L29
4,.gitattributes,source_or_other,338,8,B9139EC672AC647F1E92F9EA2D334B99FB895595ED27C448B1D44BE5AE196FAE,text_structure,extensionless text; lead=* text=auto eol=lf,0,none,none,0,https://github.com/github/spec-kit/blob/d1e86f638277a99b82715c22c90558cd58d3cffd/.gitattributes#L1-L8
5,.github/aw/actions-lock.json,configuration_or_data,1032,35,32CE8D6E21126932D68EC111431BB7279BD0D8B7D4C7A0595799845C847AC489,json_parse,JSON dict; top-level keys=entries,0,none,none,0,https://github.com/github/spec-kit/blob/d1e86f638277a99b82715c22c90558cd58d3cffd/.github/aw/actions-lock.json#L1-L35
6,.github/CODEOWNERS,source_or_other,242,8,64EE64DC56BC04A2A6BD75E3D410E796D87DB29C996DE9C46B8549C2A47F2F12,text_structure,extensionless text; lead=# Global code owner,0,none,none,0,https://github.com/github/spec-kit/blob/d1e86f638277a99b82715c22c90558cd58d3cffd/.github/CODEOWNERS#L1-L8
7,.github/dependabot.yml,configuration_or_data,357,14,A87F96C8E5C34B57B513C435C25F1AAC33EE36016A232BF03425CCF303A3D102,yaml_structure,"YAML; top-level keys=updates,version",0,none,none,0,https://github.com/github/spec-kit/blob/d1e86f638277a99b82715c22c90558cd58d3cffd/.github/dependabot.yml#L1-L14
8,.github/ISSUE_TEMPLATE/agent_request.yml,configuration_or_data,4599,142,B2C2F2D40377FCDC30C9335D569CD8640C7DD65F62DF3BF377A6326C796929F3,yaml_structure,"YAML; top-level keys=name,description,title,labels,body",0,none,none,0,https://github.com/github/spec-kit/blob/d1e86f638277a99b82715c22c90558cd58d3cffd/.github/ISSUE_TEMPLATE/agent_request.yml#L1-L142
9,.github/ISSUE_TEMPLATE/bug_report.yml,configuration_or_data,3271,137,BDC54B7093B874F35DF5F0B9C616376DF0E7C5270D4A8626CEE5845D534FF396,yaml_structure,"YAML; top-level keys=name,description,title,labels,body",0,none,none,0,https://github.com/github/spec-kit/blob/d1e86f638277a99b82715c22c90558cd58d3cffd/.github/ISSUE_TEMPLATE/bug_report.yml#L1-L137
10,.github/ISSUE_TEMPLATE/bundle_submission.yml,configuration_or_data,10829,294,8F89E99336FD1C8765454021CE7332A96DFB48E8E55AA57A27B1A98221B92D0D,yaml_structure,"YAML; top-level keys=name,description,title,labels,body",0,none,none,0,https://github.com/github/spec-kit/blob/d1e86f638277a99b82715c22c90558cd58d3cffd/.github/ISSUE_TEMPLATE/bundle_submission.yml#L1-L294
11,.github/ISSUE_TEMPLATE/config.yml,configuration_or_data,861,18,EEF995F18927FFA13F4365C3A95417D8FDC98020546A2A13457B09DF0C56C990,yaml_structure,"YAML; top-level keys=blank_issues_enabled,contact_links",0,none,none,0,https://github.com/github/spec-kit/blob/d1e86f638277a99b82715c22c90558cd58d3cffd/.github/ISSUE_TEMPLATE/config.yml#L1-L18
12,.github/ISSUE_TEMPLATE/extension_submission.yml,configuration_or_data,8489,281,6F40C3292D8EA97AD82D95162E5A7EC3A4D11A7205D216337EA2A102A6CEFCA6,yaml_structure,"YAML; top-level keys=name,description,title,labels,body",0,none,none,0,https://github.com/github/spec-kit/blob/d1e86f638277a99b82715c22c90558cd58d3cffd/.github/ISSUE_TEMPLATE/extension_submission.yml#L1-L281
13,.github/ISSUE_TEMPLATE/feature_request.yml,configuration_or_data,3266,123,323E799C09336EFFD5B66A4F07F94B3D02A46F3C5CFB79BD6C17CCEC13D1FA75,yaml_structure,"YAML; top-level keys=name,description,title,labels,body",0,none,none,0,https://github.com/github/spec-kit/blob/d1e86f638277a99b82715c22c90558cd58d3cffd/.github/ISSUE_TEMPLATE/feature_request.yml#L1-L123
14,.github/ISSUE_TEMPLATE/preset_submission.yml,configuration_or_data,6643,198,4F90545E3C63173DE5E18700D9A43C227D90F4900F8D9201A82B18EA3BA25F9A,yaml_structure,"YAML; top-level keys=name,description,title,labels,body",0,none,none,0,https://github.com/github/spec-kit/blob/d1e86f638277a99b82715c22c90558cd58d3cffd/.github/ISSUE_TEMPLATE/preset_submission.yml#L1-L198
15,.github/PULL_REQUEST_TEMPLATE.md,documentation,705,22,C0B1CCBEB36E5E86B3C2B7690EF9A4DDCC185CB7A31A050229240E98D051165D,markdown_structure,Markdown; headings=3; lead=Description | Testing | AI Disclosure,0,none,none,0,https://github.com/github/spec-kit/blob/d1e86f638277a99b82715c22c90558cd58d3cffd/.github/PULL_REQUEST_TEMPLATE.md#L1-L22
16,.github/scripts/check_security_requirements.py,orchestration_asset,3802,124,227254AD751529BE68A430907F75327245E212B81E5EBFBCE8D3237B7FDFA668,python_ast,"Python module; top-level symbols=_dependency_diff_refs,_dependency_inputs_changed,main",5,external_dependency=5,terminal=5,0,https://github.com/github/spec-kit/blob/d1e86f638277a99b82715c22c90558cd58d3cffd/.github/scripts/check_security_requirements.py#L1-L124
17,.github/security-audit-requirements.txt,documentation,18097,254,1DA5E67CC297BD3AFD86F8599500BBF2028F2E586FDD019FE196065E4F703866,text_structure,.txt text; lead=annotated-doc==0.0.5 \,0,none,none,0,https://github.com/github/spec-kit/blob/d1e86f638277a99b82715c22c90558cd58d3cffd/.github/security-audit-requirements.txt#L1-L254
18,.github/skills/add-community-extension/SKILL.md,skill,6678,175,3061DC39DFD4B3488BE5F5D5A02938BFBFD15C80B2EAFC8B9737E394ECE1A3F6,markdown_structure,Markdown; headings=14; lead=Add Community Extension | When to Use | Procedure,1,prose_example=1,terminal=1,0,https://github.com/github/spec-kit/blob/d1e86f638277a99b82715c22c90558cd58d3cffd/.github/skills/add-community-extension/SKILL.md#L1-L175
19,.github/workflows/add-community-bundle.lock.yml,workflow,112012,1747,77AE0B1455350E359289829355997970F596EE08F66E9675B7AF121BD8441950,yaml_structure,"YAML; top-level keys=name,on,permissions,concurrency,run-name,jobs",50,external_dependency=50,terminal=50,0,https://github.com/github/spec-kit/blob/d1e86f638277a99b82715c22c90558cd58d3cffd/.github/workflows/add-community-bundle.lock.yml#L1-L1747
20,.github/workflows/add-community-bundle.md,workflow,9962,289,59F8FC59540F48DB71EC7A59C606C3E9CC9DE68CED5AEC89E42B26C59DBBF44B,markdown_structure,Markdown; headings=16; lead=Add Community Bundle from Issue Submission | Triggering Conditions | Step 1 - Read and Parse the Issue,3,generated_artifact=1;prose_example=1;repository_file=1,resolved=2;terminal=1,0,https://github.com/github/spec-kit/blob/d1e86f638277a99b82715c22c90558cd58d3cffd/.github/workflows/add-community-bundle.md#L1-L289
21,.github/workflows/add-community-extension.lock.yml,workflow,111074,1727,E8CDAD6A6D06065ED8FEC96DB9A768B3C1ED0A3DFD303972FA18949A622F8D76,yaml_structure,"YAML; top-level keys=name,on,permissions,concurrency,run-name,jobs",50,external_dependency=50,terminal=50,0,https://github.com/github/spec-kit/blob/d1e86f638277a99b82715c22c90558cd58d3cffd/.github/workflows/add-community-extension.lock.yml#L1-L1727
22,.github/workflows/add-community-extension.md,workflow,8769,290,92EFA20FDBA35294A1E8F7CEA7D30C76FC37BCC36BCF151EEFF5DA9D9877C80E,markdown_structure,Markdown; headings=22; lead=Add Community Extension from Issue Submission | Triggering Conditions | Step 1 — Read and Parse the Issue,2,generated_artifact=1;prose_example=1,resolved=1;terminal=1,0,https://github.com/github/spec-kit/blob/d1e86f638277a99b82715c22c90558cd58d3cffd/.github/workflows/add-community-extension.md#L1-L290
23,.github/workflows/add-community-preset.lock.yml,workflow,110915,1727,2BEB8D14884D5ECBBE47BBE31BEF70D5005E924395815884B2799FEDF7425727,yaml_structure,"YAML; top-level keys=name,on,permissions,concurrency,run-name,jobs",50,external_dependency=50,terminal=50,0,https://github.com/github/spec-kit/blob/d1e86f638277a99b82715c22c90558cd58d3cffd/.github/workflows/add-community-preset.lock.yml#L1-L1727
24,.github/workflows/add-community-preset.md,workflow,11854,338,6ABE5FA34E6BDE323127E8A7DA5F01960BF16801B5449269BEC585BF752C2189,markdown_structure,Markdown; headings=24; lead=Add Community Preset from Issue Submission | Triggering Conditions | Step 1 — Read and Parse the Issue,2,generated_artifact=1;prose_example=1,resolved=1;terminal=1,0,https://github.com/github/spec-kit/blob/d1e86f638277a99b82715c22c90558cd58d3cffd/.github/workflows/add-community-preset.md#L1-L338
25,.github/workflows/bug-assess.lock.yml,workflow,102874,1623,92AF10840F3BB0DB49267575DA023E542D42DD4AB4B539D3E0152A3A765599F0,yaml_structure,"YAML; top-level keys=name,on,permissions,concurrency,run-name,jobs",46,external_dependency=46,terminal=46,0,https://github.com/github/spec-kit/blob/d1e86f638277a99b82715c22c90558cd58d3cffd/.github/workflows/bug-assess.lock.yml#L1-L1623
26,.github/workflows/bug-assess.md,workflow,9149,240,43AD4BD516DA3302CCF2C2F182E2AA19E4251556D541DD9144121268B148FC37,markdown_structure,Markdown; headings=21; lead=Assess Bug from Labeled Issue | Triggering Conditions | Step 1 — Ingest the Bug Report,1,generated_artifact=1,resolved=1,0,https://github.com/github/spec-kit/blob/d1e86f638277a99b82715c22c90558cd58d3cffd/.github/workflows/bug-assess.md#L1-L240
27,.github/workflows/bug-fix.lock.yml,workflow,110716,1733,8B05C2AF59B8D53E2AB07EE9BA3B53FBA61F031211C6C650F4E4F5FBF8BA6CB8,yaml_structure,"YAML; top-level keys=name,on,permissions,concurrency,run-name,jobs",50,external_dependency=50,terminal=50,0,https://github.com/github/spec-kit/blob/d1e86f638277a99b82715c22c90558cd58d3cffd/.github/workflows/bug-fix.lock.yml#L1-L1733
28,.github/workflows/bug-fix.md,workflow,13521,313,6EE96D3AA1873FCFFCFC56328A4785BB906F325E5FD089E13E1E781053C8094D,markdown_structure,Markdown; headings=13; lead=Fix Bug from Labeled Issue | Triggering Conditions | Step 1 — Locate the Prior Assessment,2,generated_artifact=1;prose_example=1,resolved=1;terminal=1,0,https://github.com/github/spec-kit/blob/d1e86f638277a99b82715c22c90558cd58d3cffd/.github/workflows/bug-fix.md#L1-L313
29,.github/workflows/bug-test.lock.yml,workflow,104272,1645,8567F04AB41523FB5B6BB284FA348A220FD221736743F36E99713036DBBD804A,yaml_structure,"YAML; top-level keys=name,on,permissions,concurrency,run-name,jobs",46,external_dependency=46,terminal=46,0,https://github.com/github/spec-kit/blob/d1e86f638277a99b82715c22c90558cd58d3cffd/.github/workflows/bug-test.lock.yml#L1-L1645
30,.github/workflows/bug-test.md,workflow,14631,345,F5559BEC862DA042CD6F18F3461306C96EBB6118AB1072EDB68579F057492263,markdown_structure,Markdown; headings=18; lead=Test a Bug Fix from a Labeled Issue | Triggering Conditions | Step 1 — Ingest the Issue and Prior Stages,1,generated_artifact=1,resolved=1,0,https://github.com/github/spec-kit/blob/d1e86f638277a99b82715c22c90558cd58d3cffd/.github/workflows/bug-test.md#L1-L345
31,.github/workflows/catalog-assign.yml,workflow,2255,62,4E4C2AAA8F53ACB47AB147980D472F80C133A75E84DE695337FF8F08651F4A5F,yaml_structure,"YAML; top-level keys=name,on,jobs",1,external_dependency=1,terminal=1,0,https://github.com/github/spec-kit/blob/d1e86f638277a99b82715c22c90558cd58d3cffd/.github/workflows/catalog-assign.yml#L1-L62
32,.github/workflows/codeql.yml,workflow,813,33,2E98813C6A51356258591B8D82BE69D4EB510835578413E4BD254BFD61C9F691,yaml_structure,"YAML; top-level keys=name,on,jobs",3,external_dependency=3,terminal=3,0,https://github.com/github/spec-kit/blob/d1e86f638277a99b82715c22c90558cd58d3cffd/.github/workflows/codeql.yml#L1-L33
33,.github/workflows/docs.yml,workflow,1949,70,A0F819BC20D30C809773DE3EF59348B93B6B984D207E724EAF55AF7CEEC83E84,yaml_structure,"YAML; top-level keys=name,on,permissions,concurrency,jobs",5,external_dependency=5,terminal=5,0,https://github.com/github/spec-kit/blob/d1e86f638277a99b82715c22c90558cd58d3cffd/.github/workflows/docs.yml#L1-L70
34,.github/workflows/lint.yml,workflow,2554,70,A8E2E8A992638ADF7582F02657A8BE3A67B088FB9EC3BED3017FD45B714F12FA,yaml_structure,"YAML; top-level keys=name,permissions,on,jobs",3,external_dependency=3,terminal=3,0,https://github.com/github/spec-kit/blob/d1e86f638277a99b82715c22c90558cd58d3cffd/.github/workflows/lint.yml#L1-L70
35,.github/workflows/publish-pypi.yml,workflow,2268,81,BF1AFFC8A027645FC744AFDDAE3AEF00EC25712C9282FCCBC56D8C937D316AD8,yaml_structure,"YAML; top-level keys=name,on,permissions,jobs",6,external_dependency=6,terminal=6,0,https://github.com/github/spec-kit/blob/d1e86f638277a99b82715c22c90558cd58d3cffd/.github/workflows/publish-pypi.yml#L1-L81
36,.github/workflows/RELEASE-PROCESS.md,workflow,6416,192,8AA17F3ED82504EFD237FD2737F7A87A2A175C1EB2EC6D8840D710867F2F37FE,markdown_structure,Markdown; headings=20; lead=Release Process | Overview | Before Creating a Release,0,none,none,0,https://github.com/github/spec-kit/blob/d1e86f638277a99b82715c22c90558cd58d3cffd/.github/workflows/RELEASE-PROCESS.md#L1-L192
37,.github/workflows/release-trigger.yml,workflow,7071,179,3D90110C406AF5E663AE38BFA6B6BC4055E85DBA08E13B7ACAFA27DCF1947478,yaml_structure,"YAML; top-level keys=name,on,jobs",1,external_dependency=1,terminal=1,0,https://github.com/github/spec-kit/blob/d1e86f638277a99b82715c22c90558cd58d3cffd/.github/workflows/release-trigger.yml#L1-L179
38,.github/workflows/release.yml,workflow,2819,89,0CA2AD66D348A8E7C0F3AFA80C92D14421B5E4550B786F8960412D9F37B726A0,yaml_structure,"YAML; top-level keys=name,on,jobs",1,external_dependency=1,terminal=1,0,https://github.com/github/spec-kit/blob/d1e86f638277a99b82715c22c90558cd58d3cffd/.github/workflows/release.yml#L1-L89
39,.github/workflows/security.yml,workflow,3240,79,2B80F481D3C0DF725BAE538E4A92C909364D97238B681DF0C188B09359E764D0,yaml_structure,"YAML; top-level keys=name,permissions,on,jobs",6,external_dependency=6,terminal=6,0,https://github.com/github/spec-kit/blob/d1e86f638277a99b82715c22c90558cd58d3cffd/.github/workflows/security.yml#L1-L79
40,.github/workflows/stale.yml,workflow,1925,44,9CDC830158B9AC59C506F89C64338ECBAE12D9025C0524F882448FA795AC32F1,yaml_structure,"YAML; top-level keys=name,on,permissions,jobs",1,external_dependency=1,terminal=1,0,https://github.com/github/spec-kit/blob/d1e86f638277a99b82715c22c90558cd58d3cffd/.github/workflows/stale.yml#L1-L44
41,.github/workflows/test.yml,workflow,1612,56,1529F471E018A42A6D5720962F9E292961A395C9734184CF7A9C15718BEE9712,yaml_structure,"YAML; top-level keys=name,permissions,on,jobs",6,external_dependency=6,terminal=6,0,https://github.com/github/spec-kit/blob/d1e86f638277a99b82715c22c90558cd58d3cffd/.github/workflows/test.yml#L1-L56
42,.gitignore,source_or_other,890,63,40F47B32E216928C8B50F03755B578043A95784E15F2034B12289D9CCBA600B0,text_structure,extensionless text; lead=# Python,0,none,none,0,https://github.com/github/spec-kit/blob/d1e86f638277a99b82715c22c90558cd58d3cffd/.gitignore#L1-L63
43,.markdownlint-cli2.jsonc,configuration_or_data,482,30,FD3174AA2A7945683B4C51B81D96FB403BB9364C85128292F305CEDB6C6AAB1A,jsonc_parse,"JSONC dict; top-level keys=config,ignores",0,none,none,0,https://github.com/github/spec-kit/blob/d1e86f638277a99b82715c22c90558cd58d3cffd/.markdownlint-cli2.jsonc#L1-L30
44,.pre-commit-config.yaml,configuration_or_data,314,13,ABF05FC95AB601C8EA00BF1837315C097672DB606CF6E3DC92F7E8928EF80E99,yaml_structure,YAML; top-level keys=repos,0,none,none,0,https://github.com/github/spec-kit/blob/d1e86f638277a99b82715c22c90558cd58d3cffd/.pre-commit-config.yaml#L1-L13
45,.specify/memory/constitution.md,documentation,13252,215,93218A57CCDB45D6A6F92F1C949B5131A6D8649EB8F7C005974D3397A2863302,markdown_structure,Markdown; headings=10; lead=Spec Kit Constitution | Core Principles | I. Code Quality & Architectural Discipline,0,none,none,0,https://github.com/github/spec-kit/blob/d1e86f638277a99b82715c22c90558cd58d3cffd/.specify/memory/constitution.md#L1-L215
46,.zenodo.json,configuration_or_data,853,30,AF2E800A43952851AACE57FF7CACFAFA99BB847020F95305ECBFA50C5892FB2E,json_parse,"JSON dict; top-level keys=title,description,creators,license,upload_type,keywords,related_identifiers",0,none,none,0,https://github.com/github/spec-kit/blob/d1e86f638277a99b82715c22c90558cd58d3cffd/.zenodo.json#L1-L30
47,AGENTS.md,agent_instruction,30810,603,E740541B2944BA60E081260154B2EB4F2275BDA0B95212CB9FA9EA6E948A9B1C,markdown_structure,Markdown; headings=54; lead=AGENTS.md | About Spec Kit and Specify | Quickstart — Add a New Integration in 5 Steps,7,external_dependency=1;repository_file=6,resolved=6;terminal=1,0,https://github.com/github/spec-kit/blob/d1e86f638277a99b82715c22c90558cd58d3cffd/AGENTS.md#L1-L603
48,bundles/catalog.community.json,configuration_or_data,1129,36,B556387CFD62722BA054D9ECD696A7BACD6464F299106391B6ED65F5BFFC246F,json_parse,"JSON dict; top-level keys=schema_version,updated_at,catalog_url,bundles",0,none,none,0,https://github.com/github/spec-kit/blob/d1e86f638277a99b82715c22c90558cd58d3cffd/bundles/catalog.community.json#L1-L36
49,CHANGELOG.md,documentation,100827,2526,F3E2D6C9D33C2BDD9236536454FF58CF0B95018D3BC4C5A81C614F299197A070,markdown_structure,Markdown; headings=417; lead=Changelog | [0.15.1] - 2026-07-31 | Changed,0,none,none,0,https://github.com/github/spec-kit/blob/d1e86f638277a99b82715c22c90558cd58d3cffd/CHANGELOG.md#L1-L2526
50,CITATION.cff,source_or_other,959,32,3E5C9371857D9FCF241B401717C56FE96D98D724D00D32981D7B6C4427BA4111,text_structure,.cff text; lead=cff-version: 1.2.0,0,none,none,0,https://github.com/github/spec-kit/blob/d1e86f638277a99b82715c22c90558cd58d3cffd/CITATION.cff#L1-L32
51,CODE_OF_CONDUCT.md,documentation,3233,75,3B90B6C1B812CB0194BB2A98FF8C13D4353F4430937DCE45D3A25BEF069FE507,markdown_structure,Markdown; headings=7; lead=Contributor Covenant Code of Conduct | Our Pledge | Our Standards,2,external_dependency=2,terminal=2,0,https://github.com/github/spec-kit/blob/d1e86f638277a99b82715c22c90558cd58d3cffd/CODE_OF_CONDUCT.md#L1-L75
52,CONTRIBUTING.md,documentation,15113,291,98187B9F054ADD66B0E49E7E52692ED12C06F79B6497269F1C7879ECF92E5CD3,markdown_structure,Markdown; headings=28; lead=Contributing to Spec Kit | Prerequisites for running and testing code | Submitting a pull request,24,external_dependency=13;repository_file=11,resolved=11;terminal=13,0,https://github.com/github/spec-kit/blob/d1e86f638277a99b82715c22c90558cd58d3cffd/CONTRIBUTING.md#L1-L291
53,DEVELOPMENT.md,documentation,2492,25,C9F4458B35F38E052AB305B252EF54ACB7A7984B47CE42286192456EF2F62F9B,markdown_structure,Markdown; headings=1; lead=Development Notes,6,repository_file=6,resolved=6,0,https://github.com/github/spec-kit/blob/d1e86f638277a99b82715c22c90558cd58d3cffd/DEVELOPMENT.md#L1-L25
54,docs/.gitignore,source_or_other,72,9,1BCAF861E7AD4BE27CAFEC340E1FAB63960519464D133E432C1D7E3798F6F4E5,text_structure,extensionless text; lead=# DocFX build output,0,none,none,0,https://github.com/github/spec-kit/blob/d1e86f638277a99b82715c22c90558cd58d3cffd/docs/.gitignore#L1-L9
55,docs/community/bundles.md,documentation,4209,58,0332543BAE3EF3F440763912FFE2413C209A0DE124F1D84507F798BC0E12A6B8,markdown_structure,Markdown; headings=6; lead=Community Bundles | What to Submit | Component Resolution,4,external_dependency=4,terminal=4,0,https://github.com/github/spec-kit/blob/d1e86f638277a99b82715c22c90558cd58d3cffd/docs/community/bundles.md#L1-L58
56,docs/community/extensions.md,documentation,36221,174,B2715E051C817101219865CECF2A4DE34C598A10A2BC723AA6CBDA71F567C851,markdown_structure,Markdown; headings=1; lead=Community Extensions,147,external_dependency=147,terminal=147,0,https://github.com/github/spec-kit/blob/d1e86f638277a99b82715c22c90558cd58d3cffd/docs/community/extensions.md#L1-L174
57,docs/community/friends.md,documentation,3207,21,882C907698FA9CA1A864876A61DD14F2E513B4341069C2E762F6339B64A1A808,markdown_structure,Markdown; headings=1; lead=Community Friends,8,external_dependency=8,terminal=8,0,https://github.com/github/spec-kit/blob/d1e86f638277a99b82715c22c90558cd58d3cffd/docs/community/friends.md#L1-L21
58,docs/community/overview.md,documentation,1427,34,CD078EB0423430EB20645BB68C74B3C85F324E69870AE6E0DB22C5A1C7B7DB40,markdown_structure,Markdown; headings=6; lead=Community | Extensions | Presets,5,repository_file=5,resolved=5,0,https://github.com/github/spec-kit/blob/d1e86f638277a99b82715c22c90558cd58d3cffd/docs/community/overview.md#L1-L34
59,docs/community/presets.md,documentation,11075,41,73B76824B9FE65E84E0F6FA2E9319186E7A61058A4DE89B9DB96AA2ACB6B7F25,markdown_structure,Markdown; headings=1; lead=Community Presets,31,external_dependency=31,terminal=31,0,https://github.com/github/spec-kit/blob/d1e86f638277a99b82715c22c90558cd58d3cffd/docs/community/presets.md#L1-L41
60,docs/community/walkthroughs.md,documentation,3489,21,BAE7FA63E8251EBCCFCB498D9FADE3A67561716621E4C171DBE0888A0580B9AE,markdown_structure,Markdown; headings=1; lead=Community Walkthroughs,7,external_dependency=7,terminal=7,0,https://github.com/github/spec-kit/blob/d1e86f638277a99b82715c22c90558cd58d3cffd/docs/community/walkthroughs.md#L1-L21
61,docs/concepts/complex-features.md,documentation,3363,88,FA0B7411E2E1DC8DD6FEAAD6CC18C75FD21913EB6390E843786BF760BBFCA89F,markdown_structure,Markdown; headings=6; lead=Handling Complex Features | Option 1: Limit How Many Tasks Run Per Invocation | Option 2: Instruct the Agent to Use Sub-Agents,1,repository_file=1,resolved=1,0,https://github.com/github/spec-kit/blob/d1e86f638277a99b82715c22c90558cd58d3cffd/docs/concepts/complex-features.md#L1-L88
62,docs/concepts/sdd.md,documentation,2764,53,269CD82AD469BA53D5F9CBDE4C9087DD92793003DF8C5C2F3320C25BCF19A7A8,markdown_structure,Markdown; headings=8; lead=What is Spec-Driven Development? | Core Philosophy | Development Phases,2,repository_file=2,resolved=2,0,https://github.com/github/spec-kit/blob/d1e86f638277a99b82715c22c90558cd58d3cffd/docs/concepts/sdd.md#L1-L53
63,docs/concepts/spec-of-specs.md,documentation,8496,172,95B067A664D2D3C92C5F9E8D9668DDE7C8FB59834F7DBA8F51605997A854C5AF,markdown_structure,Markdown; headings=11; lead=Spec of Specs | The roadmap pass | The roadmap artifact,2,external_dependency=1;repository_file=1,resolved=1;terminal=1,0,https://github.com/github/spec-kit/blob/d1e86f638277a99b82715c22c90558cd58d3cffd/docs/concepts/spec-of-specs.md#L1-L172
64,docs/concepts/spec-persistence.md,documentation,4638,108,8F532DEFB5AD6019E1E4D839DE8FDB9F70E84A0E6609CF8F7B5E22BCCE0F4CC2,markdown_structure,Markdown; headings=6; lead=Spec Persistence Models | Two Separate Questions | Flow-Back Spec,1,external_dependency=1,terminal=1,0,https://github.com/github/spec-kit/blob/d1e86f638277a99b82715c22c90558cd58d3cffd/docs/concepts/spec-persistence.md#L1-L108
65,docs/docfx.json,configuration_or_data,1620,82,52152A3ABCE4695AC4267E336100411679C974F7CB24BDBC954FB58AC885F9DF,json_parse,JSON dict; top-level keys=build,0,none,none,0,https://github.com/github/spec-kit/blob/d1e86f638277a99b82715c22c90558cd58d3cffd/docs/docfx.json#L1-L82
66,docs/guides/evolving-specs.md,documentation,4381,93,9799F6E02F19EA7EAC53D2482EC2E25BCAF19C718951D83D16D48306938850FC,markdown_structure,Markdown; headings=5; lead=Evolving Specs in Existing Projects | Flow-Forward Spec | Living Spec,2,repository_file=2,resolved=2,0,https://github.com/github/spec-kit/blob/d1e86f638277a99b82715c22c90558cd58d3cffd/docs/guides/evolving-specs.md#L1-L93
67,docs/guides/monorepo.md,documentation,4993,124,EB3F39C296B839B8F7DF1335D737E801798A4D431FFC0A628538CD2600EB8D94,markdown_structure,Markdown; headings=11; lead=Using Spec Kit in a Monorepo | Layout | Working inside a member project,1,repository_file=1,resolved=1,0,https://github.com/github/spec-kit/blob/d1e86f638277a99b82715c22c90558cd58d3cffd/docs/guides/monorepo.md#L1-L124
68,docs/index.md,documentation,5894,159,3B1344A0127F396850BCEBB5326B5230FE712D2110EEC409EE4AB857D4F0C183,markdown_structure,Markdown; headings=7; lead=GitHub Spec Kit | Spec-driven by default | Use any coding agent,2,repository_file=2,resolved=2,0,https://github.com/github/spec-kit/blob/d1e86f638277a99b82715c22c90558cd58d3cffd/docs/index.md#L1-L159
69,docs/install/air-gapped.md,documentation,2114,60,EF4A8A5B5566EC3978CCE34C05F040088A88AC4798970899A93A42861F413A46,markdown_structure,Markdown; headings=9; lead=Enterprise / Air-Gapped Installation | Step 1: Build the wheel on a connected machine | Clone the repository,0,none,none,0,https://github.com/github/spec-kit/blob/d1e86f638277a99b82715c22c90558cd58d3cffd/docs/install/air-gapped.md#L1-L60
70,docs/install/one-time.md,documentation,1374,34,1A128E9FDB0D75BE4BC9B48740C68F3EB3729385F92F71237B52AD5864F3A660,markdown_structure,Markdown; headings=8; lead=One-time Usage (uvx) | Run Specify CLI | Create a new project (latest from main),3,external_dependency=1;repository_file=2,resolved=2;terminal=1,0,https://github.com/github/spec-kit/blob/d1e86f638277a99b82715c22c90558cd58d3cffd/docs/install/one-time.md#L1-L34
71,docs/install/pipx.md,documentation,950,39,845F76BB308861871CE4608A7FA9DEA58FE2E4ADBB68D1379C5D4834ECB2E0F2,markdown_structure,Markdown; headings=9; lead=Installing with pipx | Install Specify CLI | Install a specific stable release (recommended — replace vX.Y.Z with the,4,external_dependency=3;repository_file=1,resolved=1;terminal=3,0,https://github.com/github/spec-kit/blob/d1e86f638277a99b82715c22c90558cd58d3cffd/docs/install/pipx.md#L1-L39
72,docs/install/pypi.md,documentation,3196,84,D4DFD623FAB6DAC3911C2B6990B5D2D8D3EB5D8E90BA7729980516C79682ADC6,markdown_structure,Markdown; headings=20; lead=Installing from PyPI | Install Specify CLI | Using uv (recommended),7,external_dependency=4;repository_file=3,resolved=3;terminal=4,0,https://github.com/github/spec-kit/blob/d1e86f638277a99b82715c22c90558cd58d3cffd/docs/install/pypi.md#L1-L84
73,docs/install/uv.md,documentation,1526,61,BC1DF5E89C9548FAE683EB3B4E19B4E93B6C352032F93005F42D7CBC122CEE6D,markdown_structure,Markdown; headings=9; lead=Installing uv | Installation | macOS and Linux — Standalone Installer,4,external_dependency=3;repository_file=1,resolved=1;terminal=3,0,https://github.com/github/spec-kit/blob/d1e86f638277a99b82715c22c90558cd58d3cffd/docs/install/uv.md#L1-L61
74,docs/installation.md,documentation,6626,146,6BB0FEA12B9350269D63162168E890EB371A2A691D7E902A0D9B5998B4140AF0,markdown_structure,Markdown; headings=17; lead=Installation Guide | Prerequisites | Installation,25,external_dependency=16;repository_file=9,resolved=9;terminal=16,0,https://github.com/github/spec-kit/blob/d1e86f638277a99b82715c22c90558cd58d3cffd/docs/installation.md#L1-L146
75,docs/local-development.md,documentation,6119,200,032645A292DE423D6CF06928BDAA78259DC35B37F2ABC7F170DAAD5E2DA642B9,markdown_structure,Markdown; headings=24; lead=Local Development Guide | 1. Clone and Switch Branches | Work on a feature branch,0,none,none,0,https://github.com/github/spec-kit/blob/d1e86f638277a99b82715c22c90558cd58d3cffd/docs/local-development.md#L1-L200
76,docs/quickstart.md,documentation,6364,141,000F50FD14FC71FA77BDF6D0380C8D565056E9DDE9E731A650931AF575C4EFEF,markdown_structure,Markdown; headings=14; lead=Quick Start Guide | Recommended Process | Install Specify,7,external_dependency=3;repository_file=4,resolved=4;terminal=3,0,https://github.com/github/spec-kit/blob/d1e86f638277a99b82715c22c90558cd58d3cffd/docs/quickstart.md#L1-L141
77,docs/README.md,documentation,899,36,89BE3CCB208C8DDED19D9E6909D70F91A2B38B6DD5D3E79D5057B5E4337A7199,markdown_structure,Markdown; headings=4; lead=Documentation | Building Locally | Structure,1,external_dependency=1,terminal=1,0,https://github.com/github/spec-kit/blob/d1e86f638277a99b82715c22c90558cd58d3cffd/docs/README.md#L1-L36
78,docs/reference/agentic-bugfix.md,documentation,2754,53,1585DB643374EBDEC28D26666CE0B5C18C8532C04E23A38AECE726DD77B2F0B5,markdown_structure,Markdown; headings=4; lead=Agentic Bug Fix | `/speckit.bug.assess` | `/speckit.bug.fix`,1,repository_file=1,resolved=1,0,https://github.com/github/spec-kit/blob/d1e86f638277a99b82715c22c90558cd58d3cffd/docs/reference/agentic-bugfix.md#L1-L53
79,docs/reference/agentic-sdd.md,documentation,6909,116,AD95DE2FFADDC28C37CA634AC6C1FBE166C02C45499930210697C4AE3C8380DE,markdown_structure,Markdown; headings=10; lead=Agentic SDD | `/speckit.constitution` | `/speckit.specify`,3,repository_file=3,resolved=3,0,https://github.com/github/spec-kit/blob/d1e86f638277a99b82715c22c90558cd58d3cffd/docs/reference/agentic-sdd.md#L1-L116
80,docs/reference/authentication.md,documentation,5874,209,6EE583AFFD3AED4B0768699437A02FDB9FC728E925638D56DE139D48BD8A978A,markdown_structure,Markdown; headings=11; lead=Authentication | Configuration | Fields,0,none,none,0,https://github.com/github/spec-kit/blob/d1e86f638277a99b82715c22c90558cd58d3cffd/docs/reference/authentication.md#L1-L209
81,docs/reference/bundles.md,documentation,10117,164,1A7283663E7065052D78EE0AD5C74441A835EF4303A4197EBFA18D25F39A80DC,markdown_structure,Markdown; headings=15; lead=Bundles | Search Available Bundles | Bundle Info,1,external_dependency=1,terminal=1,0,https://github.com/github/spec-kit/blob/d1e86f638277a99b82715c22c90558cd58d3cffd/docs/reference/bundles.md#L1-L164
82,docs/reference/core.md,documentation,6093,95,9FF68240A1EBB291E647A17F61B5E20FAB15A33E3BD69C311BD9EE617BAD87C6,markdown_structure,Markdown; headings=11; lead=Core Commands | Initialize a Project | Examples,1,repository_file=1,resolved=1,0,https://github.com/github/spec-kit/blob/d1e86f638277a99b82715c22c90558cd58d3cffd/docs/reference/core.md#L1-L95
83,docs/reference/extensions.md,documentation,10413,262,1738C92F59F1C2457074D29884013E8A205144ED8F9CBE13268796DD626F87C0,markdown_structure,Markdown; headings=23; lead=Extensions | Search Available Extensions | Install an Extension,1,repository_file=1,resolved=1,0,https://github.com/github/spec-kit/blob/d1e86f638277a99b82715c22c90558cd58d3cffd/docs/reference/extensions.md#L1-L262
84,docs/reference/integrations.md,documentation,28364,320,F45974CCE53697F7686E2533939E64E8F8922C4144263D2103DEC93D210B986F,markdown_structure,Markdown; headings=26; lead=Supported AI Coding Agent Integrations | Supported AI Coding Agents | List Available Integrations,40,external_dependency=39;repository_file=1,resolved=1;terminal=39,0,https://github.com/github/spec-kit/blob/d1e86f638277a99b82715c22c90558cd58d3cffd/docs/reference/integrations.md#L1-L320
85,docs/reference/overview.md,documentation,3376,56,3CEAF0ACFCDB3C3B980CA34832834BE5ED1D968A90C2B897B50A2AD07F011150,markdown_structure,Markdown; headings=10; lead=Reference | Core Commands | Integrations,8,repository_file=8,resolved=8,0,https://github.com/github/spec-kit/blob/d1e86f638277a99b82715c22c90558cd58d3cffd/docs/reference/overview.md#L1-L56
86,docs/reference/presets.md,documentation,9681,225,147922F90CA611E94A766D7493DF5134EEB053981A6C78222A6B923DCFF49E2C,markdown_structure,Markdown; headings=23; lead=Presets | Search Available Presets | Install a Preset,0,none,none,0,https://github.com/github/spec-kit/blob/d1e86f638277a99b82715c22c90558cd58d3cffd/docs/reference/presets.md#L1-L225
87,docs/reference/workflows.md,documentation,25345,652,23443637A08A0C3610B52578916B57DAEBC3675CED8472A269ACF53F33E2C0B0,markdown_structure,Markdown; headings=44; lead=Workflows | Run a Workflow | Resume a Workflow,0,none,none,0,https://github.com/github/spec-kit/blob/d1e86f638277a99b82715c22c90558cd58d3cffd/docs/reference/workflows.md#L1-L652
88,docs/template/public/main.css,orchestration_asset,6092,265,F775A4FFBAA5FA2CD0D3AFF9987AF54D4AB9D877DA48879882FE51F85B934F91,text_structure,.css text; lead=/* Spec Kit landing page — GitHub Primer colors */,0,none,none,0,https://github.com/github/spec-kit/blob/d1e86f638277a99b82715c22c90558cd58d3cffd/docs/template/public/main.css#L1-L265
89,docs/toc.yml,configuration_or_data,2131,87,386257860E9A911AE93C246448ED5002F5F18521404EF56A460132B7B31F4EFC,yaml_structure,YAML; top-level keys=none,0,none,none,0,https://github.com/github/spec-kit/blob/d1e86f638277a99b82715c22c90558cd58d3cffd/docs/toc.yml#L1-L87
90,docs/upgrade.md,documentation,22217,551,37B3E4078D7E18343AC75D8EA15FB08765C93DAF4AAC98F037BA8797DCA4D396,markdown_structure,Markdown; headings=71; lead=Upgrade Guide | Quick Reference | Part 1: Upgrade the CLI Tool,6,external_dependency=4;repository_file=2,resolved=2;terminal=4,0,https://github.com/github/spec-kit/blob/d1e86f638277a99b82715c22c90558cd58d3cffd/docs/upgrade.md#L1-L551
91,examples/bundles/business-analyst/bundle.yml,configuration_or_data,763,34,C5005AF4309AE7FEA355E581D2622D6843EFD57FE510E42BAE6B93089E346DC0,yaml_structure,"YAML; top-level keys=schema_version,bundle,requires,provides,tags",5,broken=4;executable=1,confirmed_broken=4;resolved=1,4,https://github.com/github/spec-kit/blob/d1e86f638277a99b82715c22c90558cd58d3cffd/examples/bundles/business-analyst/bundle.yml#L1-L34
92,examples/bundles/business-analyst/README.md,documentation,774,23,24EC6A0049F50C946B179E7906BD201356F8682044CBAE7D8F5E8808B58FDA09,markdown_structure,Markdown; headings=3; lead=Business Analyst bundle | What it installs | Usage,0,none,none,0,https://github.com/github/spec-kit/blob/d1e86f638277a99b82715c22c90558cd58d3cffd/examples/bundles/business-analyst/README.md#L1-L23
93,examples/bundles/developer/bundle.yml,configuration_or_data,723,34,905DDE43267003DEC6EDD68998A9C99F03D3EDB57A1DF3D77906936161B39279,yaml_structure,"YAML; top-level keys=schema_version,bundle,requires,provides,tags",5,broken=4;executable=1,confirmed_broken=4;resolved=1,4,https://github.com/github/spec-kit/blob/d1e86f638277a99b82715c22c90558cd58d3cffd/examples/bundles/developer/bundle.yml#L1-L34
94,examples/bundles/developer/README.md,documentation,712,23,9A81B1B5E6047C36B00C0651A9848DBE04758EB36EE9E7D83D0B8C66842F4641,markdown_structure,Markdown; headings=3; lead=Developer bundle | What it installs | Usage,0,none,none,0,https://github.com/github/spec-kit/blob/d1e86f638277a99b82715c22c90558cd58d3cffd/examples/bundles/developer/README.md#L1-L23
95,examples/bundles/product-manager/bundle.yml,configuration_or_data,761,36,EF7123F1A4DC82CA19F2E0D46BB12DD90845E7F6B4EC85607159C85FD3360164,yaml_structure,"YAML; top-level keys=schema_version,bundle,requires,provides,tags",5,broken=4;executable=1,confirmed_broken=4;resolved=1,4,https://github.com/github/spec-kit/blob/d1e86f638277a99b82715c22c90558cd58d3cffd/examples/bundles/product-manager/bundle.yml#L1-L36
96,examples/bundles/product-manager/README.md,documentation,806,23,800F74CDC60F53816FD8BBA6175246120A1F335BCFEF1A433CDF0CD3B7EA717B,markdown_structure,Markdown; headings=3; lead=Product Manager bundle | What it installs | Usage,0,none,none,0,https://github.com/github/spec-kit/blob/d1e86f638277a99b82715c22c90558cd58d3cffd/examples/bundles/product-manager/README.md#L1-L23
97,examples/bundles/security-researcher/bundle.yml,configuration_or_data,734,34,A1299D23E89DD8462A63A6827340B49817A514FA96E67959BDFEBC8D8700EE6E,yaml_structure,"YAML; top-level keys=schema_version,bundle,requires,provides,tags",5,broken=4;executable=1,confirmed_broken=4;resolved=1,4,https://github.com/github/spec-kit/blob/d1e86f638277a99b82715c22c90558cd58d3cffd/examples/bundles/security-researcher/bundle.yml#L1-L34
98,examples/bundles/security-researcher/README.md,documentation,844,24,29ECCAF4CFAA70A4F66B185D68795F33BF988D184BB5578E84A3008756A474E6,markdown_structure,Markdown; headings=3; lead=Security Researcher bundle | What it installs | Usage,0,none,none,0,https://github.com/github/spec-kit/blob/d1e86f638277a99b82715c22c90558cd58d3cffd/examples/bundles/security-researcher/README.md#L1-L24
99,extensions/agent-context/agent-context-config.yml,plugin_or_adapter,1434,25,3964D21A0AEB3568A6622EDCC40522697EF8DFC14B6212D76BBADFE62840265C,yaml_structure,"YAML; top-level keys=context_file,context_files,context_markers",0,none,none,0,https://github.com/github/spec-kit/blob/d1e86f638277a99b82715c22c90558cd58d3cffd/extensions/agent-context/agent-context-config.yml#L1-L25
100,extensions/agent-context/agent-context-defaults.json,plugin_or_adapter,1548,43,45CB08E823C0CB5FFED770D8CC9C18FA706A1519F20C1D12B031A66F55AE8311,json_parse,"JSON dict; top-level keys=_comment,agents",0,none,none,0,https://github.com/github/spec-kit/blob/d1e86f638277a99b82715c22c90558cd58d3cffd/extensions/agent-context/agent-context-defaults.json#L1-L43
101,extensions/agent-context/commands/speckit.agent-context.update.md,plugin_or_adapter,1766,28,215E3DF01BAFD18E051E31FBB05C5B4986879A3B00127865C62ADAEC0785EA6D,markdown_structure,Markdown; headings=3; lead=Update Coding Agent Context | Behavior | Execution,0,none,none,0,https://github.com/github/spec-kit/blob/d1e86f638277a99b82715c22c90558cd58d3cffd/extensions/agent-context/commands/speckit.agent-context.update.md#L1-L28
102,extensions/agent-context/extension.yml,plugin_or_adapter,932,35,9A1DC02D2D0139BB03860392ECACEF79183BE2C442FEDA2F9CCAA4E5907B1E47,yaml_structure,"YAML; top-level keys=schema_version,extension,requires,provides,hooks,tags",0,none,none,0,https://github.com/github/spec-kit/blob/d1e86f638277a99b82715c22c90558cd58d3cffd/extensions/agent-context/extension.yml#L1-L35
103,extensions/agent-context/README.md,plugin_or_adapter,4030,64,A156F3E8683E3763EA0D5EDF91A7663B566D396692621D7FB663971F499DFCF7,markdown_structure,Markdown; headings=10; lead=Coding Agent Context Extension | Why an extension? | Installation,4,external_dependency=1;repository_file=3,resolved=3;terminal=1,0,https://github.com/github/spec-kit/blob/d1e86f638277a99b82715c22c90558cd58d3cffd/extensions/agent-context/README.md#L1-L64
104,extensions/agent-context/scripts/bash/update-agent-context.sh,plugin_or_adapter,15961,454,356BA4508AB6AB47AF23B9AD945E8A5730B8289289D896CFE234EBA055A9602E,script_structure,sh script; functions=none; lead=#!/usr/bin/env bash,0,none,none,0,https://github.com/github/spec-kit/blob/d1e86f638277a99b82715c22c90558cd58d3cffd/extensions/agent-context/scripts/bash/update-agent-context.sh#L1-L454
105,extensions/agent-context/scripts/powershell/update-agent-context.ps1,plugin_or_adapter,20296,510,75DD50B5070728560926F47A3238E4203EFA79DA63131B97815ADFFDA9236B7A,script_structure,"ps1 script; functions=Add-MdcFrontmatter,Get-ConfigValue,Test-ConfigObject,Resolve-ContextPath,Test-IsSubPath; lead=#!/usr/bin/env pwsh",0,none,none,0,https://github.com/github/spec-kit/blob/d1e86f638277a99b82715c22c90558cd58d3cffd/extensions/agent-context/scripts/powershell/update-agent-context.ps1#L1-L510
106,extensions/agent-context/scripts/python/update_agent_context.py,plugin_or_adapter,13027,354,1D16A1592BBCA61D1A03EE09076ED8BF7C4EEDD1762140372176F06A1EC69A0F,python_ast,"Python module; top-level symbols=_err,_get_str,_collect_context_files,_validate_context_file,_resolve_plan_path,_build_section,ensure_mdc_frontmatter,_upsert_section,main",7,external_dependency=7,terminal=7,0,https://github.com/github/spec-kit/blob/d1e86f638277a99b82715c22c90558cd58d3cffd/extensions/agent-context/scripts/python/update_agent_context.py#L1-L354
107,extensions/assess/commands/speckit.assess.decide.md,plugin_or_adapter,7226,98,3E427C50C90646BCD9CA590F889633BA7D16CB4880FFE9C6CA1DF59C461638D4,markdown_structure,"Markdown; headings=10; lead=Decide: Go, Clarify, or Kill | User Input | Prerequisites",0,none,none,0,https://github.com/github/spec-kit/blob/d1e86f638277a99b82715c22c90558cd58d3cffd/extensions/assess/commands/speckit.assess.decide.md#L1-L98
108,extensions/assess/commands/speckit.assess.define.md,plugin_or_adapter,5761,86,CD75D8A4839EFB189F1209BBB0D33A52FF0977742D1DE8D6F8DAF3E8BB4B043B,markdown_structure,Markdown; headings=13; lead=Define the Problem | User Input | Prerequisites,0,none,none,0,https://github.com/github/spec-kit/blob/d1e86f638277a99b82715c22c90558cd58d3cffd/extensions/assess/commands/speckit.assess.define.md#L1-L86
109,extensions/assess/commands/speckit.assess.intake.md,plugin_or_adapter,11253,121,E3D76BEF113C041F28232F6D3BA37403D409E4A04671D0838FAE74C6DEDFE759,markdown_structure,Markdown; headings=8; lead=Intake an Idea | User Input | Slug Resolution,0,none,none,0,https://github.com/github/spec-kit/blob/d1e86f638277a99b82715c22c90558cd58d3cffd/extensions/assess/commands/speckit.assess.intake.md#L1-L121
110,extensions/assess/commands/speckit.assess.research.md,plugin_or_adapter,7761,103,200DD254ABFDB7CC93BED47A6FAC9CA9AE0F01BB3F247FE3D73C3FD581245BDD,markdown_structure,Markdown; headings=14; lead=Research an Idea | User Input | Prerequisites,0,none,none,0,https://github.com/github/spec-kit/blob/d1e86f638277a99b82715c22c90558cd58d3cffd/extensions/assess/commands/speckit.assess.research.md#L1-L103
111,extensions/assess/commands/speckit.assess.shape.md,plugin_or_adapter,5635,83,6C2FD8C1687AC5B1E02891BCAF5C83F5AC408BD391B6DD7CFE09AD82272179AB,markdown_structure,Markdown; headings=13; lead=Shape a Concept | User Input | Prerequisites,0,none,none,0,https://github.com/github/spec-kit/blob/d1e86f638277a99b82715c22c90558cd58d3cffd/extensions/assess/commands/speckit.assess.shape.md#L1-L83
112,extensions/assess/extension.yml,plugin_or_adapter,1556,41,6EBA1FFBC264C7AA43E31B34303A8312DDAD5B979772D2785C808179B402D9F2,yaml_structure,"YAML; top-level keys=schema_version,extension,requires,provides,tags",0,none,none,0,https://github.com/github/spec-kit/blob/d1e86f638277a99b82715c22c90558cd58d3cffd/extensions/assess/extension.yml#L1-L41
113,extensions/assess/README.md,plugin_or_adapter,6695,106,3E6BF0A152FD64C0BB1546102DAAECEC7B6FAA518F77E5B482DAF28E26C61DDA,markdown_structure,Markdown; headings=16; lead=Idea Assessment Pipeline Extension | Overview | Commands,0,none,none,0,https://github.com/github/spec-kit/blob/d1e86f638277a99b82715c22c90558cd58d3cffd/extensions/assess/README.md#L1-L106
114,extensions/bug/commands/speckit.bug.assess.md,plugin_or_adapter,9695,174,6786963D1F89D129E63AC60E570AD28702D59813455FC95284D2FACC1EB6B52F,markdown_structure,Markdown; headings=8; lead=Assess Bug | User Input | Slug Resolution,0,none,none,0,https://github.com/github/spec-kit/blob/d1e86f638277a99b82715c22c90558cd58d3cffd/extensions/bug/commands/speckit.bug.assess.md#L1-L174
115,extensions/bug/commands/speckit.bug.fix.md,plugin_or_adapter,5290,113,DF8B28B3687617FA883998D060E5402A2BAABD34023BEF3D1FBCDE9E014C5BF6,markdown_structure,Markdown; headings=6; lead=Fix Bug | User Input | Slug Resolution,0,none,none,0,https://github.com/github/spec-kit/blob/d1e86f638277a99b82715c22c90558cd58d3cffd/extensions/bug/commands/speckit.bug.fix.md#L1-L113
116,extensions/bug/commands/speckit.bug.test.md,plugin_or_adapter,5518,118,AC2AB5542B0A9B098AF75BAAD0B23B49E3763B8893EDA8497BF234FB5A0DF2FF,markdown_structure,Markdown; headings=6; lead=Test Bug Fix | User Input | Slug Resolution,0,none,none,0,https://github.com/github/spec-kit/blob/d1e86f638277a99b82715c22c90558cd58d3cffd/extensions/bug/commands/speckit.bug.test.md#L1-L118
117,extensions/bug/extension.yml,plugin_or_adapter,975,32,1D0DA5458F3C18FF08CF1602D88CECC33FAD07068208951FB7128090CFA90C90,yaml_structure,"YAML; top-level keys=schema_version,extension,requires,provides,tags",0,none,none,0,https://github.com/github/spec-kit/blob/d1e86f638277a99b82715c22c90558cd58d3cffd/extensions/bug/extension.yml#L1-L32
118,extensions/bug/README.md,plugin_or_adapter,3759,81,5E5F966DDD45714CE547B526E94C45A69EE2946F3D873916BA0148418DE106BA,markdown_structure,Markdown; headings=16; lead=Bug Triage Workflow Extension | Overview | Commands,0,none,none,0,https://github.com/github/spec-kit/blob/d1e86f638277a99b82715c22c90558cd58d3cffd/extensions/bug/README.md#L1-L81
119,extensions/catalog.community.json,plugin_or_adapter,184048,5208,FFEB3EB0846D6CD1D73E2ABA245287529479FFB0521A3E8EB5957DBB5D169EB9,json_parse,"JSON dict; top-level keys=schema_version,updated_at,catalog_url,extensions",0,none,none,0,https://github.com/github/spec-kit/blob/d1e86f638277a99b82715c22c90558cd58d3cffd/extensions/catalog.community.json#L1-L5208
120,extensions/catalog.json,plugin_or_adapter,2131,68,D1FA9C6748183F4D011BDF78734F2D6429EA67925791CC834223AC3FD015259C,json_parse,"JSON dict; top-level keys=schema_version,updated_at,catalog_url,extensions",0,none,none,0,https://github.com/github/spec-kit/blob/d1e86f638277a99b82715c22c90558cd58d3cffd/extensions/catalog.json#L1-L68
121,extensions/EXTENSION-API-REFERENCE.md,plugin_or_adapter,20910,859,FC909553C094DF2FD6024FA28F74C5B0053BE32498B0FB44F66D5DF44C0FB757,markdown_structure,Markdown; headings=95; lead=Extension API Reference | Table of Contents | Extension Manifest,6,repository_file=6,resolved=6,0,https://github.com/github/spec-kit/blob/d1e86f638277a99b82715c22c90558cd58d3cffd/extensions/EXTENSION-API-REFERENCE.md#L1-L859
122,extensions/EXTENSION-DEVELOPMENT-GUIDE.md,plugin_or_adapter,21015,773,18B531D2E20C7D5743822A696A9AB3BB34838FC364230DB606F03F7554FC4987,markdown_structure,Markdown; headings=88; lead=Extension Development Guide | Quick Start | 1. Create Extension Directory,6,external_dependency=2;repository_file=4,resolved=4;terminal=2,0,https://github.com/github/spec-kit/blob/d1e86f638277a99b82715c22c90558cd58d3cffd/extensions/EXTENSION-DEVELOPMENT-GUIDE.md#L1-L773
123,extensions/EXTENSION-PUBLISHING-GUIDE.md,plugin_or_adapter,11324,367,25000EA3413B391C1725D2675BB8D7F3704D157C1B2368AE5C78749484AD8139,markdown_structure,Markdown; headings=42; lead=Extension Publishing Guide | Table of Contents | Prerequisites,10,external_dependency=4;repository_file=6,resolved=6;terminal=4,0,https://github.com/github/spec-kit/blob/d1e86f638277a99b82715c22c90558cd58d3cffd/extensions/EXTENSION-PUBLISHING-GUIDE.md#L1-L367
124,extensions/EXTENSION-USER-GUIDE.md,plugin_or_adapter,26088,1026,A4767FACCA660AC3EAC08765F91ABA2CAFB9BCA8ABADA20323E58631F87D26CE,markdown_structure,Markdown; headings=154; lead=Extension User Guide | Table of Contents | Introduction,10,external_dependency=1;repository_file=9,resolved=9;terminal=1,0,https://github.com/github/spec-kit/blob/d1e86f638277a99b82715c22c90558cd58d3cffd/extensions/EXTENSION-USER-GUIDE.md#L1-L1026
125,extensions/git/commands/speckit.git.commit.md,plugin_or_adapter,3722,64,8E6826F161365DC9C738F006D64103D967CAF3EE6502DFE756BFB9FF51BE3D71,markdown_structure,Markdown; headings=8; lead=Auto-Commit Changes | Behavior | Commit Message Styles,1,external_dependency=1,terminal=1,0,https://github.com/github/spec-kit/blob/d1e86f638277a99b82715c22c90558cd58d3cffd/extensions/git/commands/speckit.git.commit.md#L1-L64
126,extensions/git/commands/speckit.git.feature.md,plugin_or_adapter,4548,83,F8DEC57042B3E477DAE7C896BD8515CC7F5806CE9D9898445FA9F4445F660FF2,markdown_structure,Markdown; headings=9; lead=Create Feature Branch | User Input | Environment Variable Override,0,none,none,0,https://github.com/github/spec-kit/blob/d1e86f638277a99b82715c22c90558cd58d3cffd/extensions/git/commands/speckit.git.feature.md#L1-L83
127,extensions/git/commands/speckit.git.initialize.md,plugin_or_adapter,1570,50,D89E32EC18B3305B8D00AC64069B67B80110074B8B6BD65EDE1EA522BAA25493,markdown_structure,Markdown; headings=5; lead=Initialize Git Repository | Execution | Customization,0,none,none,0,https://github.com/github/spec-kit/blob/d1e86f638277a99b82715c22c90558cd58d3cffd/extensions/git/commands/speckit.git.initialize.md#L1-L50
128,extensions/git/commands/speckit.git.remote.md,plugin_or_adapter,1396,46,00397AFF45BF00D3111B4F162E4220FD5A9020E72E4AFE9179859C21BCD8AAC3,markdown_structure,Markdown; headings=5; lead=Detect Git Remote URL | Prerequisites | Execution,0,none,none,0,https://github.com/github/spec-kit/blob/d1e86f638277a99b82715c22c90558cd58d3cffd/extensions/git/commands/speckit.git.remote.md#L1-L46
129,extensions/git/commands/speckit.git.validate.md,plugin_or_adapter,1993,50,FA5FDBED9B3FA5ECC55091EE3043A6543F3BFFCF4F454EE38AA6C488C9706174,markdown_structure,Markdown; headings=5; lead=Validate Feature Branch | Prerequisites | Validation Rules,0,none,none,0,https://github.com/github/spec-kit/blob/d1e86f638277a99b82715c22c90558cd58d3cffd/extensions/git/commands/speckit.git.validate.md#L1-L50
130,extensions/git/config-template.yml,plugin_or_adapter,2838,80,7451B7FCC96F368DE7536F66E1CAAA84525C7573B6B3C241E41561374167CAB3,yaml_structure,"YAML; top-level keys=branch_numbering,branch_template,branch_prefix,init_commit_message,commit_style,auto_commit",0,none,none,0,https://github.com/github/spec-kit/blob/d1e86f638277a99b82715c22c90558cd58d3cffd/extensions/git/config-template.yml#L1-L80
131,extensions/git/extension.yml,plugin_or_adapter,4652,143,89711DEC9716473FBA4AFC54F7224BCB28EBD3C55FB5AAA30DF854AB02B07A75,yaml_structure,"YAML; top-level keys=schema_version,extension,requires,provides,hooks,tags,config",0,none,none,0,https://github.com/github/spec-kit/blob/d1e86f638277a99b82715c22c90558cd58d3cffd/extensions/git/extension.yml#L1-L143
132,extensions/git/git-config.yml,plugin_or_adapter,2838,80,7451B7FCC96F368DE7536F66E1CAAA84525C7573B6B3C241E41561374167CAB3,yaml_structure,"YAML; top-level keys=branch_numbering,branch_template,branch_prefix,init_commit_message,commit_style,auto_commit",0,none,none,0,https://github.com/github/spec-kit/blob/d1e86f638277a99b82715c22c90558cd58d3cffd/extensions/git/git-config.yml#L1-L80
133,extensions/git/README.md,plugin_or_adapter,5819,120,A2957D9756920058E20ADF108DC9754FC3F31519DCBDFE3559F08F95D489F66C,markdown_structure,Markdown; headings=25; lead=Git Branching Workflow Extension | Overview | Commands,0,none,none,0,https://github.com/github/spec-kit/blob/d1e86f638277a99b82715c22c90558cd58d3cffd/extensions/git/README.md#L1-L120
134,extensions/git/scripts/bash/auto-commit.sh,plugin_or_adapter,8372,212,351BAA7F4F0ECDFB281790EF223F8981A587EC8A2582C013824B1BCFC6039869,script_structure,sh script; functions=_find_project_root; lead=#!/usr/bin/env bash,0,none,none,0,https://github.com/github/spec-kit/blob/d1e86f638277a99b82715c22c90558cd58d3cffd/extensions/git/scripts/bash/auto-commit.sh#L1-L212
135,extensions/git/scripts/bash/create-new-feature-branch.sh,plugin_or_adapter,22923,627,97CF69201A20BF2F5AD5DAA455BECB55BE24D19753057FF74E49460864D62851,script_structure,"sh script; functions=get_highest_from_specs,get_highest_from_branches,_extract_highest_number,get_highest_from_remote_refs,check_existing_branches,clean_branch_name,_find_project_root,read_git_config_value,branch_token,get_author_token,get_app_token,resolve_branch_template; lead=#!/usr/bin/env bash",3,prose_example=3,terminal=3,0,https://github.com/github/spec-kit/blob/d1e86f638277a99b82715c22c90558cd58d3cffd/extensions/git/scripts/bash/create-new-feature-branch.sh#L1-L627
136,extensions/git/scripts/bash/git-common.sh,plugin_or_adapter,2373,57,A27B59FE3D6DFC36F58754E4AD98FB65D010D0FC3B61D1D2EE5EE809588C0CA0,script_structure,"sh script; functions=has_git,spec_kit_effective_branch_name,check_feature_branch; lead=#!/usr/bin/env bash",0,none,none,0,https://github.com/github/spec-kit/blob/d1e86f638277a99b82715c22c90558cd58d3cffd/extensions/git/scripts/bash/git-common.sh#L1-L57
137,extensions/git/scripts/bash/initialize-repo.sh,plugin_or_adapter,1824,55,19F1A8BCB591D988A516BD661F9DA7029B5A6F265AB27A769D390099104D0763,script_structure,sh script; functions=_find_project_root; lead=#!/usr/bin/env bash,0,none,none,0,https://github.com/github/spec-kit/blob/d1e86f638277a99b82715c22c90558cd58d3cffd/extensions/git/scripts/bash/initialize-repo.sh#L1-L55
138,extensions/git/scripts/powershell/auto-commit.ps1,plugin_or_adapter,8246,231,79208EFFA0941B0E9289D014FDC33D9087159699B0D42C73CC585279DBD05A4E,script_structure,ps1 script; functions=Find-ProjectRoot; lead=#!/usr/bin/env pwsh,0,none,none,0,https://github.com/github/spec-kit/blob/d1e86f638277a99b82715c22c90558cd58d3cffd/extensions/git/scripts/powershell/auto-commit.ps1#L1-L231
139,extensions/git/scripts/powershell/create-new-feature-branch.ps1,plugin_or_adapter,22940,593,DCB8DD6230425BE4D37A183E93F603F912D44DF9A3B85B82443EEA73FCEE0CF9,script_structure,"ps1 script; functions=Get-HighestNumberFromSpecs,Get-HighestNumberFromNames,Get-HighestNumberFromBranches,Get-HighestNumberFromRemoteRefs,Get-NextBranchNumber,ConvertTo-CleanBranchName,Find-ProjectRoot,Read-GitConfigValue,ConvertTo-BranchToken,Get-GitAuthorToken,Get-AppToken,Resolve-BranchTemplate; lead=#!/usr/bin/env pwsh",0,none,none,0,https://github.com/github/spec-kit/blob/d1e86f638277a99b82715c22c90558cd58d3cffd/extensions/git/scripts/powershell/create-new-feature-branch.ps1#L1-L593
140,extensions/git/scripts/powershell/git-common.ps1,plugin_or_adapter,1952,53,04CD6527418AD5C04632B368342AD66915988BF8A35E2CB84D09DBD5378DAAAF,script_structure,"ps1 script; functions=Test-HasGit,Get-SpecKitEffectiveBranchName,Test-FeatureBranch; lead=#!/usr/bin/env pwsh",0,none,none,0,https://github.com/github/spec-kit/blob/d1e86f638277a99b82715c22c90558cd58d3cffd/extensions/git/scripts/powershell/git-common.ps1#L1-L53
141,extensions/git/scripts/powershell/initialize-repo.ps1,plugin_or_adapter,2199,70,DB2AAA27E4BCE62EDE09D00D94EB42BEAF272F4DCDDD39732B311DE28B4F19A1,script_structure,ps1 script; functions=Find-ProjectRoot; lead=#!/usr/bin/env pwsh,0,none,none,0,https://github.com/github/spec-kit/blob/d1e86f638277a99b82715c22c90558cd58d3cffd/extensions/git/scripts/powershell/initialize-repo.ps1#L1-L70
142,extensions/git/scripts/python/auto_commit.py,plugin_or_adapter,6555,196,F82A73965DCC56D8EC085F6478ABEEFDB3E15CC7A7149E1BB3FF52438BAD1B52,python_ast,"Python module; top-level symbols=_find_project_root,_value_after_colon,_strip_quotes,_parse_auto_commit_config,main",6,external_dependency=6,terminal=6,0,https://github.com/github/spec-kit/blob/d1e86f638277a99b82715c22c90558cd58d3cffd/extensions/git/scripts/python/auto_commit.py#L1-L196
143,extensions/git/scripts/python/create_new_feature_branch.py,plugin_or_adapter,23832,635,F0D60BDE1159DE53206CB8A4A84D9E02AF236FC3493E721355EA19ADC5578678,python_ast,"Python module; top-level symbols=_err,_persist_hint,Args,parse_args,_find_project_root,_load_core_common,_local_has_git,get_highest_from_specs,_extract_highest_number,_git_lines,get_highest_from_branches,get_highest_from_remote_refs",11,external_dependency=11,terminal=11,0,https://github.com/github/spec-kit/blob/d1e86f638277a99b82715c22c90558cd58d3cffd/extensions/git/scripts/python/create_new_feature_branch.py#L1-L635
144,extensions/git/scripts/python/git_common.py,plugin_or_adapter,2703,82,0D8590AA2EDEBE8B251BEDE591DCCA194720A3770974F5C964152898E5150596,python_ast,"Python module; top-level symbols=has_git,effective_branch_name,check_feature_branch",6,external_dependency=6,terminal=6,0,https://github.com/github/spec-kit/blob/d1e86f638277a99b82715c22c90558cd58d3cffd/extensions/git/scripts/python/git_common.py#L1-L82
145,extensions/git/scripts/python/initialize_repo.py,plugin_or_adapter,2784,90,C5B71FF2E3C71E4B5F1184F7BAFBF86935437670E633681926483309526F4096,python_ast,"Python module; top-level symbols=_find_project_root,_read_commit_message,main",6,external_dependency=6,terminal=6,0,https://github.com/github/spec-kit/blob/d1e86f638277a99b82715c22c90558cd58d3cffd/extensions/git/scripts/python/initialize_repo.py#L1-L90
146,extensions/README.md,plugin_or_adapter,5902,124,9E99093D9F5967A3A7D40864B7B65FB30864D79048025E65FE891D537309898F,markdown_structure,Markdown; headings=16; lead=Spec Kit Extensions | Extension Catalogs | Your Catalog (`catalog.json`),9,external_dependency=5;repository_file=4,resolved=4;terminal=5,0,https://github.com/github/spec-kit/blob/d1e86f638277a99b82715c22c90558cd58d3cffd/extensions/README.md#L1-L124
147,extensions/RFC-EXTENSION-SYSTEM.md,plugin_or_adapter,61454,1963,5947CE6C3E36A91188A44748EAA424E512CEF6D1069D9E5B7C61904B4DF102EB,markdown_structure,Markdown; headings=159; lead=RFC: Spec Kit Extension System | Table of Contents | Summary,19,external_dependency=1;repository_file=18,resolved=18;terminal=1,0,https://github.com/github/spec-kit/blob/d1e86f638277a99b82715c22c90558cd58d3cffd/extensions/RFC-EXTENSION-SYSTEM.md#L1-L1963
148,extensions/selftest/commands/selftest.md,plugin_or_adapter,2564,70,93F33139A3DA71BDFBEF9EB14C1E4923DD6BE45E5D182870A96917FDEE91580A,markdown_structure,Markdown; headings=7; lead=Extension Self-Test: `$ARGUMENTS` | Goal | Steps,0,none,none,0,https://github.com/github/spec-kit/blob/d1e86f638277a99b82715c22c90558cd58d3cffd/extensions/selftest/commands/selftest.md#L1-L70
149,extensions/selftest/extension.yml,plugin_or_adapter,533,17,7C0930F1B67543B3BC81552A8098990C92AAA4AA70619CDAF9D06CEFCB82375E,yaml_structure,"YAML; top-level keys=schema_version,extension,requires,provides",0,none,none,0,https://github.com/github/spec-kit/blob/d1e86f638277a99b82715c22c90558cd58d3cffd/extensions/selftest/extension.yml#L1-L17
150,extensions/template/.gitignore,plugin_or_adapter,320,40,03C6448026DC206E55161BE280ED8DAC8748346FB534D401CC5A66562C2E975F,text_structure,extensionless text; lead=# Local configuration overrides,0,none,none,0,https://github.com/github/spec-kit/blob/d1e86f638277a99b82715c22c90558cd58d3cffd/extensions/template/.gitignore#L1-L40
151,extensions/template/CHANGELOG.md,plugin_or_adapter,888,40,A8AE296CE292C01C271C23670359B87480658E521D9DDB8FB316246BFD03823B,markdown_structure,Markdown; headings=7; lead=Changelog | [Unreleased] | Planned,4,external_dependency=4,terminal=4,0,https://github.com/github/spec-kit/blob/d1e86f638277a99b82715c22c90558cd58d3cffd/extensions/template/CHANGELOG.md#L1-L40
152,extensions/template/commands/example.md,plugin_or_adapter,4444,211,4D23361BC7B3111F47285D8F2C1BB8BEE06C81F24571ADCD1C4881D57B16CD56,markdown_structure,Markdown; headings=27; lead=CUSTOMIZE: List MCP tools this command uses | Example Command | Purpose,0,none,none,0,https://github.com/github/spec-kit/blob/d1e86f638277a99b82715c22c90558cd58d3cffd/extensions/template/commands/example.md#L1-L211
153,extensions/template/config-template.yml,plugin_or_adapter,1872,76,51306901971DB9B3B296442796DE91969336200DC8BF827AC499E5B37B8EDDF9,yaml_structure,"YAML; top-level keys=connection,project,features,defaults,field_mappings,advanced",0,none,none,0,https://github.com/github/spec-kit/blob/d1e86f638277a99b82715c22c90558cd58d3cffd/extensions/template/config-template.yml#L1-L76
154,extensions/template/EXAMPLE-README.md,plugin_or_adapter,3144,159,7B3F69E414E8ACD1CD213A98261DA701707B0EDA6BE54B6CE67ED02114865958,markdown_structure,Markdown; headings=26; lead=EXAMPLE: Extension README | My Extension | Features,1,repository_file=1,resolved=1,0,https://github.com/github/spec-kit/blob/d1e86f638277a99b82715c22c90558cd58d3cffd/extensions/template/EXAMPLE-README.md#L1-L159
155,extensions/template/extension.yml,plugin_or_adapter,3635,114,12FC2948A367A04A9180783DD0007F1D744F44347352A95A73F485FE8998F529,yaml_structure,"YAML; top-level keys=schema_version,extension,requires,provides,hooks,tags,defaults",0,none,none,0,https://github.com/github/spec-kit/blob/d1e86f638277a99b82715c22c90558cd58d3cffd/extensions/template/extension.yml#L1-L114
156,extensions/template/LICENSE,plugin_or_adapter,1084,22,31EEB5020675BD63B71F4F8E69C20698DC81510D641AF442A4205656B5B65647,text_structure,extensionless text; lead=MIT License,0,none,none,0,https://github.com/github/spec-kit/blob/d1e86f638277a99b82715c22c90558cd58d3cffd/extensions/template/LICENSE#L1-L22
157,extensions/template/README.md,plugin_or_adapter,2067,80,9276583C3ADFB17DD4E33F6D11E4118BFC478A5E51F086EE933ECF853BEC2D5B,markdown_structure,Markdown; headings=6; lead=Extension Template | Quick Start | Files in This Template,0,none,none,0,https://github.com/github/spec-kit/blob/d1e86f638277a99b82715c22c90558cd58d3cffd/extensions/template/README.md#L1-L80
158,integrations/catalog.community.json,configuration_or_data,203,7,217FA305377BDF798A168795416593C514035B7978683B34F070131FCEA9B5D3,json_parse,"JSON dict; top-level keys=schema_version,updated_at,catalog_url,integrations",0,none,none,0,https://github.com/github/spec-kit/blob/d1e86f638277a99b82715c22c90558cd58d3cffd/integrations/catalog.community.json#L1-L7
159,integrations/catalog.json,configuration_or_data,10600,341,AE1D1850A17EC97B62714F76B77ADB9C0B89238A131B1F9FBB08914D585D83C8,json_parse,"JSON dict; top-level keys=schema_version,updated_at,catalog_url,integrations",0,none,none,0,https://github.com/github/spec-kit/blob/d1e86f638277a99b82715c22c90558cd58d3cffd/integrations/catalog.json#L1-L341
160,integrations/CONTRIBUTING.md,documentation,4741,143,8733E993864F7FC484C4FF2A30636F83FBC257B5F828A5A886CD49BE20746BEB,markdown_structure,Markdown; headings=13; lead=Contributing to the Integration Catalog | Adding a Built-In Integration | Checklist,1,external_dependency=1,terminal=1,0,https://github.com/github/spec-kit/blob/d1e86f638277a99b82715c22c90558cd58d3cffd/integrations/CONTRIBUTING.md#L1-L143
161,integrations/README.md,documentation,3620,130,D1B2D81BC6947C19AAD6C66CE869E0292A3A3BC0DB8DFA1E835E11AC933D4C86,markdown_structure,Markdown; headings=16; lead=Spec Kit Integration Catalog | Catalog Files | Built-In Catalog (`catalog.json`),1,repository_file=1,resolved=1,0,https://github.com/github/spec-kit/blob/d1e86f638277a99b82715c22c90558cd58d3cffd/integrations/README.md#L1-L130
162,LICENSE,source_or_other,1060,22,2510B446BC1F0CF9702453075D20CD88631E20E5642658EDB7325D9C1EB534F7,text_structure,extensionless text; lead=MIT License,0,none,none,0,https://github.com/github/spec-kit/blob/d1e86f638277a99b82715c22c90558cd58d3cffd/LICENSE#L1-L22
163,newsletters/2026-April.md,documentation,24032,148,4066ADDDBD979F3FD10243CDEF1D9F3FC28F09ADC53D08C84123E6A23EBC068B,markdown_structure,Markdown; headings=15; lead=Spec Kit - April 2026 Newsletter | Spec Kit Project Updates | Releases Overview,0,none,none,0,https://github.com/github/spec-kit/blob/d1e86f638277a99b82715c22c90558cd58d3cffd/newsletters/2026-April.md#L1-L148
164,newsletters/2026-February.md,documentation,11584,55,EB8E76E52EBB3AD28300E7FACEC6103E3ABDE311FFC8E22C65B4A6FF971C8F3B,markdown_structure,Markdown; headings=5; lead=Spec Kit - February 2026 Newsletter | Spec Kit Project Updates | Community & Content,2,external_dependency=2,terminal=2,0,https://github.com/github/spec-kit/blob/d1e86f638277a99b82715c22c90558cd58d3cffd/newsletters/2026-February.md#L1-L55
165,newsletters/2026-June.md,documentation,28933,157,7C589A18DC3FEA8A7748F33AB0C69307831C3555B17DDF4BC115CB25193068B7,markdown_structure,Markdown; headings=20; lead=Spec Kit - June 2026 Newsletter | Spec Kit Project Updates | Releases Overview,0,none,none,0,https://github.com/github/spec-kit/blob/d1e86f638277a99b82715c22c90558cd58d3cffd/newsletters/2026-June.md#L1-L157
166,newsletters/2026-March.md,documentation,13207,79,3E44BB806ED79F0F60BF6CB8B8475DB15F242BEC4018DF698118A1033A6D4C35,markdown_structure,Markdown; headings=12; lead=Spec Kit - March 2026 Newsletter | Spec Kit Project Updates | Releases Overview,0,none,none,0,https://github.com/github/spec-kit/blob/d1e86f638277a99b82715c22c90558cd58d3cffd/newsletters/2026-March.md#L1-L79
167,newsletters/2026-May.md,documentation,21460,139,552FEDAC6DAC12C458EF6C5AB01C6009858245A1990F73BEA0B9C6274019809F,markdown_structure,Markdown; headings=17; lead=Spec Kit - May 2026 Newsletter | Spec Kit Project Updates | Releases Overview,0,none,none,0,https://github.com/github/spec-kit/blob/d1e86f638277a99b82715c22c90558cd58d3cffd/newsletters/2026-May.md#L1-L139
168,presets/ARCHITECTURE.md,documentation,8352,175,FD89BA24FD4D6AD3DE111660120B920CCC31735AF73B9015D1D9FEC6628CDF31,markdown_structure,Markdown; headings=10; lead=Preset System Architecture | Template Resolution | Composition Strategies,1,repository_file=1,resolved=1,0,https://github.com/github/spec-kit/blob/d1e86f638277a99b82715c22c90558cd58d3cffd/presets/ARCHITECTURE.md#L1-L175
169,presets/catalog.community.json,configuration_or_data,34535,874,5FA30116A2D7EAA193382A4F007E8F22D057F8FD32E325EADE378D5BA37D4556,json_parse,"JSON dict; top-level keys=schema_version,updated_at,catalog_url,presets",0,none,none,0,https://github.com/github/spec-kit/blob/d1e86f638277a99b82715c22c90558cd58d3cffd/presets/catalog.community.json#L1-L874
170,presets/catalog.json,configuration_or_data,1480,54,1FABB74BAE220CE112DC7875F337E523D3FC8EAC15D06CA107F9D694751037E5,json_parse,"JSON dict; top-level keys=schema_version,updated_at,catalog_url,presets",0,none,none,0,https://github.com/github/spec-kit/blob/d1e86f638277a99b82715c22c90558cd58d3cffd/presets/catalog.json#L1-L54
171,presets/constitution-sync/commands/speckit.constitution.md,orchestration_asset,3533,55,DBA4007AA58578B7EDFC0B7DEDF6B5D02668677227011A85F0BE1E673DA0CD31,markdown_structure,Markdown; headings=1; lead=Constitution Template Sync,0,none,none,0,https://github.com/github/spec-kit/blob/d1e86f638277a99b82715c22c90558cd58d3cffd/presets/constitution-sync/commands/speckit.constitution.md#L1-L55
172,presets/constitution-sync/preset.yml,configuration_or_data,999,31,F1AAF71BEC530E4103147820777009C17A7B67C531769E5338E783947C5CBB13,yaml_structure,"YAML; top-level keys=schema_version,preset,requires,provides,tags",0,none,none,0,https://github.com/github/spec-kit/blob/d1e86f638277a99b82715c22c90558cd58d3cffd/presets/constitution-sync/preset.yml#L1-L31
173,presets/constitution-sync/README.md,documentation,6500,127,2C7DD7F12C4AED4029CFA1D6FE163E11248FCF7748C974BCD012EA38C63447E4,markdown_structure,Markdown; headings=14; lead=Constitution Template Sync | What it does | What it does not do,1,repository_file=1,resolved=1,0,https://github.com/github/spec-kit/blob/d1e86f638277a99b82715c22c90558cd58d3cffd/presets/constitution-sync/README.md#L1-L127
174,presets/lean/commands/speckit.constitution.md,orchestration_asset,1367,34,56CA2FFC2938D04285ADC8E0A7CC33164D7F0B8538D5B8AA70791DE6DDB9F0A0,markdown_structure,Markdown; headings=3; lead=User Input | Scope Guard | Outline,0,none,none,0,https://github.com/github/spec-kit/blob/d1e86f638277a99b82715c22c90558cd58d3cffd/presets/lean/commands/speckit.constitution.md#L1-L34
175,presets/lean/commands/speckit.implement.md,orchestration_asset,674,23,D50654EBFAD997092A939D7020E546C48BE47AA676C7DDEB90EB70B5CF20767C,markdown_structure,Markdown; headings=2; lead=User Input | Outline,0,none,none,0,https://github.com/github/spec-kit/blob/d1e86f638277a99b82715c22c90558cd58d3cffd/presets/lean/commands/speckit.implement.md#L1-L23
176,presets/lean/commands/speckit.plan.md,orchestration_asset,471,20,D4DBD594DC8EA9853583353CFC556AC419FFEDF2300C207D4CE75C24DEBE2AB9,markdown_structure,Markdown; headings=2; lead=User Input | Outline,0,none,none,0,https://github.com/github/spec-kit/blob/d1e86f638277a99b82715c22c90558cd58d3cffd/presets/lean/commands/speckit.plan.md#L1-L20
177,presets/lean/commands/speckit.specify.md,orchestration_asset,618,24,9D68997CE418CC3293F66F946681BED0A33328C64A05757C0554DED19EEC0CE2,markdown_structure,Markdown; headings=2; lead=User Input | Outline,0,none,none,0,https://github.com/github/spec-kit/blob/d1e86f638277a99b82715c22c90558cd58d3cffd/presets/lean/commands/speckit.specify.md#L1-L24
178,presets/lean/commands/speckit.tasks.md,orchestration_asset,605,20,B363ACD5CDBC3312B2FA03C763913515947FEB214702281FE13355401EBD0210,markdown_structure,Markdown; headings=2; lead=User Input | Outline,0,none,none,0,https://github.com/github/spec-kit/blob/d1e86f638277a99b82715c22c90558cd58d3cffd/presets/lean/commands/speckit.tasks.md#L1-L20
179,presets/lean/preset.yml,configuration_or_data,1385,52,D316B3AD5F41988D51FE2B7FAEDAB9C942EDC68B44CF6970D5E26EF5A8522751,yaml_structure,"YAML; top-level keys=schema_version,preset,requires,provides,tags",0,none,none,0,https://github.com/github/spec-kit/blob/d1e86f638277a99b82715c22c90558cd58d3cffd/presets/lean/preset.yml#L1-L52
180,presets/lean/README.md,documentation,1441,46,7F7291892EDC0FADCC18A027C7BC06FF6767CE08F21039876CD7F455BE200536,markdown_structure,Markdown; headings=11; lead=Lean Workflow | When to Use | Commands Included,0,none,none,0,https://github.com/github/spec-kit/blob/d1e86f638277a99b82715c22c90558cd58d3cffd/presets/lean/README.md#L1-L46
181,presets/PUBLISHING.md,documentation,12324,358,3DA6DF6CFA66F941469C2217E9EAEF044C96C950EF89B1B91CFCD971E0946149,markdown_structure,Markdown; headings=34; lead=Preset Publishing Guide | Table of Contents | Prerequisites,9,external_dependency=1;repository_file=8,resolved=8;terminal=1,0,https://github.com/github/spec-kit/blob/d1e86f638277a99b82715c22c90558cd58d3cffd/presets/PUBLISHING.md#L1-L358
182,presets/README.md,documentation,7261,159,667DE871C1990C18A18EA989F111A739545282E1F44E700826F50B6ABE8BE8BD,markdown_structure,Markdown; headings=26; lead=Presets | How It Works | Command Overrides,2,repository_file=2,resolved=2,0,https://github.com/github/spec-kit/blob/d1e86f638277a99b82715c22c90558cd58d3cffd/presets/README.md#L1-L159
183,presets/scaffold/commands/speckit.myext.myextcmd.md,orchestration_asset,753,21,FA5C348453AC7BC87CB86CCF22A367E7CD06BE2D748E61CB8C4CA0981152BBF9,markdown_structure,Markdown; headings=0; lead=---,0,none,none,0,https://github.com/github/spec-kit/blob/d1e86f638277a99b82715c22c90558cd58d3cffd/presets/scaffold/commands/speckit.myext.myextcmd.md#L1-L21
184,presets/scaffold/commands/speckit.specify.md,orchestration_asset,707,24,F8517CC299598DE8A5B200769D41864EA02E062AD5F196AF164FE4C034231C4D,markdown_structure,Markdown; headings=1; lead=User Input,0,none,none,0,https://github.com/github/spec-kit/blob/d1e86f638277a99b82715c22c90558cd58d3cffd/presets/scaffold/commands/speckit.specify.md#L1-L24
185,presets/scaffold/preset.yml,configuration_or_data,4480,121,F991A9C0226B14A0A56F7737EEF2E698B9D570EF05D50138F313267005E2DB8D,yaml_structure,"YAML; top-level keys=schema_version,preset,requires,provides,tags",0,none,none,0,https://github.com/github/spec-kit/blob/d1e86f638277a99b82715c22c90558cd58d3cffd/presets/scaffold/preset.yml#L1-L121
186,presets/scaffold/README.md,documentation,1750,47,0F0CB095A73721B928F5B80BE1653C4EC172CEB32589CCC83F6099C0D5C11574,markdown_structure,Markdown; headings=7; lead=My Preset | Templates Included | Development,1,repository_file=1,resolved=1,0,https://github.com/github/spec-kit/blob/d1e86f638277a99b82715c22c90558cd58d3cffd/presets/scaffold/README.md#L1-L47
187,presets/scaffold/templates/myext-template.md,orchestration_asset,422,25,5F72484E29355ACC2BC2CFD9D4C5A5295296B852B6348A5EDE7C0CC91D4472AA,markdown_structure,Markdown; headings=4; lead=MyExt Report | Summary | Details,0,none,none,0,https://github.com/github/spec-kit/blob/d1e86f638277a99b82715c22c90558cd58d3cffd/presets/scaffold/templates/myext-template.md#L1-L25
188,presets/scaffold/templates/spec-template.md,orchestration_asset,247,19,15295AFCC19AFBD0AE2A01A007B609E3CD8DB7AD4D73DBFB94604B62F5114889,markdown_structure,Markdown; headings=4; lead=Feature Specification: [FEATURE NAME] | Overview | Requirements,0,none,none,0,https://github.com/github/spec-kit/blob/d1e86f638277a99b82715c22c90558cd58d3cffd/presets/scaffold/templates/spec-template.md#L1-L19
189,presets/self-test/commands/speckit.specify.md,orchestration_asset,439,16,3B8FE91D721F37038BF0C89CBBFD18CD00CC67F932CFBE067D1EE59BB8208DED,markdown_structure,Markdown; headings=0; lead=---,0,none,none,0,https://github.com/github/spec-kit/blob/d1e86f638277a99b82715c22c90558cd58d3cffd/presets/self-test/commands/speckit.specify.md#L1-L16
190,presets/self-test/commands/speckit.wrap-test.md,orchestration_asset,201,15,FD58272DC1C3D83E2412BB8DB8B5DE564CD073002B7BF9A65AD6390A30BE4554,markdown_structure,Markdown; headings=2; lead=Preset Pre-Logic | Preset Post-Logic,0,none,none,0,https://github.com/github/spec-kit/blob/d1e86f638277a99b82715c22c90558cd58d3cffd/presets/self-test/commands/speckit.wrap-test.md#L1-L15
191,presets/self-test/preset.yml,configuration_or_data,1613,61,724EE6329BDCABA2BAA8C27A418BCACF39FC2B575019617ABE99D811145F437F,yaml_structure,"YAML; top-level keys=schema_version,preset,requires,provides,tags",0,none,none,0,https://github.com/github/spec-kit/blob/d1e86f638277a99b82715c22c90558cd58d3cffd/presets/self-test/preset.yml#L1-L61
192,presets/self-test/templates/checklist-template.md,orchestration_asset,249,16,02243E94CE2E88A419813B7EF2AD607D8ECD5E3A638D63F20D0984EEFE5F0882,markdown_structure,Markdown; headings=3; lead=Checklist (Self-Test Preset) | Pre-Implementation | Post-Implementation,0,none,none,0,https://github.com/github/spec-kit/blob/d1e86f638277a99b82715c22c90558cd58d3cffd/presets/self-test/templates/checklist-template.md#L1-L16
193,presets/self-test/templates/constitution-template.md,orchestration_asset,205,16,70E00709AF58ECFB933B5F138EAA6779A57A1C463D11B0E1A9D30B0E4BE303BC,markdown_structure,Markdown; headings=3; lead=Constitution (Self-Test Preset) | Principles | Guidelines,0,none,none,0,https://github.com/github/spec-kit/blob/d1e86f638277a99b82715c22c90558cd58d3cffd/presets/self-test/templates/constitution-template.md#L1-L16
194,presets/self-test/templates/plan-template.md,orchestration_asset,258,23,513E5B5437B77C0EB0889A65F0A35F5C55E8A0B46134E52ADEC18D9062EDB3F8,markdown_structure,Markdown; headings=5; lead=Implementation Plan (Self-Test Preset) | Approach | Steps,0,none,none,0,https://github.com/github/spec-kit/blob/d1e86f638277a99b82715c22c90558cd58d3cffd/presets/self-test/templates/plan-template.md#L1-L23
195,presets/self-test/templates/spec-template.md,orchestration_asset,325,24,63335B93BD58B601C5A619D64EC0D6A87821EB6AE53A88667A616CC2215F7C32,markdown_structure,Markdown; headings=5; lead=Feature Specification (Self-Test Preset) | Overview | Requirements,0,none,none,0,https://github.com/github/spec-kit/blob/d1e86f638277a99b82715c22c90558cd58d3cffd/presets/self-test/templates/spec-template.md#L1-L24
196,presets/self-test/templates/tasks-template.md,orchestration_asset,239,18,D489949350E1E1111B892D50F384EB76A599280938830EFFA88D93C186DFEB9A,markdown_structure,Markdown; headings=3; lead=Tasks (Self-Test Preset) | Task List | Estimation,0,none,none,0,https://github.com/github/spec-kit/blob/d1e86f638277a99b82715c22c90558cd58d3cffd/presets/self-test/templates/tasks-template.md#L1-L18
197,pyproject.toml,configuration_or_data,3289,91,6AE3DC69256B78AC1C6DF1F72834F0D1ACF32F8E205EE65E4853D948ED7E3E7F,toml_parse,"TOML; top-level keys=project,build-system,tool",0,none,none,0,https://github.com/github/spec-kit/blob/d1e86f638277a99b82715c22c90558cd58d3cffd/pyproject.toml#L1-L91
198,README.md,documentation,21681,383,78C2306553A708839C3B21D57C5F586C4C8BF73F36FBEA9B45481811C5098410,markdown_structure,Markdown; headings=46; lead=Table of Contents | 🤔 What is Spec-Driven Development? | ⚡ Get Started,52,external_dependency=24;prose_example=1;repository_file=27,resolved=27;terminal=25,0,https://github.com/github/spec-kit/blob/d1e86f638277a99b82715c22c90558cd58d3cffd/README.md#L1-L383
199,README.zh-CN.md,documentation,20439,362,F8D10C077A19E15234727542A373CA573B82468D2642B8D06E9C8C72DCFC29EE,markdown_structure,Markdown; headings=46; lead=目录 | 🤔 什么是规范驱动开发？ | ⚡ 快速开始,52,external_dependency=23;prose_example=1;repository_file=28,resolved=28;terminal=24,0,https://github.com/github/spec-kit/blob/d1e86f638277a99b82715c22c90558cd58d3cffd/README.zh-CN.md#L1-L362
200,scripts/bash/check-prerequisites.sh,orchestration_asset,6420,196,24C1092C0A7BC4F3EFB95245561EBA6CFE88382794DA2EBB5F193BFE1C0109C3,script_structure,sh script; functions=none; lead=#!/usr/bin/env bash,1,prose_example=1,terminal=1,0,https://github.com/github/spec-kit/blob/d1e86f638277a99b82715c22c90558cd58d3cffd/scripts/bash/check-prerequisites.sh#L1-L196
201,scripts/bash/common.sh,orchestration_asset,29810,705,6FF86BF39F6B4684B0F80927DC7A1DADEC26B4671988A3FE4D6C2523CBD3AA22,script_structure,"sh script; functions=find_specify_root,resolve_specify_init_dir,get_repo_root,get_current_branch,read_feature_json_feature_directory,_persist_feature_json,get_feature_paths,has_jq,get_invoke_separator,format_speckit_command,json_escape,check_file; lead=#!/usr/bin/env bash",0,none,none,0,https://github.com/github/spec-kit/blob/d1e86f638277a99b82715c22c90558cd58d3cffd/scripts/bash/common.sh#L1-L705
202,scripts/bash/create-new-feature.sh,orchestration_asset,15208,393,AD09A94A2C1107E25E5386A834DA1D7A31F9ABB06AB8BFD323A7B84038221E39,script_structure,"sh script; functions=is_feature_number_in_range,get_highest_from_specs,spec_prefix_exists,clean_branch_name,fit_branch_name,shell_quote,generate_branch_name; lead=#!/usr/bin/env bash",1,prose_example=1,terminal=1,0,https://github.com/github/spec-kit/blob/d1e86f638277a99b82715c22c90558cd58d3cffd/scripts/bash/create-new-feature.sh#L1-L393
203,scripts/bash/setup-plan.sh,orchestration_asset,2493,84,4469B22960F43C07C33DCA00DE6DEDB252145E9A9CE8FBB0E63BE82E02B082AB,script_structure,sh script; functions=none; lead=#!/usr/bin/env bash,1,prose_example=1,terminal=1,0,https://github.com/github/spec-kit/blob/d1e86f638277a99b82715c22c90558cd58d3cffd/scripts/bash/setup-plan.sh#L1-L84
204,scripts/bash/setup-tasks.sh,orchestration_asset,3299,92,45CA99EE6A45BF964233EDA33248B30E6B960B1ED881A69DD777E8C3D0B00F21,script_structure,sh script; functions=none; lead=#!/usr/bin/env bash,1,prose_example=1,terminal=1,0,https://github.com/github/spec-kit/blob/d1e86f638277a99b82715c22c90558cd58d3cffd/scripts/bash/setup-tasks.sh#L1-L92
205,scripts/powershell/check-prerequisites.ps1,orchestration_asset,5213,154,D8D61478E4F3A04DF0832DBA155361888343CC3AADE1427E017C5C2549C51799,script_structure,ps1 script; functions=none; lead=#!/usr/bin/env pwsh,0,none,none,0,https://github.com/github/spec-kit/blob/d1e86f638277a99b82715c22c90558cd58d3cffd/scripts/powershell/check-prerequisites.ps1#L1-L154
206,scripts/powershell/common.ps1,orchestration_asset,27177,640,70D40E13EDA801D4E89C337FEBBB7F4F6CDD18DAC8DDDCEF645BB045C17EADB2,script_structure,"ps1 script; functions=Find-SpecifyRoot,Resolve-SpecifyInitDir,Get-RepoRoot,Get-CurrentBranch,Save-FeatureJson,Get-FeaturePathsEnv,Test-FileExists,Test-DirHasFiles,Get-InvokeSeparator,Format-SpecKitCommand,Get-Python3Command,Resolve-Template; lead=#!/usr/bin/env pwsh",0,none,none,0,https://github.com/github/spec-kit/blob/d1e86f638277a99b82715c22c90558cd58d3cffd/scripts/powershell/common.ps1#L1-L640
207,scripts/powershell/create-new-feature.ps1,orchestration_asset,13126,317,DBC275BC999EBC0D7022F9725BF022674CF97A435FA57C32439D161B3E9844C1,script_structure,"ps1 script; functions=Get-HighestNumberFromSpecs,Test-SpecPrefixInUse,ConvertTo-CleanBranchName,Get-FittedBranchName,Get-BranchName; lead=#!/usr/bin/env pwsh",0,none,none,0,https://github.com/github/spec-kit/blob/d1e86f638277a99b82715c22c90558cd58d3cffd/scripts/powershell/create-new-feature.ps1#L1-L317
208,scripts/powershell/setup-plan.ps1,orchestration_asset,3112,86,76262F13B36C02244AA4217B076997C1489DA27528E3D4EB01FCF639BFF50EAF,script_structure,ps1 script; functions=none; lead=#!/usr/bin/env pwsh,0,none,none,0,https://github.com/github/spec-kit/blob/d1e86f638277a99b82715c22c90558cd58d3cffd/scripts/powershell/setup-plan.ps1#L1-L86
209,scripts/powershell/setup-tasks.ps1,orchestration_asset,3344,83,8D51885CE9AF1F1B08294162E0703E347401DD1A7592B7526D78407DF9CA5BD6,script_structure,ps1 script; functions=none; lead=#!/usr/bin/env pwsh,0,none,none,0,https://github.com/github/spec-kit/blob/d1e86f638277a99b82715c22c90558cd58d3cffd/scripts/powershell/setup-tasks.ps1#L1-L83
210,scripts/python/check_prerequisites.py,orchestration_asset,6424,208,74DF3EF0A05141D85ED1473B315446FA93C62CA3D1BDE87FB8D4459011277FA7,python_ast,"Python module; top-level symbols=_json_line,Args,_parse_args,_dir_has_entries,_available_docs,_print_paths_only,_check_file,_check_dir,_print_text_results,main",7,external_dependency=7,terminal=7,0,https://github.com/github/spec-kit/blob/d1e86f638277a99b82715c22c90558cd58d3cffd/scripts/python/check_prerequisites.py#L1-L208
211,scripts/python/common.py,orchestration_asset,10139,294,1D61AE07A4286C38C4ED82CA2B190EB09E338AA7F9C732547F7FEFFE1814C609,python_ast,"Python module; top-level symbols=_trim_trailing_separators,find_specify_root,resolve_specify_init_dir,get_repo_root,get_current_branch,read_feature_json_feature_directory,_json_dump,persist_feature_json,FeaturePaths,get_feature_paths,_sorted_preset_ids,resolve_template",6,external_dependency=6,terminal=6,0,https://github.com/github/spec-kit/blob/d1e86f638277a99b82715c22c90558cd58d3cffd/scripts/python/common.py#L1-L294
212,scripts/python/create_new_feature.py,orchestration_asset,14644,423,6FDCC954BF121CB4B24D4DAFC442F72A8241B9EB05A186B19D37B2F1C634F143,python_ast,"Python module; top-level symbols=_json_line,_int64_from_digits,_persistence_assignments,_usage,_help_text,Args,_parse_args,_clean_branch_name,_generate_branch_name,_get_highest_from_specs,_fit_branch_name,_spec_prefix_exists",11,external_dependency=11,terminal=11,0,https://github.com/github/spec-kit/blob/d1e86f638277a99b82715c22c90558cd58d3cffd/scripts/python/create_new_feature.py#L1-L423
213,scripts/python/setup_plan.py,orchestration_asset,2799,87,D89BF18F8C57DE802700EC6BEFABC01A359F296FB5D9B2481E96EC62539BB4DA,python_ast,"Python module; top-level symbols=_json_line,_help_text,main",7,external_dependency=7,terminal=7,0,https://github.com/github/spec-kit/blob/d1e86f638277a99b82715c22c90558cd58d3cffd/scripts/python/setup_plan.py#L1-L87
214,scripts/python/setup_tasks.py,orchestration_asset,4539,146,23FB1595011649D57EF699EED41E853B53DD3EDA47FB5D1417514963FAF7928F,python_ast,"Python module; top-level symbols=_json_line,_help_text,_dir_has_entries,_available_docs,_check_file,_check_dir,main",6,external_dependency=6,terminal=6,0,https://github.com/github/spec-kit/blob/d1e86f638277a99b82715c22c90558cd58d3cffd/scripts/python/setup_tasks.py#L1-L146
215,SECURITY.md,documentation,1736,32,9AE49ECA7ED2EFC420275B70214E64904F689454FCFF024EB20D283946ED8B95,markdown_structure,Markdown; headings=3; lead=Security Policy | Reporting Security Issues | Policy,3,external_dependency=3,terminal=3,0,https://github.com/github/spec-kit/blob/d1e86f638277a99b82715c22c90558cd58d3cffd/SECURITY.md#L1-L32
216,spec-driven.md,documentation,26229,419,1517EBA9868E7066541FFA484009D5EB9C7D8D04BF740DBFD86E5E88C396F0C6,markdown_structure,Markdown; headings=57; lead=Specification-Driven Development (SDD) | The Power Inversion | The SDD Workflow in Practice,0,none,none,0,https://github.com/github/spec-kit/blob/d1e86f638277a99b82715c22c90558cd58d3cffd/spec-driven.md#L1-L419
217,spec-kit.code-workspace,source_or_other,61,9,FB61B9FBFA90B43BA94D49BA722AC51BEDA4B418B1E97A387D4E1AB472A2D0CC,text_structure,.code-workspace text; lead={,0,none,none,0,https://github.com/github/spec-kit/blob/d1e86f638277a99b82715c22c90558cd58d3cffd/spec-kit.code-workspace#L1-L9
218,src/specify_cli/__init__.py,executable_source,21085,600,ACA45B07B1C745A80637B89A8B3C9A10C045F7CA33D1D5EF8B93C7C05112FE8C,python_ast,"Python module; top-level symbols=_version_callback,callback,_refresh_shared_templates,_install_shared_infra,_install_shared_infra_or_exit,ensure_executable_scripts,_get_skills_dir,resolve_active_skills_dir,_cli_error_detail,_cli_phase_label,_print_cli_warning,check",27,executable=18;external_dependency=9,resolved=18;terminal=9,0,https://github.com/github/spec-kit/blob/d1e86f638277a99b82715c22c90558cd58d3cffd/src/specify_cli/__init__.py#L1-L600
219,src/specify_cli/_agent_config.py,executable_source,671,25,34D7290D8E9281E8FFB54E2263BA1A6DCBDD1BFA812A0911DD8DE6564689D882,python_ast,Python module; top-level symbols=_build_agent_config,3,executable=1;external_dependency=2,resolved=1;terminal=2,0,https://github.com/github/spec-kit/blob/d1e86f638277a99b82715c22c90558cd58d3cffd/src/specify_cli/_agent_config.py#L1-L25
220,src/specify_cli/_assets.py,executable_source,4055,122,5B540633CA45F6B35675647BD4FC755905851618C634920F15C51DC61F81F505,python_ast,"Python module; top-level symbols=_locate_core_pack,_repo_root,_locate_bundled_extension,_locate_bundled_workflow,_locate_bundled_preset,get_speckit_version",5,external_dependency=5,terminal=5,0,https://github.com/github/spec-kit/blob/d1e86f638277a99b82715c22c90558cd58d3cffd/src/specify_cli/_assets.py#L1-L122
221,src/specify_cli/_console.py,executable_source,9141,252,0C5DF475B9ACAC7D4B4F97B252A657973B243996DF50C1C63136B46A4F27080D,python_ast,"Python module; top-level symbols=StepTracker,get_key,select_with_arrows,BannerGroup,show_banner",13,external_dependency=13,terminal=13,0,https://github.com/github/spec-kit/blob/d1e86f638277a99b82715c22c90558cd58d3cffd/src/specify_cli/_console.py#L1-L252
222,src/specify_cli/_download_security.py,executable_source,47041,1258,66D82BE6BB37B6E6569365A5500E8DEE2617AB86ECF7BBCA10EEF5A6E043978B,python_ast,"Python module; top-level symbols=archive_format_from_name,archive_format_from_content_type,archive_suffix,detect_archive_format,_ip_address_without_scope,_is_ip_loopback,_is_ip_local_redirect_target,_parse_url,_is_definite_loopback_host,_is_potential_local_target_host,is_loopback_url,_is_potential_local_target_url",16,external_dependency=16,terminal=16,0,https://github.com/github/spec-kit/blob/d1e86f638277a99b82715c22c90558cd58d3cffd/src/specify_cli/_download_security.py#L1-L1258
223,src/specify_cli/_github_http.py,executable_source,8139,202,844700B2C7F8647EF14A457799EBF954FCB316EB260E416AB65BCCA0D8790186,python_ast,"Python module; top-level symbols=build_github_request,_host_matches,resolve_github_release_asset_api_url",8,executable=1;external_dependency=7,resolved=1;terminal=7,0,https://github.com/github/spec-kit/blob/d1e86f638277a99b82715c22c90558cd58d3cffd/src/specify_cli/_github_http.py#L1-L202
224,src/specify_cli/_init_options.py,executable_source,3461,84,3A70AE9FD79A806B8E5C9C381CEEC2FC6A13AC0E588CE439CC05BF0A32D238CC,python_ast,"Python module; top-level symbols=_MissingInitOptionsFile,save_init_options,load_init_options,is_ai_skills_enabled,resolve_active_agent_for_registration",4,external_dependency=4,terminal=4,0,https://github.com/github/spec-kit/blob/d1e86f638277a99b82715c22c90558cd58d3cffd/src/specify_cli/_init_options.py#L1-L84
225,src/specify_cli/_invocation_style.py,executable_source,2818,79,6E5FB837162124AAF5701617A0DDAA7422F0FD9564D0DF031B95D7D8848AA41C,python_ast,"Python module; top-level symbols=is_dollar_skills_agent,get_invocation_prefix,is_slash_skills_agent",1,external_dependency=1,terminal=1,0,https://github.com/github/spec-kit/blob/d1e86f638277a99b82715c22c90558cd58d3cffd/src/specify_cli/_invocation_style.py#L1-L79
226,src/specify_cli/_project.py,executable_source,2358,54,C5A5C9ECF43B66A1DBECD7778CF98FEB9D8221EC140ABAA4CF9A9E26D41AB955,python_ast,Python module; top-level symbols=_resolve_init_dir_override,5,executable=1;external_dependency=4,resolved=1;terminal=4,0,https://github.com/github/spec-kit/blob/d1e86f638277a99b82715c22c90558cd58d3cffd/src/specify_cli/_project.py#L1-L54
227,src/specify_cli/_toml_string.py,executable_source,2274,61,6D5AA4F7B84A41E8B686E4EA725679212C17F213ACB484039347644249070C37,python_ast,"Python module; top-level symbols=has_illegal_toml_control,escape_toml_basic",1,external_dependency=1,terminal=1,0,https://github.com/github/spec-kit/blob/d1e86f638277a99b82715c22c90558cd58d3cffd/src/specify_cli/_toml_string.py#L1-L61
228,src/specify_cli/_utils.py,executable_source,13339,337,6C5A3C95EE13863A9690B01C2D00F8DDCF57DB1432AAD31575CA447DEFD7DC7C,python_ast,"Python module; top-level symbols=relative_extension_path_violation,dump_frontmatter,run_command,check_tool,handle_vscode_settings,merge_json_files,_display_project_path,version_satisfies",15,executable=2;external_dependency=13,resolved=2;terminal=13,0,https://github.com/github/spec-kit/blob/d1e86f638277a99b82715c22c90558cd58d3cffd/src/specify_cli/_utils.py#L1-L337
229,src/specify_cli/_version.py,executable_source,54367,1448,248E3BC0CF7424DEF90833BF340E4BF9A3BF6B33167407C96BA1F647DC5C91F6,python_ast,"Python module; top-level symbols=_get_installed_version,_normalize_tag,_is_newer,_fetch_latest_release_tag,_parse_version_text,_canonicalize_version_text,_stable_release_tag_for_version,_render_argv,_InstallMethod,_InstallerResultKind,_InstallerResult,_UpgradePlan",25,executable=3;external_dependency=22,resolved=3;terminal=22,0,https://github.com/github/spec-kit/blob/d1e86f638277a99b82715c22c90558cd58d3cffd/src/specify_cli/_version.py#L1-L1448
230,src/specify_cli/agents.py,executable_source,57198,1357,664BE4F633A3D9D8BF55BC563E70823E78682CCA7FAC289D6A8801DC3310443B,python_ast,"Python module; top-level symbols=_build_agent_configs,CommandRegistrar",22,executable=14;external_dependency=8,resolved=14;terminal=8,0,https://github.com/github/spec-kit/blob/d1e86f638277a99b82715c22c90558cd58d3cffd/src/specify_cli/agents.py#L1-L1357
231,src/specify_cli/authentication/__init__.py,executable_source,1529,51,15F91A013E7C37532407DD199C0D0B6FF95AD64AB329CB0F37755A6EFD0C5B56,python_ast,"Python module; top-level symbols=_register,get_provider,_register_builtins",5,executable=3;external_dependency=2,resolved=3;terminal=2,0,https://github.com/github/spec-kit/blob/d1e86f638277a99b82715c22c90558cd58d3cffd/src/specify_cli/authentication/__init__.py#L1-L51
232,src/specify_cli/authentication/azure_devops.py,executable_source,7530,189,884733B869301FE196E220595B953671AECDDEDFFCDAA9C55055FC21DB0D5471,python_ast,"Python module; top-level symbols=_TokenResponseTooLarge,_extract_token,AzureDevOpsAuth",14,executable=4;external_dependency=10,resolved=4;terminal=10,0,https://github.com/github/spec-kit/blob/d1e86f638277a99b82715c22c90558cd58d3cffd/src/specify_cli/authentication/azure_devops.py#L1-L189
233,src/specify_cli/authentication/base.py,executable_source,1806,58,DA4B1F768E324439B37A6C2933BDB088AC713A1A36680403E22418D95F5DA31F,python_ast,Python module; top-level symbols=AuthProvider,5,executable=1;external_dependency=4,resolved=1;terminal=4,0,https://github.com/github/spec-kit/blob/d1e86f638277a99b82715c22c90558cd58d3cffd/src/specify_cli/authentication/base.py#L1-L58
234,src/specify_cli/authentication/config.py,executable_source,8955,232,1E78F2D02973C2212BE1E429696C16C59BAB03F736E3B9ABABCBFC0A73F8D94C,python_ast,"Python module; top-level symbols=AuthConfigEntry,_default_config_path,_is_valid_host_pattern,_norm,load_auth_config,find_entries_for_url",12,executable=2;external_dependency=10,resolved=2;terminal=10,0,https://github.com/github/spec-kit/blob/d1e86f638277a99b82715c22c90558cd58d3cffd/src/specify_cli/authentication/config.py#L1-L232
235,src/specify_cli/authentication/github.py,executable_source,718,25,5F2268D36E0019F9064343655DD4CD7BCC204ED9A94614FEEF5BA5EE54C8893F,python_ast,Python module; top-level symbols=GitHubAuth,2,executable=1;external_dependency=1,resolved=1;terminal=1,0,https://github.com/github/spec-kit/blob/d1e86f638277a99b82715c22c90558cd58d3cffd/src/specify_cli/authentication/github.py#L1-L25
236,src/specify_cli/authentication/http.py,executable_source,8883,220,A24C87BDD1DA8A469238BE2A4F86F20E431522C5F7F3649564F8B1895EC3DBA4,python_ast,"Python module; top-level symbols=_load_config,_hostname_in_hosts,_validate_strict_redirect,_StripAuthOnRedirect,build_request,github_provider_hosts,open_url",10,executable=3;external_dependency=7,resolved=3;terminal=7,0,https://github.com/github/spec-kit/blob/d1e86f638277a99b82715c22c90558cd58d3cffd/src/specify_cli/authentication/http.py#L1-L220
237,src/specify_cli/bundler/__init__.py,executable_source,768,20,9BE91D27380EAF9C80429DAEA9B6CE610745EDF44FD71157FDC128F80F1A5FF0,python_ast,Python module; top-level symbols=BundlerError,1,external_dependency=1,terminal=1,0,https://github.com/github/spec-kit/blob/d1e86f638277a99b82715c22c90558cd58d3cffd/src/specify_cli/bundler/__init__.py#L1-L20
238,src/specify_cli/bundler/commands_impl/__init__.py,executable_source,118,3,DFABD9C81085A75BE5B46136515A8C223E29C92E0DB3243DF1B85DE42CA5E11D,python_ast,Python module; top-level symbols=none,1,external_dependency=1,terminal=1,0,https://github.com/github/spec-kit/blob/d1e86f638277a99b82715c22c90558cd58d3cffd/src/specify_cli/bundler/commands_impl/__init__.py#L1-L3
239,src/specify_cli/bundler/commands_impl/catalog_config.py,executable_source,9702,233,B845BE95DABE1504B0149B0FE903553929D0DDBA26FA91CCC64B05D4C9F22896,python_ast,"Python module; top-level symbols=_config_path,_read,_write,_slug,_is_local_path,_canonicalize_url,_derive_id,add_source,remove_source",7,executable=3;external_dependency=4,resolved=3;terminal=4,0,https://github.com/github/spec-kit/blob/d1e86f638277a99b82715c22c90558cd58d3cffd/src/specify_cli/bundler/commands_impl/catalog_config.py#L1-L233
240,src/specify_cli/bundler/lib/__init__.py,executable_source,137,3,D20E2E3B5D73AAE53997970A597712194D85EC531BE0E4858D2A606CFF38DE35,python_ast,Python module; top-level symbols=none,1,external_dependency=1,terminal=1,0,https://github.com/github/spec-kit/blob/d1e86f638277a99b82715c22c90558cd58d3cffd/src/specify_cli/bundler/lib/__init__.py#L1-L3
241,src/specify_cli/bundler/lib/project.py,executable_source,3546,89,8C03FC41610DA4EB10FA3ABBDBAF36C52180B86A0091D3DEB7D5DE66A7F02B49,python_ast,"Python module; top-level symbols=find_project_root,require_project_root,active_integration",5,executable=3;external_dependency=2,resolved=3;terminal=2,0,https://github.com/github/spec-kit/blob/d1e86f638277a99b82715c22c90558cd58d3cffd/src/specify_cli/bundler/lib/project.py#L1-L89
242,src/specify_cli/bundler/lib/versioning.py,executable_source,3643,100,9E7A64128DEF81A5462FAB16CCB8BE2569D0A022B69268AD759C31F23670F2CE,python_ast,"Python module; top-level symbols=_normalize_semver,parse_version,_normalize_constraint,parse_constraint,satisfies,is_semver",5,executable=1;external_dependency=4,resolved=1;terminal=4,0,https://github.com/github/spec-kit/blob/d1e86f638277a99b82715c22c90558cd58d3cffd/src/specify_cli/bundler/lib/versioning.py#L1-L100
243,src/specify_cli/bundler/lib/yamlio.py,executable_source,7620,203,3D52A22FBE3CF9A5E66EAF18AC83B41A2F7B23900A7276F9565885F54D8AB1C6,python_ast,"Python module; top-level symbols=ensure_within,load_yaml,dump_yaml,load_json,loads_json,dump_json,is_safe_relpath",10,executable=1;external_dependency=9,resolved=1;terminal=9,0,https://github.com/github/spec-kit/blob/d1e86f638277a99b82715c22c90558cd58d3cffd/src/specify_cli/bundler/lib/yamlio.py#L1-L203
244,src/specify_cli/bundler/models/__init__.py,executable_source,91,3,3C79800CB92ED0B24113CAB514EE8AD81FC860E1FF16C0F8E70BA7DE79F302AB,python_ast,Python module; top-level symbols=none,1,external_dependency=1,terminal=1,0,https://github.com/github/spec-kit/blob/d1e86f638277a99b82715c22c90558cd58d3cffd/src/specify_cli/bundler/models/__init__.py#L1-L3
245,src/specify_cli/bundler/models/catalog.py,executable_source,13021,319,916F901006F401E2D701BA5321B5FC7186BCB64E079E46A008D488942C189241,python_ast,"Python module; top-level symbols=InstallPolicy,Scope,CatalogSource,_parse_tags,_parse_verified,CatalogEntry,load_catalog_payload,load_source_stack,_merge_config",7,executable=2;external_dependency=5,resolved=2;terminal=5,0,https://github.com/github/spec-kit/blob/d1e86f638277a99b82715c22c90558cd58d3cffd/src/specify_cli/bundler/models/catalog.py#L1-L319
246,src/specify_cli/bundler/models/manifest.py,executable_source,10938,289,824845C0ACC7FA0FCF5ABCD8E03AA242544642FE60A5492689C35B788870C049,python_ast,"Python module; top-level symbols=ComponentRef,IntegrationRef,Requires,BundleMeta,BundleManifest,_text,_parse_str_list,_parse_refs,_parse_priority",8,executable=3;external_dependency=5,resolved=3;terminal=5,0,https://github.com/github/spec-kit/blob/d1e86f638277a99b82715c22c90558cd58d3cffd/src/specify_cli/bundler/models/manifest.py#L1-L289
247,src/specify_cli/bundler/models/records.py,executable_source,8695,240,E8F56F8DC8F2D846FA2305C0BB736768481DC28D986023FDFC2EEC4E6336A328,python_ast,"Python module; top-level symbols=InstalledBundleRecord,records_path,_check_schema_version,load_records,save_records,find_record,upsert_record,remove_record,components_still_needed,_component_to_dict,_component_from_dict,_parse_priority",8,executable=3;external_dependency=5,resolved=3;terminal=5,0,https://github.com/github/spec-kit/blob/d1e86f638277a99b82715c22c90558cd58d3cffd/src/specify_cli/bundler/models/records.py#L1-L240
248,src/specify_cli/bundler/services/__init__.py,executable_source,127,3,F74E4BDC450ED41FA337DCF7BA609F474EE55FAC132CAA5CEA2B1E144058C411,python_ast,Python module; top-level symbols=none,1,external_dependency=1,terminal=1,0,https://github.com/github/spec-kit/blob/d1e86f638277a99b82715c22c90558cd58d3cffd/src/specify_cli/bundler/services/__init__.py#L1-L3
249,src/specify_cli/bundler/services/adapters.py,executable_source,9757,245,D11E5B2FA21A653C255D04308DAFE2C825F565E091F3AEA066BD542F09BC75AB,python_ast,"Python module; top-level symbols=_is_windows_drive_path,_file_url_to_path,_validate_remote_url,_load_packaged_community_catalog,make_catalog_fetcher,_http_get_json,DefaultPrimitiveInstaller",13,executable=8;external_dependency=5,resolved=8;terminal=5,0,https://github.com/github/spec-kit/blob/d1e86f638277a99b82715c22c90558cd58d3cffd/src/specify_cli/bundler/services/adapters.py#L1-L245
250,src/specify_cli/bundler/services/catalog_stack.py,executable_source,4325,123,6BABDEDF55474BDD9644C5C0883440CFF1F3911E45CE926DAB80C74176D196CF,python_ast,"Python module; top-level symbols=ResolvedBundle,CatalogStack,_matches",6,executable=2;external_dependency=4,resolved=2;terminal=4,0,https://github.com/github/spec-kit/blob/d1e86f638277a99b82715c22c90558cd58d3cffd/src/specify_cli/bundler/services/catalog_stack.py#L1-L123
251,src/specify_cli/bundler/services/conflict.py,executable_source,1924,55,1FD878BAE58F11A50D8DAA5ED1453A54C7F138CDDF13B8723981B29B526A0A3A,python_ast,"Python module; top-level symbols=ConflictReport,detect_conflicts",4,executable=2;external_dependency=2,resolved=2;terminal=2,0,https://github.com/github/spec-kit/blob/d1e86f638277a99b82715c22c90558cd58d3cffd/src/specify_cli/bundler/services/conflict.py#L1-L55
252,src/specify_cli/bundler/services/installer.py,executable_source,10592,258,0F7CFBD0A3A57F72FF80BB090274CD22266E72F6FA8BBA2325690B251CCA7112,python_ast,"Python module; top-level symbols=PrimitiveInstaller,InstallResult,install_bundle,remove_bundle,_refresh_component,_rollback",9,executable=5;external_dependency=4,resolved=5;terminal=4,0,https://github.com/github/spec-kit/blob/d1e86f638277a99b82715c22c90558cd58d3cffd/src/specify_cli/bundler/services/installer.py#L1-L258
253,src/specify_cli/bundler/services/packager.py,executable_source,6501,154,40AF31A0E77D5B03E2B0ED6A9A35FA95FAE23CAF3AAD2552D355B98531FF8542,python_ast,"Python module; top-level symbols=BuildResult,build_bundle,_is_within,_collect_files",10,executable=4;external_dependency=6,resolved=4;terminal=6,0,https://github.com/github/spec-kit/blob/d1e86f638277a99b82715c22c90558cd58d3cffd/src/specify_cli/bundler/services/packager.py#L1-L154
254,src/specify_cli/bundler/services/primitives.py,executable_source,16721,445,59A1B482345E88AECA25D5828C8B02C885F16A8C67F25F71ED298D983396D969,python_ast,"Python module; top-level symbols=_assert_pinned_version,_bundled_manifest_version,_KindManager,primitive_manager,_chdir,_delegate_command,_PresetKindManager,_ExtensionKindManager,_WorkflowKindManager,_StepKindManager",28,executable=19;external_dependency=9,resolved=19;terminal=9,0,https://github.com/github/spec-kit/blob/d1e86f638277a99b82715c22c90558cd58d3cffd/src/specify_cli/bundler/services/primitives.py#L1-L445
255,src/specify_cli/bundler/services/references.py,executable_source,4325,115,CC351E5D23DE131DDD74096B4754647F65F4D96688CDBCFE03012D1F7BCC6704,python_ast,"Python module; top-level symbols=_resolved_locally,_resolved_in_catalog,make_reference_checker",14,executable=12;external_dependency=2,resolved=12;terminal=2,0,https://github.com/github/spec-kit/blob/d1e86f638277a99b82715c22c90558cd58d3cffd/src/specify_cli/bundler/services/references.py#L1-L115
256,src/specify_cli/bundler/services/resolver.py,executable_source,4878,123,BA8C8FB8EB03454C9E5D49E5EB28FC31A05E7A6D652643EC98DD531903F32FDD,python_ast,"Python module; top-level symbols=InstallPlan,resolve_install_plan,load_manifest_from_dir",6,executable=3;external_dependency=3,resolved=3;terminal=3,0,https://github.com/github/spec-kit/blob/d1e86f638277a99b82715c22c90558cd58d3cffd/src/specify_cli/bundler/services/resolver.py#L1-L123
257,src/specify_cli/bundler/services/validator.py,executable_source,1969,61,D8A30A44A30B2CB1AA5E28397D38EC3AA07348DBE9A2AB45F431CE4CC336974E,python_ast,"Python module; top-level symbols=ValidationReport,validate_manifest",6,executable=3;external_dependency=3,resolved=3;terminal=3,0,https://github.com/github/spec-kit/blob/d1e86f638277a99b82715c22c90558cd58d3cffd/src/specify_cli/bundler/services/validator.py#L1-L61
258,src/specify_cli/catalogs.py,executable_source,7717,198,F38F390844A408CE3C69F42C49A2CED19ED9592A58B6E755CD9E2D8D414DDE13,python_ast,"Python module; top-level symbols=CatalogEntry,CatalogStackBase",6,external_dependency=6,terminal=6,0,https://github.com/github/spec-kit/blob/d1e86f638277a99b82715c22c90558cd58d3cffd/src/specify_cli/catalogs.py#L1-L198
259,src/specify_cli/commands/__init__.py,orchestration_asset,275,8,131AF38D513550B6ADD0966811A6362227BC1CC4F384BF85EE8C865C518B1FCA,python_ast,Python module; top-level symbols=none,1,external_dependency=1,terminal=1,0,https://github.com/github/spec-kit/blob/d1e86f638277a99b82715c22c90558cd58d3cffd/src/specify_cli/commands/__init__.py#L1-L8
260,src/specify_cli/commands/bundle/__init__.py,orchestration_asset,40545,1052,0B112AE85BBB4D7A6D6B40AB1BCA68254BE964C4AB599509C8511EEA6409CA97,python_ast,"Python module; top-level symbols=_fail,_user_config_dir,_build_stack,_speckit_version,_trust_level,_trust_badge,_default_script_type,_run_init,_resolve_init_integration,bundle_search,bundle_info,bundle_list",52,executable=36;external_dependency=16,resolved=36;terminal=16,0,https://github.com/github/spec-kit/blob/d1e86f638277a99b82715c22c90558cd58d3cffd/src/specify_cli/commands/bundle/__init__.py#L1-L1052
261,src/specify_cli/commands/event.py,orchestration_asset,1206,40,E504869D5C6AFF6B7113D0931D4A458AB74062EBF0B199B8F30F39208C9A3317,python_ast,"Python module; top-level symbols=event_run,register",5,executable=1;external_dependency=4,resolved=1;terminal=4,0,https://github.com/github/spec-kit/blob/d1e86f638277a99b82715c22c90558cd58d3cffd/src/specify_cli/commands/event.py#L1-L40
262,src/specify_cli/commands/init.py,orchestration_asset,47453,1069,87DD9A6B7B9615313DD3CB633D95C47E40786E74E2C40908841C39F78FC04375,python_ast,"Python module; top-level symbols=_stdin_is_interactive,_ext_spec_is_url,_confirm_extension_url_trust,_install_extension_during_init,ensure_constitution_from_template,register",37,executable=21;external_dependency=16,resolved=21;terminal=16,0,https://github.com/github/spec-kit/blob/d1e86f638277a99b82715c22c90558cd58d3cffd/src/specify_cli/commands/init.py#L1-L1069
263,src/specify_cli/events.py,executable_source,89531,2099,899172A97CFA26B4DFC1897E0E664FBFD6110FC4D08A7B8866461A6E70639A1A,python_ast,"Python module; top-level symbols=_find_command_template,_resolve_event_command_argv,_load_project_script_type,resolve_and_run_event_command,_normalize_handlers,_validate_resolved_event,resolve_events,_disabled_extension_ids,collect_extension_events,_resolve_interpreter,_resolve_interpreter_for_target,_native_timeout",34,executable=21;external_dependency=13,resolved=21;terminal=13,0,https://github.com/github/spec-kit/blob/d1e86f638277a99b82715c22c90558cd58d3cffd/src/specify_cli/events.py#L1-L2099
264,src/specify_cli/extensions/__init__.py,plugin_or_adapter,213114,4932,74DD188F9B516583AFFB7E21EF32E25D3FD2CC09469343EDDB322841538295D1,python_ast,"Python module; top-level symbols=_load_core_command_names,_fsync_fd,_fsync_directory,ExtensionError,ValidationError,CompatibilityError,normalize_priority,coerce_hook_entries,CatalogEntry,ExtensionManifest,ExtensionRegistry,ExtensionManager",70,executable=44;external_dependency=26,resolved=44;terminal=26,0,https://github.com/github/spec-kit/blob/d1e86f638277a99b82715c22c90558cd58d3cffd/src/specify_cli/extensions/__init__.py#L1-L4932
265,src/specify_cli/extensions/_commands.py,plugin_or_adapter,122461,2660,F94D3B6D4E6B6D5BFD21A2ECD20F3BED8E80443E9E17D60F57D6A6FE9565B30E,python_ast,"Python module; top-level symbols=_require_specify_project,_locate_bundled_extension,load_init_options,_display_project_path,_refresh_events_and_warn,install_extension_from_url,_load_catalog_command_config,_resolve_installed_extension,_resolve_catalog_extension,extension_list,catalog_list,catalog_add",49,executable=30;external_dependency=19,resolved=30;terminal=19,0,https://github.com/github/spec-kit/blob/d1e86f638277a99b82715c22c90558cd58d3cffd/src/specify_cli/extensions/_commands.py#L1-L2660
266,src/specify_cli/integration_runtime.py,executable_source,3826,114,B1763E9C9421CA1C6B39A0C09855C53F2BA6A35D8A69535E4DE405304A413134,python_ast,"Python module; top-level symbols=resolve_integration_options,with_integration_setting,invoke_separator_for_integration,invoke_prefix_for_integration",5,executable=2;external_dependency=3,resolved=2;terminal=3,0,https://github.com/github/spec-kit/blob/d1e86f638277a99b82715c22c90558cd58d3cffd/src/specify_cli/integration_runtime.py#L1-L114
267,src/specify_cli/integration_scaffold.py,executable_source,8940,282,1E1C4E4BADFE20FCC748585C038062DAC5D6A5CDF458D86498F9C600DDDED1F7,python_ast,"Python module; top-level symbols=IntegrationScaffoldResult,_IntegrationTemplate,supported_integration_scaffold_types,_clean_key,_package_name,_class_name,_display_name,_integration_content,_test_content,_is_spec_kit_repo_root,_assert_safe_scaffold_target,scaffold_integration",4,external_dependency=4,terminal=4,0,https://github.com/github/spec-kit/blob/d1e86f638277a99b82715c22c90558cd58d3cffd/src/specify_cli/integration_scaffold.py#L1-L282
268,src/specify_cli/integration_state.py,executable_source,9413,253,102753E52891FF7B28C1E502DF2962CDFE10B71C9A868320D316441A753D8EDE,python_ast,"Python module; top-level symbols=IntegrationReadError,_read_integration_json_data,try_read_integration_json,try_read_integration_json_with_raw,clean_integration_key,dedupe_integration_keys,normalize_integration_settings,_normalized_integration_state_schema,normalize_integration_state,default_integration_key,installed_integration_keys,integration_settings",5,external_dependency=5,terminal=5,0,https://github.com/github/spec-kit/blob/d1e86f638277a99b82715c22c90558cd58d3cffd/src/specify_cli/integration_state.py#L1-L253
269,src/specify_cli/integration_status.py,executable_source,22841,664,4513D719DB5085992245B81AEE564C458C206CB34521F7C801000FCE16666ECF,python_ast,"Python module; top-level symbols=_finding,_status,_with_error_detail,_integration_state_error_message,_sha256_file,_strip_extended_length_prefix,_is_within_project,_safe_manifest_file,_tracked_symlink_manifest_status,_resolve_project_root_for_status,_is_safe_manifest_key,_manifest_file_status",9,executable=3;external_dependency=6,resolved=3;terminal=6,0,https://github.com/github/spec-kit/blob/d1e86f638277a99b82715c22c90558cd58d3cffd/src/specify_cli/integration_status.py#L1-L664
270,src/specify_cli/integrations/__init__.py,executable_source,4594,129,F7171E7879D037C5BCF6D45F20D113ADC6FD3674DE11FC26FB4F9C1A7868AC4A,python_ast,"Python module; top-level symbols=_register,get_integration,_register_builtins",40,executable=38;external_dependency=2,resolved=38;terminal=2,0,https://github.com/github/spec-kit/blob/d1e86f638277a99b82715c22c90558cd58d3cffd/src/specify_cli/integrations/__init__.py#L1-L129
271,src/specify_cli/integrations/_commands.py,executable_source,1100,36,393362CC88C294936E4B64408175E70F0DB69DA52233CCC20017C5EBBC5A53CD,python_ast,Python module; top-level symbols=register,8,executable=6;external_dependency=2,resolved=6;terminal=2,0,https://github.com/github/spec-kit/blob/d1e86f638277a99b82715c22c90558cd58d3cffd/src/specify_cli/integrations/_commands.py#L1-L36
272,src/specify_cli/integrations/_helpers.py,executable_source,20428,550,1DF2B40001026A5DC97FCCEE8219E76259E5C58D5E80F905268662AE2FEEF01F,python_ast,"Python module; top-level symbols=_get_speckit_version,_read_integration_json,_write_integration_json,_refresh_init_options_speckit_version,_clear_init_options_for_integration,_remove_integration_json,_SharedTemplateRefreshError,_normalize_script_type,_resolve_script_type,_resolve_integration_script_type,_parse_integration_options,_resolve_integration_options",23,executable=16;external_dependency=7,resolved=16;terminal=7,0,https://github.com/github/spec-kit/blob/d1e86f638277a99b82715c22c90558cd58d3cffd/src/specify_cli/integrations/_helpers.py#L1-L550
273,src/specify_cli/integrations/_install_commands.py,executable_source,13425,330,E7B10789C1963C921FBF63DA771BE6BD93ACB0159FBF7D097E688D139E4243E6,python_ast,"Python module; top-level symbols=integration_install,integration_uninstall",18,executable=15;external_dependency=3,resolved=15;terminal=3,0,https://github.com/github/spec-kit/blob/d1e86f638277a99b82715c22c90558cd58d3cffd/src/specify_cli/integrations/_install_commands.py#L1-L330
274,src/specify_cli/integrations/_migrate_commands.py,executable_source,39853,900,B1A6DAA95E77A7F257819F9254F8EE6718CA887399D857982CE68CD5FB5E947E,python_ast,"Python module; top-level symbols=_manifest_tracks_skill_layout,_manifest_path_under,_legacy_command_root_changed,_legacy_command_root_upgrade_pending,_PresetRegistryUnreadableError,_installed_presets_affecting_agent,_installed_command_presets_affecting_agent,integration_switch,integration_upgrade",22,executable=17;external_dependency=5,resolved=17;terminal=5,0,https://github.com/github/spec-kit/blob/d1e86f638277a99b82715c22c90558cd58d3cffd/src/specify_cli/integrations/_migrate_commands.py#L1-L900
275,src/specify_cli/integrations/_query_commands.py,executable_source,23172,574,E20A641C08BE42FB67B79EE496AD6FBE74A874741B1E4DD40BAEE7B01745C5F4,python_ast,"Python module; top-level symbols=integration_list,_print_integration_status_report,integration_status,integration_use,integration_search,integration_info,integration_catalog_list,integration_catalog_add,integration_catalog_remove",30,executable=23;external_dependency=7,resolved=23;terminal=7,0,https://github.com/github/spec-kit/blob/d1e86f638277a99b82715c22c90558cd58d3cffd/src/specify_cli/integrations/_query_commands.py#L1-L574
276,src/specify_cli/integrations/_scaffold_commands.py,executable_source,2117,55,36C742525DDAF22130E583A8BB28D860FC1D2E483E961B92D73E4171838C7217,python_ast,Python module; top-level symbols=integration_scaffold,8,executable=4;external_dependency=4,resolved=4;terminal=4,0,https://github.com/github/spec-kit/blob/d1e86f638277a99b82715c22c90558cd58d3cffd/src/specify_cli/integrations/_scaffold_commands.py#L1-L55
277,src/specify_cli/integrations/agy/__init__.py,executable_source,4356,131,006502056AFD51B6CC593010917F5F98BA3FC942CF99967799785EE95D8BB786,python_ast,Python module; top-level symbols=AgyIntegration,7,executable=2;external_dependency=5,resolved=2;terminal=5,0,https://github.com/github/spec-kit/blob/d1e86f638277a99b82715c22c90558cd58d3cffd/src/specify_cli/integrations/agy/__init__.py#L1-L131
278,src/specify_cli/integrations/alquimia/__init__.py,executable_source,6156,166,21C5A68DB79670CDE2390E6B0DD4FF0DD366809485F09ED6D76DC0CDEF643364,python_ast,Python module; top-level symbols=AlquimiaAIIntegration,5,executable=3;external_dependency=2,resolved=3;terminal=2,0,https://github.com/github/spec-kit/blob/d1e86f638277a99b82715c22c90558cd58d3cffd/src/specify_cli/integrations/alquimia/__init__.py#L1-L166
279,src/specify_cli/integrations/amp/__init__.py,executable_source,486,21,06407FFE355696048246256CF502473B54FC4F01C9FD78AEB34D4BE14157B00F,python_ast,Python module; top-level symbols=AmpIntegration,1,executable=1,resolved=1,0,https://github.com/github/spec-kit/blob/d1e86f638277a99b82715c22c90558cd58d3cffd/src/specify_cli/integrations/amp/__init__.py#L1-L21
280,src/specify_cli/integrations/auggie/__init__.py,executable_source,564,22,CCFD395CB928192E366E26EA5384B5114610E8859F08FD82CE591D6A056C45B8,python_ast,Python module; top-level symbols=AuggieIntegration,1,executable=1,resolved=1,0,https://github.com/github/spec-kit/blob/d1e86f638277a99b82715c22c90558cd58d3cffd/src/specify_cli/integrations/auggie/__init__.py#L1-L22
281,src/specify_cli/integrations/base.py,executable_source,69513,1808,6596D5DC991DD8AE09F90E05CD215E7907A82294E799BF84615D90CCE2CDA2CE,python_ast,"Python module; top-level symbols=yaml_quote,IntegrationOption,IntegrationBase,MarkdownIntegration,TomlIntegration,YamlIntegration,SkillsIntegration",24,executable=7;external_dependency=17,resolved=7;terminal=17,0,https://github.com/github/spec-kit/blob/d1e86f638277a99b82715c22c90558cd58d3cffd/src/specify_cli/integrations/base.py#L1-L1808
282,src/specify_cli/integrations/bob/__init__.py,executable_source,11256,284,963099DAC3C13EC8D6856AA5D9D70F4B46DB6126206E8E360553CA830D22FD84,python_ast,"Python module; top-level symbols=_validate_mode_options,_warn_legacy_commands_deprecated,_BobSkillsHelper,_BobMarkdownHelper,BobIntegration",8,executable=3;external_dependency=5,resolved=3;terminal=5,0,https://github.com/github/spec-kit/blob/d1e86f638277a99b82715c22c90558cd58d3cffd/src/specify_cli/integrations/bob/__init__.py#L1-L284
283,src/specify_cli/integrations/catalog.py,executable_source,34691,846,D9180EE876FA4B20D8CBCFC53725214C2E635CA59E3E888D72C43621AE3AC8A2,python_ast,"Python module; top-level symbols=IntegrationCatalogError,IntegrationValidationError,IntegrationDescriptorError,_catalog_shape_error,IntegrationCatalogEntry,IntegrationCatalog,IntegrationDescriptor",17,executable=3;external_dependency=14,resolved=3;terminal=14,0,https://github.com/github/spec-kit/blob/d1e86f638277a99b82715c22c90558cd58d3cffd/src/specify_cli/integrations/catalog.py#L1-L846
284,src/specify_cli/integrations/claude/__init__.py,executable_source,8517,216,B0F678A2AA6FFDD3D371592759F427DDF9713BE4A0228951CB472654777272D8,python_ast,Python module; top-level symbols=ClaudeIntegration,5,executable=3;external_dependency=2,resolved=3;terminal=2,0,https://github.com/github/spec-kit/blob/d1e86f638277a99b82715c22c90558cd58d3cffd/src/specify_cli/integrations/claude/__init__.py#L1-L216
285,src/specify_cli/integrations/cline/__init__.py,executable_source,6602,185,6B7668E34DCF5819F3F6004ABF4E0DD36FF530061EB166E95C86DA43C4B51DB7,python_ast,"Python module; top-level symbols=format_cline_command_name,ClineIntegration",6,executable=2;external_dependency=4,resolved=2;terminal=4,0,https://github.com/github/spec-kit/blob/d1e86f638277a99b82715c22c90558cd58d3cffd/src/specify_cli/integrations/cline/__init__.py#L1-L185
286,src/specify_cli/integrations/codebuddy/__init__.py,executable_source,558,22,B657BBD7D83331526CA61F871150CF48ABC78340C51EF16773E6EA8A9AE1A422,python_ast,Python module; top-level symbols=CodebuddyIntegration,1,executable=1,resolved=1,0,https://github.com/github/spec-kit/blob/d1e86f638277a99b82715c22c90558cd58d3cffd/src/specify_cli/integrations/codebuddy/__init__.py#L1-L22
287,src/specify_cli/integrations/codex/__init__.py,executable_source,2135,73,121C9E59466576CAAF25A05AA18DA1A09DE8582E79415AE025B6CCF50675525D,python_ast,Python module; top-level symbols=CodexIntegration,2,executable=1;external_dependency=1,resolved=1;terminal=1,0,https://github.com/github/spec-kit/blob/d1e86f638277a99b82715c22c90558cd58d3cffd/src/specify_cli/integrations/codex/__init__.py#L1-L73
288,src/specify_cli/integrations/copilot/__init__.py,executable_source,21319,568,F48463B80CD7D6492698C6055FC7CBF9150AA2E06992A6503E499E64E1F42A88,python_ast,"Python module; top-level symbols=_copilot_executable,_allow_all,_warn_legacy_markdown_default,_CopilotSkillsHelper,CopilotIntegration",13,executable=3;external_dependency=10,resolved=3;terminal=10,0,https://github.com/github/spec-kit/blob/d1e86f638277a99b82715c22c90558cd58d3cffd/src/specify_cli/integrations/copilot/__init__.py#L1-L568
289,src/specify_cli/integrations/cursor_agent/__init__.py,executable_source,4353,116,F921E8072029C4C87C0AC0167CC6A441F48DECC23F54E332C0EAF008CEBF25C8,python_ast,Python module; top-level symbols=CursorAgentIntegration,2,executable=1;external_dependency=1,resolved=1;terminal=1,0,https://github.com/github/spec-kit/blob/d1e86f638277a99b82715c22c90558cd58d3cffd/src/specify_cli/integrations/cursor_agent/__init__.py#L1-L116
290,src/specify_cli/integrations/devin/__init__.py,executable_source,2911,85,1227250AFF25A8F98B86EF9A2F3F757BF177EA31F8C77BD9EC3BF69C24253296,python_ast,Python module; top-level symbols=DevinIntegration,2,executable=1;external_dependency=1,resolved=1;terminal=1,0,https://github.com/github/spec-kit/blob/d1e86f638277a99b82715c22c90558cd58d3cffd/src/specify_cli/integrations/devin/__init__.py#L1-L85
291,src/specify_cli/integrations/droid/__init__.py,executable_source,5530,136,80D75CB654D6F54B620104F29ABB600175E92A5FEF342C6B55879FF4FA8E9A84,python_ast,Python module; top-level symbols=DroidIntegration,2,executable=1;external_dependency=1,resolved=1;terminal=1,0,https://github.com/github/spec-kit/blob/d1e86f638277a99b82715c22c90558cd58d3cffd/src/specify_cli/integrations/droid/__init__.py#L1-L136
292,src/specify_cli/integrations/firebender/__init__.py,executable_source,1121,33,CBC64FE4D3F2A9A89B5E1CA14951B70EAE8C6BE3014D600DE3130B99147959F6,python_ast,Python module; top-level symbols=FirebenderIntegration,1,executable=1,resolved=1,0,https://github.com/github/spec-kit/blob/d1e86f638277a99b82715c22c90558cd58d3cffd/src/specify_cli/integrations/firebender/__init__.py#L1-L33
293,src/specify_cli/integrations/forge/__init__.py,executable_source,8081,219,0ADC02C10108535275FA47C76B521406FA4B7F6056BCC9ECE18C60F1018FDBD5,python_ast,"Python module; top-level symbols=format_forge_command_name,ForgeIntegration",5,executable=2;external_dependency=3,resolved=2;terminal=3,0,https://github.com/github/spec-kit/blob/d1e86f638277a99b82715c22c90558cd58d3cffd/src/specify_cli/integrations/forge/__init__.py#L1-L219
294,src/specify_cli/integrations/gemini/__init__.py,executable_source,1381,41,3A92B357BAE4B42BEE8033C21E382D6F3669C3403F2A9626381F9A10889B9E5B,python_ast,Python module; top-level symbols=GeminiIntegration,1,executable=1,resolved=1,0,https://github.com/github/spec-kit/blob/d1e86f638277a99b82715c22c90558cd58d3cffd/src/specify_cli/integrations/gemini/__init__.py#L1-L41
295,src/specify_cli/integrations/generic/__init__.py,executable_source,5356,148,DF60987544557C78557116B58DBC5CCB315324380B03CF640E737A5E3A16C03E,python_ast,Python module; top-level symbols=GenericIntegration,6,executable=2;external_dependency=4,resolved=2;terminal=4,0,https://github.com/github/spec-kit/blob/d1e86f638277a99b82715c22c90558cd58d3cffd/src/specify_cli/integrations/generic/__init__.py#L1-L148
296,src/specify_cli/integrations/goose/__init__.py,executable_source,544,21,994F1BE3477B62D5809E7A9FC9139EFC903CE2A729AB0B1054DCEE18B0D24601,python_ast,Python module; top-level symbols=GooseIntegration,1,executable=1,resolved=1,0,https://github.com/github/spec-kit/blob/d1e86f638277a99b82715c22c90558cd58d3cffd/src/specify_cli/integrations/goose/__init__.py#L1-L21
297,src/specify_cli/integrations/grok/__init__.py,executable_source,1788,61,4F3CB44FFC4DF67614C9D902CC02A3D170B32F4B2DD842C4794B6CF57E1598BE,python_ast,Python module; top-level symbols=GrokIntegration,2,executable=1;external_dependency=1,resolved=1;terminal=1,0,https://github.com/github/spec-kit/blob/d1e86f638277a99b82715c22c90558cd58d3cffd/src/specify_cli/integrations/grok/__init__.py#L1-L61
298,src/specify_cli/integrations/hermes/__init__.py,executable_source,10546,278,F9BE5AD4AE4C013CA1A01C710009009AFACA33710CA4BF5957CDA9F13F4E5933,python_ast,Python module; top-level symbols=HermesIntegration,7,executable=2;external_dependency=5,resolved=2;terminal=5,0,https://github.com/github/spec-kit/blob/d1e86f638277a99b82715c22c90558cd58d3cffd/src/specify_cli/integrations/hermes/__init__.py#L1-L278
299,src/specify_cli/integrations/junie/__init__.py,executable_source,524,22,0EF1E27B3B62944DD80D4204001C5B5B324AEB6045B095B8E942F310D9EDAB88,python_ast,Python module; top-level symbols=JunieIntegration,1,executable=1,resolved=1,0,https://github.com/github/spec-kit/blob/d1e86f638277a99b82715c22c90558cd58d3cffd/src/specify_cli/integrations/junie/__init__.py#L1-L22
300,src/specify_cli/integrations/kilocode/__init__.py,executable_source,544,23,FA8EF5421E379F05432E7EE42B886C467E64AE10C85EEB084973F6759ABED9B8,python_ast,Python module; top-level symbols=KilocodeIntegration,1,executable=1,resolved=1,0,https://github.com/github/spec-kit/blob/d1e86f638277a99b82715c22c90558cd58d3cffd/src/specify_cli/integrations/kilocode/__init__.py#L1-L23
301,src/specify_cli/integrations/kimi/__init__.py,executable_source,13841,371,8936D1603BAF563DE1DD9E07386EA886392B5F0D908F1989C6074DCAC6C02C98,python_ast,"Python module; top-level symbols=KimiIntegration,_has_symlinked_component,_is_safe_legacy_dir,_migrate_legacy_kimi_skills_dir,_legacy_to_target_name,_is_speckit_generated_skill,_migrate_legacy_kimi_dotted_skills",7,executable=2;external_dependency=5,resolved=2;terminal=5,0,https://github.com/github/spec-kit/blob/d1e86f638277a99b82715c22c90558cd58d3cffd/src/specify_cli/integrations/kimi/__init__.py#L1-L371
302,src/specify_cli/integrations/kiro_cli/__init__.py,executable_source,1405,37,36F2EE5C2F3872923335DBE4ACF3EC0CA4D828B491C87E004BFEAD891CDE3D90,python_ast,Python module; top-level symbols=KiroCliIntegration,1,executable=1,resolved=1,0,https://github.com/github/spec-kit/blob/d1e86f638277a99b82715c22c90558cd58d3cffd/src/specify_cli/integrations/kiro_cli/__init__.py#L1-L37
303,src/specify_cli/integrations/lingma/__init__.py,executable_source,1052,42,B7A11BF93A1BB1C2F027E8C4F352FC3C9065A5FDFB2255C99AB855F820F80443,python_ast,Python module; top-level symbols=LingmaIntegration,2,executable=1;external_dependency=1,resolved=1;terminal=1,0,https://github.com/github/spec-kit/blob/d1e86f638277a99b82715c22c90558cd58d3cffd/src/specify_cli/integrations/lingma/__init__.py#L1-L42
304,src/specify_cli/integrations/manifest.py,executable_source,22015,524,A353B9625A88418ADD3B1B9D6C8651103913F9CE916D3714AF8846994448F3CD,python_ast,"Python module; top-level symbols=_sha256,_validate_rel_path,_manifest_path_label,_ensure_safe_manifest_directory,_ensure_safe_manifest_destination,IntegrationManifest",8,external_dependency=8,terminal=8,0,https://github.com/github/spec-kit/blob/d1e86f638277a99b82715c22c90558cd58d3cffd/src/specify_cli/integrations/manifest.py#L1-L524
305,src/specify_cli/integrations/omp/__init__.py,executable_source,1423,46,05502D6FA3AE15294F2E29AB5377E815A3864C658BA34BC91CA83E729038CC7C,python_ast,Python module; top-level symbols=OmpIntegration,2,executable=1;external_dependency=1,resolved=1;terminal=1,0,https://github.com/github/spec-kit/blob/d1e86f638277a99b82715c22c90558cd58d3cffd/src/specify_cli/integrations/omp/__init__.py#L1-L46
306,src/specify_cli/integrations/opencode/__init__.py,executable_source,1752,60,A5470576BEB6C0751459EA5B15C5DC360E247724282D6B0A0A1F75FE0A7E6748,python_ast,Python module; top-level symbols=OpencodeIntegration,1,executable=1,resolved=1,0,https://github.com/github/spec-kit/blob/d1e86f638277a99b82715c22c90558cd58d3cffd/src/specify_cli/integrations/opencode/__init__.py#L1-L60
307,src/specify_cli/integrations/pi/__init__.py,executable_source,551,22,C43092587C54AE6A6AD1361856F1C0E079349F2C5A5CD6B3D36FD880A4BB16BB,python_ast,Python module; top-level symbols=PiIntegration,1,executable=1,resolved=1,0,https://github.com/github/spec-kit/blob/d1e86f638277a99b82715c22c90558cd58d3cffd/src/specify_cli/integrations/pi/__init__.py#L1-L22
308,src/specify_cli/integrations/qodercli/__init__.py,executable_source,519,22,0A16BA17F5473A15EEA4B7FCEF5BCEDA1D9550BF2AC44C7FB7EC508B6A8AF391,python_ast,Python module; top-level symbols=QodercliIntegration,1,executable=1,resolved=1,0,https://github.com/github/spec-kit/blob/d1e86f638277a99b82715c22c90558cd58d3cffd/src/specify_cli/integrations/qodercli/__init__.py#L1-L22
309,src/specify_cli/integrations/qwen/__init__.py,executable_source,1226,39,D9E41DE8C13B82FEF5230BEA172B69848A63C04A82E96AD9E65FAB7D63B49367,python_ast,Python module; top-level symbols=QwenIntegration,1,executable=1,resolved=1,0,https://github.com/github/spec-kit/blob/d1e86f638277a99b82715c22c90558cd58d3cffd/src/specify_cli/integrations/qwen/__init__.py#L1-L39
310,src/specify_cli/integrations/rovodev/__init__.py,executable_source,8455,249,B7DAD410EC47204DDB65BC357403378880484343DE1ED0F2398C0C7CBAD7F480,python_ast,Python module; top-level symbols=RovodevIntegration,7,executable=2;external_dependency=5,resolved=2;terminal=5,0,https://github.com/github/spec-kit/blob/d1e86f638277a99b82715c22c90558cd58d3cffd/src/specify_cli/integrations/rovodev/__init__.py#L1-L249
311,src/specify_cli/integrations/shai/__init__.py,executable_source,509,22,01A1AC32F3AA945F1C6764CDF2C413A6607985CAA3E5840646BC3BC64D2B3328,python_ast,Python module; top-level symbols=ShaiIntegration,1,executable=1,resolved=1,0,https://github.com/github/spec-kit/blob/d1e86f638277a99b82715c22c90558cd58d3cffd/src/specify_cli/integrations/shai/__init__.py#L1-L22
312,src/specify_cli/integrations/tabnine/__init__.py,executable_source,1482,42,B54317E6125D7D9D6BF00C79FBFE20A4AAB228384980330A6DDE3DC7BF62D64E,python_ast,Python module; top-level symbols=TabnineIntegration,1,executable=1,resolved=1,0,https://github.com/github/spec-kit/blob/d1e86f638277a99b82715c22c90558cd58d3cffd/src/specify_cli/integrations/tabnine/__init__.py#L1-L42
313,src/specify_cli/integrations/trae/__init__.py,executable_source,1097,41,7530F4D35525033D6F96042DBC3E14EA6BBFB4D3620BF9D0758208F344227634,python_ast,Python module; top-level symbols=TraeIntegration,2,executable=1;external_dependency=1,resolved=1;terminal=1,0,https://github.com/github/spec-kit/blob/d1e86f638277a99b82715c22c90558cd58d3cffd/src/specify_cli/integrations/trae/__init__.py#L1-L41
314,src/specify_cli/integrations/vibe/__init__.py,executable_source,3445,110,F7C062B21961DE8C44C9B54305E7FB27B0C86D65899DE60B07C886142F1FA7BD,python_ast,Python module; top-level symbols=VibeIntegration,6,executable=2;external_dependency=4,resolved=2;terminal=4,0,https://github.com/github/spec-kit/blob/d1e86f638277a99b82715c22c90558cd58d3cffd/src/specify_cli/integrations/vibe/__init__.py#L1-L110
315,src/specify_cli/integrations/zcode/__init__.py,executable_source,1198,43,B5B0A5ECF17054F4BD27950A52EB7D79147F58E7811253A8EBAB7D2E2079AF97,python_ast,Python module; top-level symbols=ZcodeIntegration,2,executable=1;external_dependency=1,resolved=1;terminal=1,0,https://github.com/github/spec-kit/blob/d1e86f638277a99b82715c22c90558cd58d3cffd/src/specify_cli/integrations/zcode/__init__.py#L1-L43
316,src/specify_cli/integrations/zed/__init__.py,executable_source,838,34,5F2103A5A048BB49AFFDD6F2425DB8AAEB2E8482B64732A68AD9D33C243518A5,python_ast,Python module; top-level symbols=ZedIntegration,2,executable=1;external_dependency=1,resolved=1;terminal=1,0,https://github.com/github/spec-kit/blob/d1e86f638277a99b82715c22c90558cd58d3cffd/src/specify_cli/integrations/zed/__init__.py#L1-L34
317,src/specify_cli/presets/__init__.py,executable_source,249083,5639,5BBA0C62902D3F9BE517A1D0D0952D2C713D908FBB03178833EA3758ABD63010,python_ast,"Python module; top-level symbols=_content_sha256,_constitution_is_generated,_constitution_provenance_matches_preset,_materialize_constitution_template,_substitute_core_template,PresetCatalogEntry,PresetError,PresetValidationError,PresetCompatibilityError,PresetManifest,PresetRegistry,PresetManager",81,executable=57;external_dependency=24,resolved=57;terminal=24,0,https://github.com/github/spec-kit/blob/d1e86f638277a99b82715c22c90558cd58d3cffd/src/specify_cli/presets/__init__.py#L1-L5639
318,src/specify_cli/presets/_commands.py,executable_source,35025,832,82339A3A40ECA55CF6783688C5B1B042549CDE62FA1CB7F2ECF3C25D182772ED,python_ast,"Python module; top-level symbols=preset_list,preset_add,preset_remove,preset_search,preset_resolve,preset_info,preset_set_priority,preset_enable,preset_disable,preset_catalog_list,preset_catalog_add,preset_catalog_remove",41,executable=31;external_dependency=10,resolved=31;terminal=10,0,https://github.com/github/spec-kit/blob/d1e86f638277a99b82715c22c90558cd58d3cffd/src/specify_cli/presets/_commands.py#L1-L832
319,src/specify_cli/shared_infra.py,executable_source,30115,721,225241B579A1AC99558F3C49242D8BF68241212492CE76234E91399D9315885B,python_ast,"Python module; top-level symbols=verify_archive_sha256,SymlinkedSharedPathError,load_speckit_manifest,shared_templates_source,shared_scripts_source,_shared_destination_label,_shared_relative_path,_ensure_safe_shared_directory,_validate_safe_shared_directory,_ensure_safe_shared_destination,_write_shared_text,_write_shared_bytes",12,executable=3;external_dependency=9,resolved=3;terminal=9,0,https://github.com/github/spec-kit/blob/d1e86f638277a99b82715c22c90558cd58d3cffd/src/specify_cli/shared_infra.py#L1-L721
320,src/specify_cli/workflows/__init__.py,orchestration_asset,7877,204,C0A2A98D8E5F9A70D59496181A436EC719A0F1473A2610D7C5C29602F26067A0,python_ast,"Python module; top-level symbols=_register_step,get_step_type,_register_builtin_steps,load_custom_steps",21,executable=13;external_dependency=8,resolved=13;terminal=8,0,https://github.com/github/spec-kit/blob/d1e86f638277a99b82715c22c90558cd58d3cffd/src/specify_cli/workflows/__init__.py#L1-L204
321,src/specify_cli/workflows/_commands.py,orchestration_asset,154621,3857,49B7612B2337EB3E692F92C3DA4DDA4D8B9F22A30ACE0C028B1D506A16CB2D76,python_ast,"Python module; top-level symbols=_error_console,_open_workflow_registry,_require_enabled_workflow,_path_has_symlink_component,_same_existing_path,_resolve_run_owner_root,_parse_input_values,_reject_unsafe_dir,_reject_unsafe_workflow_storage,_scan_for_workflow_owner,_expand_first_symlink_target,_resolve_installed_workflow_ownership",94,executable=51;external_dependency=43,resolved=51;terminal=43,0,https://github.com/github/spec-kit/blob/d1e86f638277a99b82715c22c90558cd58d3cffd/src/specify_cli/workflows/_commands.py#L1-L3857
322,src/specify_cli/workflows/base.py,orchestration_asset,4416,147,02781E2A4BF61C3887D196FA55C4F4B7702FAFED2A09397A65ECD2294895CA23,python_ast,"Python module; top-level symbols=StepStatus,RunStatus,StepContext,StepResult,StepBase",5,external_dependency=5,terminal=5,0,https://github.com/github/spec-kit/blob/d1e86f638277a99b82715c22c90558cd58d3cffd/src/specify_cli/workflows/base.py#L1-L147
323,src/specify_cli/workflows/catalog.py,orchestration_asset,61666,1502,4E0EB4D741711003C4F3B34912C8748F1B2AB969D1DB0C167F393BFA4923CF94,python_ast,"Python module; top-level symbols=WorkflowCatalogError,WorkflowValidationError,WorkflowCatalogEntry,WorkflowRegistry,WorkflowCatalog,StepCatalogError,StepValidationError,StepCatalogEntry,StepRegistry,StepCatalog",21,executable=3;external_dependency=18,resolved=3;terminal=18,0,https://github.com/github/spec-kit/blob/d1e86f638277a99b82715c22c90558cd58d3cffd/src/specify_cli/workflows/catalog.py#L1-L1502
324,src/specify_cli/workflows/engine.py,orchestration_asset,78099,1716,167770B3F5A6329633A4A5606782995188D4F1EC8C792FD92F192DCDC82D579F,python_ast,"Python module; top-level symbols=WorkflowDefinition,_get_valid_step_types,validate_workflow,_validate_steps,RunState,WorkflowEngine,WorkflowAbortError",22,executable=8;external_dependency=14,resolved=8;terminal=14,0,https://github.com/github/spec-kit/blob/d1e86f638277a99b82715c22c90558cd58d3cffd/src/specify_cli/workflows/engine.py#L1-L1716
325,src/specify_cli/workflows/expressions.py,orchestration_asset,27533,681,7F1F5084E5952A93A658E02C2501B2F3EA19411E8614D557FB5736EBC3340619,python_ast,"Python module; top-level symbols=_filter_default,_filter_join,_filter_map,_filter_contains,_filter_from_json,_resolve_dot_path,_build_namespace,_is_single_expression,_interpolate_expressions,_split_top_level,_split_top_level_commas,_find_top_level",4,external_dependency=4,terminal=4,0,https://github.com/github/spec-kit/blob/d1e86f638277a99b82715c22c90558cd58d3cffd/src/specify_cli/workflows/expressions.py#L1-L681
326,src/specify_cli/workflows/overlays/__init__.py,orchestration_asset,3589,96,AD40A869A3F5B52AB39BC0755B21D501CAA9A80CED635574F0394FD43AF65FD3,python_ast,"Python module; top-level symbols=_validate_workflow_id,WorkflowResolver",7,executable=5;external_dependency=2,resolved=5;terminal=2,0,https://github.com/github/spec-kit/blob/d1e86f638277a99b82715c22c90558cd58d3cffd/src/specify_cli/workflows/overlays/__init__.py#L1-L96
327,src/specify_cli/workflows/overlays/_commands.py,orchestration_asset,15984,453,04B3B3F61CFE896A3229DBA2A06A8545575D425E9510AA80A187C8F6F73854DB,python_ast,"Python module; top-level symbols=_validate_overlay_id_or_exit,_validate_workflow_id_or_exit,_overlay_root,_project_overlay_dir,_ensure_contained_dir,_find_overlay_file,_ensure_contained_path,_read_overlay,workflow_overlay_add,_update_overlay_field,workflow_overlay_set_priority,workflow_overlay_enable",11,executable=5;external_dependency=6,resolved=5;terminal=6,0,https://github.com/github/spec-kit/blob/d1e86f638277a99b82715c22c90558cd58d3cffd/src/specify_cli/workflows/overlays/_commands.py#L1-L453
328,src/specify_cli/workflows/overlays/composer.py,orchestration_asset,3830,98,7D1385B70226EA4D65155BACB6AC31023723C27B09B60CFC7E74488B17081BA8,python_ast,Python module; top-level symbols=StepListComposer,5,executable=3;external_dependency=2,resolved=3;terminal=2,0,https://github.com/github/spec-kit/blob/d1e86f638277a99b82715c22c90558cd58d3cffd/src/specify_cli/workflows/overlays/composer.py#L1-L98
329,src/specify_cli/workflows/overlays/layer_sources.py,orchestration_asset,8693,235,0EEB8E6B2E66BD9B97E746C67CEE18C766AD50A85F3EC233981F6DC73D818155,python_ast,"Python module; top-level symbols=Layer,OverlayLoadError,_validate_workflow_id,_ensure_contained_dir,_resolve_workflows_root,_resolve_project_overlay_root,ProjectOverlaySource,BaseWorkflowSource",5,executable=1;external_dependency=4,resolved=1;terminal=4,0,https://github.com/github/spec-kit/blob/d1e86f638277a99b82715c22c90558cd58d3cffd/src/specify_cli/workflows/overlays/layer_sources.py#L1-L235
330,src/specify_cli/workflows/overlays/merge.py,orchestration_asset,16315,408,9CC55645610087917364932ED6DC776820ABD86C9A5BBC1AF76E62ECD2ACFBF9,python_ast,"Python module; top-level symbols=ComposedStep,OverlayLayer,find_step,_all_base_step_ids,_descendant_ids,_check_anchor_conflicts,_init_sources_recursively,_record_sources_recursively,_remove_sources_recursively,_build_attribution,_traverse_and_apply,merge_steps",5,executable=1;external_dependency=4,resolved=1;terminal=4,0,https://github.com/github/spec-kit/blob/d1e86f638277a99b82715c22c90558cd58d3cffd/src/specify_cli/workflows/overlays/merge.py#L1-L408
331,src/specify_cli/workflows/overlays/schema.py,orchestration_asset,5868,177,B5B5B3B1B3E10A29E490524FC7EC64B78443C09BC6C41A0C59E49BAD3FB1114E,python_ast,"Python module; top-level symbols=OverlayEdit,Overlay,_validate_safe_id,_parse_edit,validate_overlay_yaml",5,executable=1;external_dependency=4,resolved=1;terminal=4,0,https://github.com/github/spec-kit/blob/d1e86f638277a99b82715c22c90558cd58d3cffd/src/specify_cli/workflows/overlays/schema.py#L1-L177
332,src/specify_cli/workflows/steps/__init__.py,orchestration_asset,46,2,4B94C03C0DF879DF47CAA3D8640EB52BE3580542AABF8966E1665530398002D7,python_ast,Python module; top-level symbols=none,0,none,none,0,https://github.com/github/spec-kit/blob/d1e86f638277a99b82715c22c90558cd58d3cffd/src/specify_cli/workflows/steps/__init__.py#L1-L2
333,src/specify_cli/workflows/steps/command/__init__.py,orchestration_asset,12799,280,D5903D143CE0CB05D35DD542DE0B10AE51FDEC58118D1E840E3BC0C9D15E2600,python_ast,Python module; top-level symbols=CommandStep,7,executable=3;external_dependency=4,resolved=3;terminal=4,0,https://github.com/github/spec-kit/blob/d1e86f638277a99b82715c22c90558cd58d3cffd/src/specify_cli/workflows/steps/command/__init__.py#L1-L280
334,src/specify_cli/workflows/steps/do_while/__init__.py,orchestration_asset,4922,107,51C0B15A514D317637471B069825C364C4CA5E54BC7380E0002EF0AAB7A71E44,python_ast,Python module; top-level symbols=DoWhileStep,3,executable=1;external_dependency=2,resolved=1;terminal=2,0,https://github.com/github/spec-kit/blob/d1e86f638277a99b82715c22c90558cd58d3cffd/src/specify_cli/workflows/steps/do_while/__init__.py#L1-L107
335,src/specify_cli/workflows/steps/fan_in/__init__.py,orchestration_asset,6216,133,68D555178D8A0F7BBEB5AED9BBA2ADFF30C315763501CF1F6A64F236E5431C53,python_ast,Python module; top-level symbols=FanInStep,4,executable=2;external_dependency=2,resolved=2;terminal=2,0,https://github.com/github/spec-kit/blob/d1e86f638277a99b82715c22c90558cd58d3cffd/src/specify_cli/workflows/steps/fan_in/__init__.py#L1-L133
336,src/specify_cli/workflows/steps/fan_out/__init__.py,orchestration_asset,4663,108,2966B218CCE3C6D079F29170EE4FA622606FAA51D3C58461F82A6E2F5FFD387D,python_ast,Python module; top-level symbols=FanOutStep,4,executable=2;external_dependency=2,resolved=2;terminal=2,0,https://github.com/github/spec-kit/blob/d1e86f638277a99b82715c22c90558cd58d3cffd/src/specify_cli/workflows/steps/fan_out/__init__.py#L1-L108
337,src/specify_cli/workflows/steps/gate/__init__.py,orchestration_asset,15894,341,2D314532F992828C9D39EAC95017F4EB4BBEED788B35F022FFF5FAF99BC869F1,python_ast,Python module; top-level symbols=GateStep,7,executable=2;external_dependency=5,resolved=2;terminal=5,0,https://github.com/github/spec-kit/blob/d1e86f638277a99b82715c22c90558cd58d3cffd/src/specify_cli/workflows/steps/gate/__init__.py#L1-L341
338,src/specify_cli/workflows/steps/if_then/__init__.py,orchestration_asset,4274,97,21E61F6C657D135A2321363F407650652B6D815C03E983CC9CF4EF90EFDDC033,python_ast,Python module; top-level symbols=IfThenStep,4,executable=2;external_dependency=2,resolved=2;terminal=2,0,https://github.com/github/spec-kit/blob/d1e86f638277a99b82715c22c90558cd58d3cffd/src/specify_cli/workflows/steps/if_then/__init__.py#L1-L97
339,src/specify_cli/workflows/steps/init/__init__.py,orchestration_asset,12372,310,EDE70243E7AFE679CBC07B1D371D0FEFF8BAACBE72467D7948F698F5650E394B,python_ast,Python module; top-level symbols=InitStep,8,executable=4;external_dependency=4,resolved=4;terminal=4,0,https://github.com/github/spec-kit/blob/d1e86f638277a99b82715c22c90558cd58d3cffd/src/specify_cli/workflows/steps/init/__init__.py#L1-L310
340,src/specify_cli/workflows/steps/prompt/__init__.py,orchestration_asset,12900,302,96E208B9682BEE560B31EE32BEF27DCC72C0CDF2767741F2FEC87C550077DB98,python_ast,Python module; top-level symbols=PromptStep,9,executable=3;external_dependency=6,resolved=3;terminal=6,0,https://github.com/github/spec-kit/blob/d1e86f638277a99b82715c22c90558cd58d3cffd/src/specify_cli/workflows/steps/prompt/__init__.py#L1-L302
341,src/specify_cli/workflows/steps/shell/__init__.py,orchestration_asset,7188,170,6E47D63C5CCD27C30FF27DFEE06594CADB1B661DD0333673FFE4465E2CBF2A78,python_ast,Python module; top-level symbols=ShellStep,8,executable=2;external_dependency=6,resolved=2;terminal=6,0,https://github.com/github/spec-kit/blob/d1e86f638277a99b82715c22c90558cd58d3cffd/src/specify_cli/workflows/steps/shell/__init__.py#L1-L170
342,src/specify_cli/workflows/steps/switch/__init__.py,orchestration_asset,4802,118,A13C0694EF0E46AB85247EAAA26F1880B61E208F7DFD51733C78900D2A7CA060,python_ast,Python module; top-level symbols=SwitchStep,4,executable=2;external_dependency=2,resolved=2;terminal=2,0,https://github.com/github/spec-kit/blob/d1e86f638277a99b82715c22c90558cd58d3cffd/src/specify_cli/workflows/steps/switch/__init__.py#L1-L118
343,src/specify_cli/workflows/steps/while_loop/__init__.py,orchestration_asset,5168,116,8D46248C29F4F965E06D5A964287A09DCE1759A73909078A22DB977297820DFA,python_ast,Python module; top-level symbols=WhileStep,4,executable=2;external_dependency=2,resolved=2;terminal=2,0,https://github.com/github/spec-kit/blob/d1e86f638277a99b82715c22c90558cd58d3cffd/src/specify_cli/workflows/steps/while_loop/__init__.py#L1-L116
344,SUPPORT.md,documentation,1001,19,A7802674B3541FE77C15F4002C7984AAFD8679D1BE66F9ED67635349B0E5A7B2,markdown_structure,Markdown; headings=4; lead=Support | How to get help | Project Status,6,external_dependency=4;repository_file=2,resolved=2;terminal=4,0,https://github.com/github/spec-kit/blob/d1e86f638277a99b82715c22c90558cd58d3cffd/SUPPORT.md#L1-L19
345,templates/checklist-template.md,orchestration_asset,1329,41,78AAF1D4B43C0E1D2340421FB090214DAA0E97E779AB213B322B5B6E23C73038,markdown_structure,Markdown; headings=4; lead=[CHECKLIST TYPE] Checklist: [FEATURE NAME] | [Category 1] | [Category 2],0,none,none,0,https://github.com/github/spec-kit/blob/d1e86f638277a99b82715c22c90558cd58d3cffd/templates/checklist-template.md#L1-L41
346,templates/commands/analyze.md,orchestration_asset,11351,256,79F5334BCE9B249D4C1A5E6949DEE3F3532DB89A0A97F3D2EB55C1A1C2FE06F6,markdown_structure,Markdown; headings=25; lead=User Input | Pre-Execution Checks | Goal,3,executable=3,resolved=3,0,https://github.com/github/spec-kit/blob/d1e86f638277a99b82715c22c90558cd58d3cffd/templates/commands/analyze.md#L1-L256
347,templates/commands/checklist.md,orchestration_asset,20796,370,0A862264B9B358138D6049590D42B392EE4DADB69D32811D460620F077924D4E,markdown_structure,"Markdown; headings=7; lead=Checklist Purpose: ""Unit Tests for English"" | User Input | Pre-Execution Checks",3,executable=3,resolved=3,0,https://github.com/github/spec-kit/blob/d1e86f638277a99b82715c22c90558cd58d3cffd/templates/commands/checklist.md#L1-L370
348,templates/commands/clarify.md,orchestration_asset,19022,292,9FCE9B3DFE037B67F52486DF112F89377FF6C0C598698131CDE65CEC610B5BBA,markdown_structure,Markdown; headings=6; lead=User Input | Pre-Execution Checks | Outline,3,executable=3,resolved=3,0,https://github.com/github/spec-kit/blob/d1e86f638277a99b82715c22c90558cd58d3cffd/templates/commands/clarify.md#L1-L292
349,templates/commands/constitution.md,orchestration_asset,9115,165,5C9FC61D8D3900567B4F1E30ECBCABDE3A34CE4E7AFF637280D5E0A9E1020D1D,markdown_structure,Markdown; headings=5; lead=User Input | Scope Guard | Pre-Execution Checks,1,prompt_only=1,terminal=1,0,https://github.com/github/spec-kit/blob/d1e86f638277a99b82715c22c90558cd58d3cffd/templates/commands/constitution.md#L1-L165
350,templates/commands/converge.md,orchestration_asset,12383,274,AAFBA511DEA42334373C7FFB9F58E2FB6D82889EA94EC86C1367DBB6A531CA36,markdown_structure,Markdown; headings=15; lead=User Input | Pre-Execution Checks | Goal,3,executable=3,resolved=3,0,https://github.com/github/spec-kit/blob/d1e86f638277a99b82715c22c90558cd58d3cffd/templates/commands/converge.md#L1-L274
351,templates/commands/implement.md,orchestration_asset,11819,220,D3EA38697D7D1E95AE3168E288D328E4F67D33B02EAEBD0B2E21041C90861820,markdown_structure,Markdown; headings=6; lead=User Input | Pre-Execution Checks | Outline,3,executable=3,resolved=3,0,https://github.com/github/spec-kit/blob/d1e86f638277a99b82715c22c90558cd58d3cffd/templates/commands/implement.md#L1-L220
352,templates/commands/plan.md,orchestration_asset,7675,171,4B093A68007C70BC91CA1E321224BFB38B5E19D2B8706395FCC4B5373284E240,markdown_structure,Markdown; headings=10; lead=User Input | Pre-Execution Checks | Outline,3,executable=3,resolved=3,0,https://github.com/github/spec-kit/blob/d1e86f638277a99b82715c22c90558cd58d3cffd/templates/commands/plan.md#L1-L171
353,templates/commands/specify.md,orchestration_asset,18083,346,07DE3D938DEF8407CCD30BD9A2C433BAB8F299C10915FE86199BD10438B295EC,markdown_structure,Markdown; headings=10; lead=User Input | Pre-Execution Checks | Outline,1,prompt_only=1,terminal=1,0,https://github.com/github/spec-kit/blob/d1e86f638277a99b82715c22c90558cd58d3cffd/templates/commands/specify.md#L1-L346
354,templates/commands/tasks.md,orchestration_asset,10797,220,1FD56D4EACB510F0BD57ACB85CDFEC96A23755458FCCA42FCFA1E837ED45D0BC,markdown_structure,Markdown; headings=10; lead=User Input | Pre-Execution Checks | Outline,3,executable=3,resolved=3,0,https://github.com/github/spec-kit/blob/d1e86f638277a99b82715c22c90558cd58d3cffd/templates/commands/tasks.md#L1-L220
355,templates/commands/taskstoissues.md,orchestration_asset,6938,107,7A52BD03A3BD1C8D4334D49F97D6F5E3A835CD2244A51044C6E0CD8AC0B495A4,markdown_structure,Markdown; headings=4; lead=User Input | Pre-Execution Checks | Outline,3,executable=3,resolved=3,0,https://github.com/github/spec-kit/blob/d1e86f638277a99b82715c22c90558cd58d3cffd/templates/commands/taskstoissues.md#L1-L107
356,templates/constitution-template.md,orchestration_asset,2346,51,CE7549540FA45543CCA797A150201D868E64495FDFF39DC38246FB17BD4024B3,markdown_structure,Markdown; headings=10; lead=[PROJECT_NAME] Constitution | Core Principles | [PRINCIPLE_1_NAME],0,none,none,0,https://github.com/github/spec-kit/blob/d1e86f638277a99b82715c22c90558cd58d3cffd/templates/constitution-template.md#L1-L51
357,templates/plan-template.md,orchestration_asset,3770,114,DFBA43DA2B2A207FF8C177A0FBA03AF074FD45E261696B4B64172041FAD2E992,markdown_structure,Markdown; headings=11; lead=Implementation Plan: [FEATURE] | Summary | Technical Context,0,none,none,0,https://github.com/github/spec-kit/blob/d1e86f638277a99b82715c22c90558cd58d3cffd/templates/plan-template.md#L1-L114
358,templates/spec-template.md,orchestration_asset,4556,132,3945437FC35CD30A5B2BF7BEEA680337C3516826D3EFA5A6B92C4A7ECA1BA28E,markdown_structure,Markdown; headings=12; lead=Feature Specification: [FEATURE NAME] | User Scenarios & Testing *(mandatory)* | User Story 1 - [Brief Title] (Priority: P1),0,none,none,0,https://github.com/github/spec-kit/blob/d1e86f638277a99b82715c22c90558cd58d3cffd/templates/spec-template.md#L1-L132
359,templates/tasks-template.md,orchestration_asset,9182,253,1E448E9153462E8C5B5A55231A54C756D870A82950D4DD9425A2BF5B7008A0D9,markdown_structure,Markdown; headings=28; lead=Tasks: [FEATURE NAME] | Format: `[ID] [P?] [Story] Description` | Path Conventions,0,none,none,0,https://github.com/github/spec-kit/blob/d1e86f638277a99b82715c22c90558cd58d3cffd/templates/tasks-template.md#L1-L253
360,templates/vscode-settings.json,orchestration_asset,350,14,3DB3A1D8417D38A56B405F60B600DCE666B4FC47BE7FE332A0B051C4BD1FD4B7,json_parse,"JSON dict; top-level keys=chat.promptFilesRecommendations,chat.tools.terminal.autoApprove",0,none,none,0,https://github.com/github/spec-kit/blob/d1e86f638277a99b82715c22c90558cd58d3cffd/templates/vscode-settings.json#L1-L14
361,tests/__init__.py,executable_source,31,2,FBCEBBDE8043D46EF171C03C82D0EA4FC041C2F1D8B950EDB5B73F4603CA28FE,python_ast,Python module; top-level symbols=none,0,none,none,0,https://github.com/github/spec-kit/blob/d1e86f638277a99b82715c22c90558cd58d3cffd/tests/__init__.py#L1-L2
362,tests/auth_helpers.py,executable_source,820,22,C28C933A850891D231FDB5586A39B6D0E67F717179B4DF4FA5C7C59941CC0193,python_ast,"Python module; top-level symbols=make_github_auth_entry,inject_github_config",3,executable=2;external_dependency=1,resolved=2;terminal=1,0,https://github.com/github/spec-kit/blob/d1e86f638277a99b82715c22c90558cd58d3cffd/tests/auth_helpers.py#L1-L22
363,tests/bundler_helpers.py,executable_source,4224,126,C2AD1A8CC70B909D88E3A86E8878B0F8A7F73E685594A2C6FDF1EC8B09BBD4FD,python_ast,"Python module; top-level symbols=valid_manifest_dict,write_manifest,make_project,catalog_payload,catalog_entry_dict,write_catalog_file,FakeInstaller",6,executable=2;external_dependency=4,resolved=2;terminal=4,0,https://github.com/github/spec-kit/blob/d1e86f638277a99b82715c22c90558cd58d3cffd/tests/bundler_helpers.py#L1-L126
364,tests/conftest.py,executable_source,6078,167,D784F0F37412272D9AF78D469F2579702AD30D6C15465B17BB622FBC78579329,python_ast,"Python module; top-level symbols=_has_working_bash,strip_ansi,_isolate_auth_config,_strip_specify_env,clean_environ,_fake_self_upgrade_argv0,uv_tool_argv0,pipx_argv0,uvx_ephemeral_argv0,unsupported_argv0",7,executable=1;external_dependency=6,resolved=1;terminal=6,0,https://github.com/github/spec-kit/blob/d1e86f638277a99b82715c22c90558cd58d3cffd/tests/conftest.py#L1-L167
365,tests/contract/test_bundle_cli.py,executable_source,34691,902,4E6C499C303A57F87EB1CBDEA00C63F325A9B5B2C2D2208A63483CE3C94BE6EF,python_ast,"test module; 34 static test_* definitions; symbols=_configure_markup_catalog,project,test_bundle_help_lists_all_commands,test_update_accepts_integration_override,test_list_empty_project,test_commands_outside_project_fail_with_guidance,test_remove_reports_clean_error_when_primitive_raises_raw_exception,test_fail_writes_error_to_stderr_not_stdout",28,executable=14;external_dependency=14,resolved=14;terminal=14,0,https://github.com/github/spec-kit/blob/d1e86f638277a99b82715c22c90558cd58d3cffd/tests/contract/test_bundle_cli.py#L1-L902
366,tests/contract/test_catalog_schema.py,executable_source,12454,315,409B88A16A0E6CA89A9A5C65D5E3257AA1D3B282AD4BFE84A641C2EC1395D44B,python_ast,"test module; 22 static test_* definitions; symbols=test_non_integer_source_priority_raises_actionable_error,test_builtin_default_stack_when_no_config,test_non_list_catalogs_raises_actionable_error,test_falsy_non_list_catalogs_still_raises,test_toplevel_non_mapping_raises,test_absent_or_empty_catalogs_is_noop,test_load_source_stack_rejects_unknown_schema_version,test_load_source_stack_accepts_matching_or_absent_schema_version",14,executable=8;external_dependency=6,resolved=8;terminal=6,0,https://github.com/github/spec-kit/blob/d1e86f638277a99b82715c22c90558cd58d3cffd/tests/contract/test_catalog_schema.py#L1-L315
367,tests/contract/test_manifest_schema.py,executable_source,8203,207,5D51EEC9F1CB2A8C96513D01F3133D5588ECD9CE67DC7BE6207B5AB12739A251,python_ast,"test module; 23 static test_* definitions; symbols=test_valid_manifest_has_no_structural_errors,test_missing_required_field_is_reported_by_name,test_explicit_null_bundle_field_is_reported_as_missing,test_explicit_null_speckit_version_is_reported_as_missing,test_explicit_null_component_id_is_not_named_none,test_unsupported_schema_version_is_rejected,test_non_semver_bundle_version_is_rejected,test_preset_requires_priority_and_strategy",5,executable=3;external_dependency=2,resolved=3;terminal=2,0,https://github.com/github/spec-kit/blob/d1e86f638277a99b82715c22c90558cd58d3cffd/tests/contract/test_manifest_schema.py#L1-L207
368,tests/contract/test_wheel_bundled_presets.py,executable_source,1998,54,F1F67169B220005D303E6A918D74B279C40B4BA41216818DDA5F5AAFDDACBA0C,python_ast,"test module; 2 static test_* definitions; symbols=_force_include,_bundled_preset_ids,test_every_bundled_preset_is_force_included,test_constitution_sync_is_bundled_and_shipped",4,external_dependency=4,terminal=4,0,https://github.com/github/spec-kit/blob/d1e86f638277a99b82715c22c90558cd58d3cffd/tests/contract/test_wheel_bundled_presets.py#L1-L54
369,tests/contract/test_wheel_core_pack_scripts.py,executable_source,1584,41,6A4F79FFFC44C32137EB7CD02116DD7A55B7EFC23BADF0E667586D23D13375E1,python_ast,"test module; 2 static test_* definitions; symbols=_force_include,test_every_script_variant_is_bundled_into_core_pack,test_python_script_variant_is_bundled",3,external_dependency=3,terminal=3,0,https://github.com/github/spec-kit/blob/d1e86f638277a99b82715c22c90558cd58d3cffd/tests/contract/test_wheel_core_pack_scripts.py#L1-L41
370,tests/extensions/__init__.py,plugin_or_adapter,31,2,00CBEA3D36BD404A5C957320CCD6AB9AE63D110A1816A851AF3D4DBE1209098F,python_ast,Python module; top-level symbols=none,0,none,none,0,https://github.com/github/spec-kit/blob/d1e86f638277a99b82715c22c90558cd58d3cffd/tests/extensions/__init__.py#L1-L2
371,tests/extensions/assess/__init__.py,plugin_or_adapter,0,1,E3B0C44298FC1C149AFBF4C8996FB92427AE41E4649B934CA495991B7852B855,python_ast,Python module; top-level symbols=none,0,none,none,0,https://github.com/github/spec-kit/blob/d1e86f638277a99b82715c22c90558cd58d3cffd/tests/extensions/assess/__init__.py#L1-L1
372,tests/extensions/assess/test_assess_extension.py,plugin_or_adapter,4846,125,BE941A1E33E9FAC700638DB7F426192E063BD7A2882AAA67D792F52D36A2847D,python_ast,"test module; 9 static test_* definitions; symbols=TestExtensionLayout,TestCatalogEntry,TestBundleResolution,TestExtensionInstall",7,executable=3;external_dependency=4,resolved=3;terminal=4,0,https://github.com/github/spec-kit/blob/d1e86f638277a99b82715c22c90558cd58d3cffd/tests/extensions/assess/test_assess_extension.py#L1-L125
373,tests/extensions/bug/__init__.py,plugin_or_adapter,0,1,E3B0C44298FC1C149AFBF4C8996FB92427AE41E4649B934CA495991B7852B855,python_ast,Python module; top-level symbols=none,0,none,none,0,https://github.com/github/spec-kit/blob/d1e86f638277a99b82715c22c90558cd58d3cffd/tests/extensions/bug/__init__.py#L1-L1
374,tests/extensions/bug/test_bug_extension.py,plugin_or_adapter,4315,114,B907C6FA01BB533B494AF2937D856329F52D73BBFE0D1AF0D5BA6E65E0CD17B1,python_ast,"test module; 8 static test_* definitions; symbols=TestExtensionLayout,TestCatalogEntry,TestBundleResolution,TestExtensionInstall",7,executable=3;external_dependency=4,resolved=3;terminal=4,0,https://github.com/github/spec-kit/blob/d1e86f638277a99b82715c22c90558cd58d3cffd/tests/extensions/bug/test_bug_extension.py#L1-L114
375,tests/extensions/git/__init__.py,plugin_or_adapter,43,2,5FEF4DA7EE17B9156E85EBD3F7F9C4AFD5B8D59851F71C62A3DF5DC711A13394,python_ast,Python module; top-level symbols=none,0,none,none,0,https://github.com/github/spec-kit/blob/d1e86f638277a99b82715c22c90558cd58d3cffd/tests/extensions/git/__init__.py#L1-L2
376,tests/extensions/git/test_git_extension_python_parity.py,plugin_or_adapter,28233,674,D05F3A9E190C7B482CDE6A1FF48F815E7E024F19A4FBCDD359E8239109465EF2,python_ast,"test module; 42 static test_* definitions; symbols=_setup_py_project,_run_py,_twin_projects,_assert_parity,_without_persist_hint,TestCreateFeatureBranchParity,TestInitializeRepoParity,TestAutoCommitParity",12,executable=2;external_dependency=10,resolved=2;terminal=10,0,https://github.com/github/spec-kit/blob/d1e86f638277a99b82715c22c90558cd58d3cffd/tests/extensions/git/test_git_extension_python_parity.py#L1-L674
377,tests/extensions/git/test_git_extension.py,plugin_or_adapter,93094,2083,E4EEA438422709E67FEE8B25A164E2856545DF0B77C1EA07D1E48BECB576EA91,python_ast,"test module; 116 static test_* definitions; symbols=_init_git,_setup_project,_write_config,_add_sibling_worktree,_run_bash,_run_pwsh,TestGitExtensionManifest,TestGitExtensionInstall",16,executable=8;external_dependency=8,resolved=8;terminal=8,0,https://github.com/github/spec-kit/blob/d1e86f638277a99b82715c22c90558cd58d3cffd/tests/extensions/git/test_git_extension.py#L1-L2083
378,tests/extensions/test_agent_context_cli_free.py,plugin_or_adapter,1853,58,397ABF4EF49C328C00A085BDE175DB68DB8AE1E3724941538AC518B5F1D94834,python_ast,"test module; 1 static test_* definitions; symbols=cli_source_texts,test_symbol_absent_from_cli_source",3,external_dependency=3,terminal=3,0,https://github.com/github/spec-kit/blob/d1e86f638277a99b82715c22c90558cd58d3cffd/tests/extensions/test_agent_context_cli_free.py#L1-L58
379,tests/extensions/test_extension_agent_context.py,plugin_or_adapter,35842,990,F61DD8DFDF11CA6791BB3C080CD0E9CB6B30F3810C25A2824021186E5EF50FF6,python_ast,"test module; 40 static test_* definitions; symbols=_write_ext_config,TestExtensionLayout,TestCatalogEntry,_install_agent_context_config,_bash_posix_path,_ensure_test_python_on_path,_current_pythonpath,_bundled_script_env",20,executable=11;external_dependency=9,resolved=11;terminal=9,0,https://github.com/github/spec-kit/blob/d1e86f638277a99b82715c22c90558cd58d3cffd/tests/extensions/test_extension_agent_context.py#L1-L990
380,tests/extensions/test_update_agent_context_feature_json.py,plugin_or_adapter,8447,211,AD6E41BC6747D51B8961011A979110B8E730BD1B019E54E2FAEE3A8F94DAC40E,python_ast,"test module; 9 static test_* definitions; symbols=_setup_project,_write_feature_json,_make_plan,test_bash_uses_feature_json_when_plan_exists,test_bash_ignores_newer_stale_plan_when_feature_json_present,test_bash_falls_back_to_mtime_when_feature_json_absent,test_bash_falls_back_to_mtime_when_plan_not_yet_created,test_bash_absolute_feature_dir_under_project_root",8,executable=2;external_dependency=6,resolved=2;terminal=6,0,https://github.com/github/spec-kit/blob/d1e86f638277a99b82715c22c90558cd58d3cffd/tests/extensions/test_update_agent_context_feature_json.py#L1-L211
381,tests/extensions/test_update_agent_context_python_parity.py,plugin_or_adapter,18588,529,747D0F9ED8850E576D9E48EBD4127AADF1CAB47A1395D4C98A684CF292594319,python_ast,"test module; 20 static test_* definitions; symbols=run_bash,run_python,run_powershell,normalize,write_config,make_project,add_plan,twin_projects",10,executable=1;external_dependency=9,resolved=1;terminal=9,0,https://github.com/github/spec-kit/blob/d1e86f638277a99b82715c22c90558cd58d3cffd/tests/extensions/test_update_agent_context_python_parity.py#L1-L529
382,tests/hooks/.specify/extensions.yml,hook,954,35,5CFF97DD1D2087F2D8B7308BEFF00E01C3A2BD5EE89616790DB55C40F0CACE03,yaml_structure,YAML; top-level keys=hooks,0,none,none,0,https://github.com/github/spec-kit/blob/d1e86f638277a99b82715c22c90558cd58d3cffd/tests/hooks/.specify/extensions.yml#L1-L35
383,tests/hooks/plan.md,hook,153,4,F562549DA48F6CE54ADF05F50D115583088164497B29ADBFB4CC58C818DF86B6,markdown_structure,Markdown; headings=1; lead=Test Setup for Hooks,0,none,none,0,https://github.com/github/spec-kit/blob/d1e86f638277a99b82715c22c90558cd58d3cffd/tests/hooks/plan.md#L1-L4
384,tests/hooks/spec.md,hook,69,2,9D9F15E0EA7DA0D8E9463C46A0E801ABCD2113FF8FAB0516E84AEC0D37AA8703,markdown_structure,"Markdown; headings=0; lead=- **User Story 1:** I want a test script that prints ""Hello hooks!"".",0,none,none,0,https://github.com/github/spec-kit/blob/d1e86f638277a99b82715c22c90558cd58d3cffd/tests/hooks/spec.md#L1-L2
385,tests/hooks/tasks.md,hook,70,2,710741DBF12A87AC6D2D3382EB871A9D095869C353DA395E33DB1076DBB5148D,markdown_structure,Markdown; headings=0; lead=- [ ] T001 [US1] Create script that prints 'Hello hooks!' in hello.py,0,none,none,0,https://github.com/github/spec-kit/blob/d1e86f638277a99b82715c22c90558cd58d3cffd/tests/hooks/tasks.md#L1-L2
386,tests/hooks/TESTING.md,hook,1831,31,3BE2CF189D2C7EB718B01FA1C7489ED59A43E5ADEA4343ECF36E547310FA7858,markdown_structure,Markdown; headings=4; lead=Testing Extension Hooks | Test 1: Testing `before_tasks` and `after_tasks` | Test 2: Testing `before_implement` and `after_implement`,0,none,none,0,https://github.com/github/spec-kit/blob/d1e86f638277a99b82715c22c90558cd58d3cffd/tests/hooks/TESTING.md#L1-L31
387,tests/http_helpers.py,executable_source,1495,47,2F9809330C8D3C160D3419D2B970261D2C0B059F7ECB08FE46B42C9CEA416F0F,python_ast,"Python module; top-level symbols=mock_urlopen_response,route_opener_open_through_urlopen",5,external_dependency=5,terminal=5,0,https://github.com/github/spec-kit/blob/d1e86f638277a99b82715c22c90558cd58d3cffd/tests/http_helpers.py#L1-L47
388,tests/integration/test_bundler_catalog_stack.py,executable_source,4997,142,F32C58F308D96CD705A141A8C422CA6AF8D82308DFDEA22B28FFE15B7EC5A3DA,python_ast,"test module; 6 static test_* definitions; symbols=_source,_stack,test_resolve_prefers_highest_precedence_source,test_explicit_catalog_shadows_builtin_community_at_default_priority,test_resolve_unknown_bundle_errors,test_search_dedupes_by_precedence_and_filters,test_search_does_not_surface_a_shadowed_lower_precedence_entry,test_unreachable_source_raises_named_error",6,executable=4;external_dependency=2,resolved=4;terminal=2,0,https://github.com/github/spec-kit/blob/d1e86f638277a99b82715c22c90558cd58d3cffd/tests/integration/test_bundler_catalog_stack.py#L1-L142
389,tests/integration/test_bundler_init_install.py,executable_source,2967,93,30B9900D185BB64C1D2A1F57430192C19C8DD2D202355B2F0FB284F6A6C4B92D,python_ast,"test module; 4 static test_* definitions; symbols=_manifest,test_precedence_override_wins,test_precedence_bundle_declared_when_no_override,test_precedence_default_when_unspecified,_build_mini,test_install_initializes_uninitialized_project",11,executable=5;external_dependency=6,resolved=5;terminal=6,0,https://github.com/github/spec-kit/blob/d1e86f638277a99b82715c22c90558cd58d3cffd/tests/integration/test_bundler_init_install.py#L1-L93
390,tests/integration/test_bundler_install_flow.py,executable_source,20692,507,1AE3924CDF669566C593169D878B503789D4ACDBC24F2CB14C67E6E4871E4052,python_ast,"test module; 21 static test_* definitions; symbols=_plan,test_install_records_and_invokes_primitives,test_install_is_idempotent,test_partial_failure_rolls_back_and_records_nothing,test_remove_is_non_collateral,test_remove_unknown_bundle_errors,test_remove_converts_raw_installer_exception_to_bundler_error,test_remove_partial_failure_message_reflects_partial_state",11,executable=8;external_dependency=3,resolved=8;terminal=3,0,https://github.com/github/spec-kit/blob/d1e86f638277a99b82715c22c90558cd58d3cffd/tests/integration/test_bundler_install_flow.py#L1-L507
391,tests/integration/test_bundler_local_install.py,executable_source,8193,235,D6C11D82439AB8FC02A25A1763BC0293A8B90C1FA2CF9E6E338560FC9E372991,python_ast,"test module; 13 static test_* definitions; symbols=test_local_source_none_for_non_path,test_local_source_from_directory,test_local_source_from_bundle_yml,test_local_source_from_zip_artifact,test_local_source_rejects_unknown_file,test_install_bundled_extension_from_zip_offline,test_download_manifest_rejects_file_url,test_download_manifest_rejects_bare_path",19,executable=8;external_dependency=11,resolved=8;terminal=11,0,https://github.com/github/spec-kit/blob/d1e86f638277a99b82715c22c90558cd58d3cffd/tests/integration/test_bundler_local_install.py#L1-L235
392,tests/integration/test_bundler_offline.py,executable_source,3761,98,559E1F3C2A07E9FD1B7E14B62A39DE3ED877902B21B5519C966472E271FC852A,python_ast,"test module; 8 static test_* definitions; symbols=_src,test_builtin_catalog_resolves_offline,test_builtin_community_catalog_resolves_from_packaged_snapshot_offline,test_file_catalog_resolves_offline,test_http_source_refused_when_offline,test_missing_file_catalog_errors_offline,test_file_url_catalog_resolves_offline,test_plain_http_remote_rejected_before_network",8,executable=5;external_dependency=3,resolved=5;terminal=3,0,https://github.com/github/spec-kit/blob/d1e86f638277a99b82715c22c90558cd58d3cffd/tests/integration/test_bundler_offline.py#L1-L98
393,tests/integration/test_bundler_security_paths.py,executable_source,6667,193,D0BA1D66608BDDAC6F8E0DDC2B68D15F77A91F4493B728B053FA7DD585B0D2EC,python_ast,"test module; 12 static test_* definitions; symbols=test_ensure_within_allows_child,test_ensure_within_rejects_parent_traversal,test_ensure_within_rejects_absolute_outside,test_ensure_within_rejects_symlink_escape,test_is_safe_relpath,test_build_skips_symlinks,test_load_records_refuses_symlinked_specify_escape,test_active_integration_refuses_symlinked_specify_escape",16,executable=10;external_dependency=6,resolved=10;terminal=6,0,https://github.com/github/spec-kit/blob/d1e86f638277a99b82715c22c90558cd58d3cffd/tests/integration/test_bundler_security_paths.py#L1-L193
394,tests/integrations/__init__.py,executable_source,0,1,E3B0C44298FC1C149AFBF4C8996FB92427AE41E4649B934CA495991B7852B855,python_ast,Python module; top-level symbols=none,0,none,none,0,https://github.com/github/spec-kit/blob/d1e86f638277a99b82715c22c90558cd58d3cffd/tests/integrations/__init__.py#L1-L1
395,tests/integrations/conftest.py,executable_source,2105,59,D07C549578F3EF903292730F896575C44965987E0C229EBEBAD7ED723C9501CE,python_ast,"Python module; top-level symbols=_redirect_home,_isolate_integration_home_session,_isolate_integration_home,StubIntegration",2,executable=1;external_dependency=1,resolved=1;terminal=1,0,https://github.com/github/spec-kit/blob/d1e86f638277a99b82715c22c90558cd58d3cffd/tests/integrations/conftest.py#L1-L59
396,tests/integrations/test_base.py,executable_source,30499,722,D86B0781F1AF3E039D4865C1C5766F7BC70CC505173ECB0A225BF4261DD4AA16,python_ast,"test module; 78 static test_* definitions; symbols=TestIntegrationOption,TestIntegrationBase,TestMarkdownIntegration,TestBasePrimitives,TestBuildCommandInvocation,TestResolveCommandRefs,TestResolvePythonInterpreter,TestProcessTemplatePyScriptType",18,executable=14;external_dependency=4,resolved=14;terminal=4,0,https://github.com/github/spec-kit/blob/d1e86f638277a99b82715c22c90558cd58d3cffd/tests/integrations/test_base.py#L1-L722
397,tests/integrations/test_cli.py,executable_source,109845,2651,13BA714AB55B0C7027F9174158F07A6D3EE1D29F28A731EC4AE4679A5391575A,python_ast,"test module; 102 static test_* definitions; symbols=_NoopConsole,_normalize_cli_output,TestCliDiagnosticFormatting,TestInitIntegrationFlag,TestForceExistingDirectory,TestGitExtensionOptIn,TestSharedInfraCommandRefs,TestIntegrationCatalogDiscoveryCLI",117,executable=78;external_dependency=39,resolved=78;terminal=39,0,https://github.com/github/spec-kit/blob/d1e86f638277a99b82715c22c90558cd58d3cffd/tests/integrations/test_cli.py#L1-L2651
398,tests/integrations/test_events.py,executable_source,97396,2240,EB1EF1B81FD822997FB1B72E57602C78BE8F7C773F1AE0D5F8B094C0DA55D387,python_ast,"test module; 104 static test_* definitions; symbols=TestResolveEvents,TestCollectExtensionEvents,TestCanonicalEventMapping,TestEventCapableOptionsComposition,TestValidateEvents,TestClaudeJsonMerging,TestCopilotJsonWriting,TestCursorJsonWriting",81,executable=63;external_dependency=18,resolved=63;terminal=18,0,https://github.com/github/spec-kit/blob/d1e86f638277a99b82715c22c90558cd58d3cffd/tests/integrations/test_events.py#L1-L2240
399,tests/integrations/test_extra_args.py,executable_source,22193,634,2CE6C7D72021318227EF9D8F350F0B92107718707DAD53873CEEC95E0850EF77,python_ast,"test module; 32 static test_* definitions; symbols=_ClaudeStub,_KiroCliStub,_NoCliStub,_MarkdownAgentStub,_TomlAgentStub,_clean_extra_args_env,test_env_var_unset_byte_identical_argv,test_env_var_set_flag_inserted_before_model_and_output_format",19,executable=14;external_dependency=5,resolved=14;terminal=5,0,https://github.com/github/spec-kit/blob/d1e86f638277a99b82715c22c90558cd58d3cffd/tests/integrations/test_extra_args.py#L1-L634
400,tests/integrations/test_home_isolation.py,executable_source,875,26,569002FB83140C5C9D01A4D5FB7E944EBB2000CE4A74EC90543E336AB804B9DE,python_ast,test module; 1 static test_* definitions; symbols=test_integration_tests_use_tmp_home,3,external_dependency=3,terminal=3,0,https://github.com/github/spec-kit/blob/d1e86f638277a99b82715c22c90558cd58d3cffd/tests/integrations/test_home_isolation.py#L1-L26
401,tests/integrations/test_integration_agy.py,executable_source,6765,155,EC4305EFDEB943800BD42D574EC1F7628120A61F1D02547BA15A4F834057A25D,python_ast,"test module; 14 static test_* definitions; symbols=TestAgyIntegration,TestAgyInitFlow,TestAgyBuildExecArgs,TestAgyHookCommandNote",16,executable=14;external_dependency=2,resolved=14;terminal=2,0,https://github.com/github/spec-kit/blob/d1e86f638277a99b82715c22c90558cd58d3cffd/tests/integrations/test_integration_agy.py#L1-L155
402,tests/integrations/test_integration_alquimia.py,executable_source,25174,608,9096316F689EBEEF7C3DC546D44D318E676EF6192719821900000DD4BB688116,python_ast,"test module; 33 static test_* definitions; symbols=TestAlquimiaAIIntegration,TestAlquimiaArgumentHints,TestAlquimiaDisableModelInvocation,TestAlquimiaHookCommandNote",22,executable=14;external_dependency=8,resolved=14;terminal=8,0,https://github.com/github/spec-kit/blob/d1e86f638277a99b82715c22c90558cd58d3cffd/tests/integrations/test_integration_alquimia.py#L1-L608
403,tests/integrations/test_integration_amp.py,executable_source,268,11,2FD89CD106BB2752488443694A230DBFAC2994BE2A42FFE731CB6058FE6EE348,python_ast,Python module; top-level symbols=TestAmpIntegration,1,executable=1,resolved=1,0,https://github.com/github/spec-kit/blob/d1e86f638277a99b82715c22c90558cd58d3cffd/tests/integrations/test_integration_amp.py#L1-L11
404,tests/integrations/test_integration_auggie.py,executable_source,279,11,82C7949E5BAB616D21BD6F719E7D7FDF73EECC1F92C6EB164F4C50D84FCA0D88,python_ast,Python module; top-level symbols=TestAuggieIntegration,1,executable=1,resolved=1,0,https://github.com/github/spec-kit/blob/d1e86f638277a99b82715c22c90558cd58d3cffd/tests/integrations/test_integration_auggie.py#L1-L11
405,tests/integrations/test_integration_base_markdown.py,executable_source,13107,315,AC1F3EA20D424C4C1A8D416F26C505FC56A15D21565F4D1A160640E88C4A3FA1,python_ast,test module; 18 static test_* definitions; symbols=MarkdownIntegrationTests,12,executable=7;external_dependency=5,resolved=7;terminal=5,0,https://github.com/github/spec-kit/blob/d1e86f638277a99b82715c22c90558cd58d3cffd/tests/integrations/test_integration_base_markdown.py#L1-L315
406,tests/integrations/test_integration_base_skills.py,executable_source,20745,490,DBF159B1707DFF79E0837F07866030E8D29B4EEE684FCC309BC4473E4EBAA219,python_ast,test module; 28 static test_* definitions; symbols=SkillsIntegrationTests,15,executable=8;external_dependency=7,resolved=8;terminal=7,0,https://github.com/github/spec-kit/blob/d1e86f638277a99b82715c22c90558cd58d3cffd/tests/integrations/test_integration_base_skills.py#L1-L490
407,tests/integrations/test_integration_base_toml.py,executable_source,23131,599,936576409ADE0F04F704082C12E95F7ED15057FE03A43BD33166EE0A75CA5ECA,python_ast,test module; 29 static test_* definitions; symbols=TomlIntegrationTests,14,executable=7;external_dependency=7,resolved=7;terminal=7,0,https://github.com/github/spec-kit/blob/d1e86f638277a99b82715c22c90558cd58d3cffd/tests/integrations/test_integration_base_toml.py#L1-L599
408,tests/integrations/test_integration_base_yaml.py,executable_source,20169,513,CFD190C1746122F97306F273B0F225677569D8DC445B7E6CCEC38084892F98FF,python_ast,test module; 26 static test_* definitions; symbols=YamlIntegrationTests,13,executable=7;external_dependency=6,resolved=7;terminal=6,0,https://github.com/github/spec-kit/blob/d1e86f638277a99b82715c22c90558cd58d3cffd/tests/integrations/test_integration_base_yaml.py#L1-L513
409,tests/integrations/test_integration_bob.py,executable_source,41226,928,A4584ACB3933F7623BFAE1A370B0B91060460B5D7F68B9D3467493769D423534,python_ast,"test module; 56 static test_* definitions; symbols=TestBobIntegrationRegistration,TestBobOptionsFlag,TestBobIsSkillsModeHook,TestBobDefaultSkillsMode,TestBobLegacyCommandsMode,TestBobInitFlowDefault,TestBobInitFlowLegacy,TestBobRegistrarConfig",49,executable=35;external_dependency=14,resolved=35;terminal=14,0,https://github.com/github/spec-kit/blob/d1e86f638277a99b82715c22c90558cd58d3cffd/tests/integrations/test_integration_bob.py#L1-L928
410,tests/integrations/test_integration_catalog.py,executable_source,73448,1843,FB86C13B4A243B9C0897520781845CC743BBF594082D2E31AE03D7AB7F0775C7,python_ast,"test module; 99 static test_* definitions; symbols=TestCatalogShapeValidator,TestIntegrationCatalogEntry,TestCatalogURLValidation,TestActiveCatalogs,_OversizedResponse,TestCatalogFetch,TestIntegrationDescriptor,TestIntegrationListCatalog",39,executable=21;external_dependency=18,resolved=21;terminal=18,0,https://github.com/github/spec-kit/blob/d1e86f638277a99b82715c22c90558cd58d3cffd/tests/integrations/test_integration_catalog.py#L1-L1843
411,tests/integrations/test_integration_claude.py,executable_source,36489,870,E93A09523843DA30B779F425B7CD15A3B4496A413F7721830BE30359BC1B61BB,python_ast,"test module; 40 static test_* definitions; symbols=TestClaudeIntegration,TestClaudeArgumentHints,TestClaudeDisableModelInvocation,TestClaudeForkContext,TestClaudeHookCommandNote,TestSpeckitManifestRecordsSkippedFiles",33,executable=19;external_dependency=14,resolved=19;terminal=14,0,https://github.com/github/spec-kit/blob/d1e86f638277a99b82715c22c90558cd58d3cffd/tests/integrations/test_integration_claude.py#L1-L870
412,tests/integrations/test_integration_cline.py,executable_source,8643,224,E8A6DCD7E33217C55CA95A7EEC640574F2D5CF7C41EF2612B73361F2D9ECAB1D,python_ast,"test module; 12 static test_* definitions; symbols=TestClineCommandNameFormatter,TestClineIntegration",8,executable=5;external_dependency=3,resolved=5;terminal=3,0,https://github.com/github/spec-kit/blob/d1e86f638277a99b82715c22c90558cd58d3cffd/tests/integrations/test_integration_cline.py#L1-L224
413,tests/integrations/test_integration_codebuddy.py,executable_source,640,22,970D40E1D8FB838E6FCBAB40B7D536C397CB53C881EA8B7C11664BC95CE3B35C,python_ast,test module; 1 static test_* definitions; symbols=TestCodebuddyIntegration,2,executable=2,resolved=2,0,https://github.com/github/spec-kit/blob/d1e86f638277a99b82715c22c90558cd58d3cffd/tests/integrations/test_integration_codebuddy.py#L1-L22
414,tests/integrations/test_integration_codex.py,executable_source,8304,194,322BD79512820B382AF141C31548F3199AE1E7ECBE25F7A077B06E0C10CF6510,python_ast,"test module; 10 static test_* definitions; symbols=TestCodexIntegration,TestCodexInitFlow,TestCodexHookCommandNote",13,executable=11;external_dependency=2,resolved=11;terminal=2,0,https://github.com/github/spec-kit/blob/d1e86f638277a99b82715c22c90558cd58d3cffd/tests/integrations/test_integration_codex.py#L1-L194
415,tests/integrations/test_integration_copilot.py,executable_source,41728,894,A69393123A43592951D443756DC149EA7A68014239DF4A76F7ACD581A838733D,python_ast,"test module; 55 static test_* definitions; symbols=TestCopilotIntegration,TestCopilotSkillsMode",41,executable=27;external_dependency=14,resolved=27;terminal=14,0,https://github.com/github/spec-kit/blob/d1e86f638277a99b82715c22c90558cd58d3cffd/tests/integrations/test_integration_copilot.py#L1-L894
416,tests/integrations/test_integration_cursor_agent.py,executable_source,10809,234,7F3936488E130771EC6F76763469194171E2BC507D93EDBE3EF6206AE7F745D4,python_ast,"test module; 13 static test_* definitions; symbols=TestCursorAgentIntegration,TestCursorAgentInitFlow,TestCursorAgentCliDispatch",7,executable=3;external_dependency=4,resolved=3;terminal=4,0,https://github.com/github/spec-kit/blob/d1e86f638277a99b82715c22c90558cd58d3cffd/tests/integrations/test_integration_cursor_agent.py#L1-L234
417,tests/integrations/test_integration_devin.py,executable_source,2968,75,7FD0F5862B05253817E763313A0CFCEDAE62E37C19E3EA892B4CF62FFFC80BD4,python_ast,"test module; 4 static test_* definitions; symbols=TestDevinIntegration,TestDevinBuildExecArgs,TestDevinInitFlow",6,executable=5;external_dependency=1,resolved=5;terminal=1,0,https://github.com/github/spec-kit/blob/d1e86f638277a99b82715c22c90558cd58d3cffd/tests/integrations/test_integration_devin.py#L1-L75
418,tests/integrations/test_integration_droid.py,executable_source,11472,277,7B5A65A8457CC53A16F3085FD919284F603B31AE3A4C1E17F764F4AC65CFEBD8,python_ast,"test module; 20 static test_* definitions; symbols=TestDroidIntegration,TestDroidInitFlow,TestDroidBuildExecArgs,TestDroidFrontmatter,TestDroidCommandInvocation",10,executable=7;external_dependency=3,resolved=7;terminal=3,0,https://github.com/github/spec-kit/blob/d1e86f638277a99b82715c22c90558cd58d3cffd/tests/integrations/test_integration_droid.py#L1-L277
419,tests/integrations/test_integration_firebender.py,executable_source,1896,45,03F43B1DB1D3F26243DF539FBCD2030E4E101932648E331F4796C26B0519CA6F,python_ast,test module; 2 static test_* definitions; symbols=TestFirebenderIntegration,3,executable=3,resolved=3,0,https://github.com/github/spec-kit/blob/d1e86f638277a99b82715c22c90558cd58d3cffd/tests/integrations/test_integration_firebender.py#L1-L45
420,tests/integrations/test_integration_forge.py,executable_source,22503,519,41BA8620B37216A00D251BC8785A06ACEE79E1915E358CAD1A2552D4E7AA3097,python_ast,"test module; 26 static test_* definitions; symbols=TestForgeCommandNameFormatter,TestForgeIntegration,TestForgeCommandRegistrar,TestForgeInitNextSteps",28,executable=23;external_dependency=5,resolved=23;terminal=5,0,https://github.com/github/spec-kit/blob/d1e86f638277a99b82715c22c90558cd58d3cffd/tests/integrations/test_integration_forge.py#L1-L519
421,tests/integrations/test_integration_gemini.py,executable_source,265,11,813241A1126374A64969A2FB3E80C3BC6B7E653DDB3F9DEDFF25247B6B200D9F,python_ast,Python module; top-level symbols=TestGeminiIntegration,1,executable=1,resolved=1,0,https://github.com/github/spec-kit/blob/d1e86f638277a99b82715c22c90558cd58d3cffd/tests/integrations/test_integration_gemini.py#L1-L11
422,tests/integrations/test_integration_generic.py,executable_source,19078,421,37CC19EA5BB5B398FACCD4FF4116633CAFD929E6FB1475BF80026D23B4CAE3F1,python_ast,test module; 28 static test_* definitions; symbols=TestGenericIntegration,17,executable=12;external_dependency=5,resolved=12;terminal=5,0,https://github.com/github/spec-kit/blob/d1e86f638277a99b82715c22c90558cd58d3cffd/tests/integrations/test_integration_generic.py#L1-L421
423,tests/integrations/test_integration_goose.py,executable_source,3400,86,13A5957A007C0EBB52959BC7EF4048B26DE38610A0049DA6082B7C809A313BDF,python_ast,"test module; 2 static test_* definitions; symbols=TestGooseIntegration,TestGooseCommandPlaceholderResolution",5,executable=4;external_dependency=1,resolved=4;terminal=1,0,https://github.com/github/spec-kit/blob/d1e86f638277a99b82715c22c90558cd58d3cffd/tests/integrations/test_integration_goose.py#L1-L86
424,tests/integrations/test_integration_grok.py,executable_source,6477,188,201152867128409021C34944160C115DFB0A7A536DCE5FBBFE0C48D70D28DDFC,python_ast,"test module; 8 static test_* definitions; symbols=TestGrokIntegration,TestGrokInitFlow,TestGrokNextSteps,TestGrokInitOptions",12,executable=7;external_dependency=5,resolved=7;terminal=5,0,https://github.com/github/spec-kit/blob/d1e86f638277a99b82715c22c90558cd58d3cffd/tests/integrations/test_integration_grok.py#L1-L188
425,tests/integrations/test_integration_hermes.py,executable_source,16420,391,8511A4476B94443C0C692BFDFD9DEAEA54B1B28635664AFBBF5353A9824589F6,python_ast,"test module; 17 static test_* definitions; symbols=_fake_home,TestHermesIntegration,TestHermesInitFlow,TestHermesBuildExecArgs",12,executable=6;external_dependency=6,resolved=6;terminal=6,0,https://github.com/github/spec-kit/blob/d1e86f638277a99b82715c22c90558cd58d3cffd/tests/integrations/test_integration_hermes.py#L1-L391
426,tests/integrations/test_integration_junie.py,executable_source,272,11,C4E884F0E13C2B127FFE6BBF580004C9DED615768007B766828980D3FC897EE3,python_ast,Python module; top-level symbols=TestJunieIntegration,1,executable=1,resolved=1,0,https://github.com/github/spec-kit/blob/d1e86f638277a99b82715c22c90558cd58d3cffd/tests/integrations/test_integration_junie.py#L1-L11
427,tests/integrations/test_integration_kilocode.py,executable_source,2865,77,5CB013024126BAA116BB487C3B9BB260542A7F66B7B3EBF30B887FD55D7C0243,python_ast,test module; 4 static test_* definitions; symbols=TestKilocodeIntegration,3,executable=3,resolved=3,0,https://github.com/github/spec-kit/blob/d1e86f638277a99b82715c22c90558cd58d3cffd/tests/integrations/test_integration_kilocode.py#L1-L77
428,tests/integrations/test_integration_kimi.py,executable_source,15016,387,6040FCFAC28EA25B6BA38661441660850E665A1F8C13A41C93517D4BAE652E14,python_ast,"test module; 20 static test_* definitions; symbols=_symlink_or_skip,TestKimiIntegration,TestKimiOptions,TestKimiLegacyMigration,TestKimiTeardownLegacyCleanup,TestKimiCommandInvocation,TestKimiLegacySymlinkSafety,TestKimiNextSteps",9,executable=5;external_dependency=4,resolved=5;terminal=4,0,https://github.com/github/spec-kit/blob/d1e86f638277a99b82715c22c90558cd58d3cffd/tests/integrations/test_integration_kimi.py#L1-L387
429,tests/integrations/test_integration_kiro_cli.py,executable_source,6993,152,122DFB581662DA2B63F8C1ACB071402708835545A0BEEC3CA85E46566937CAC3,python_ast,"test module; 7 static test_* definitions; symbols=_looks_like_placeholder_token,TestKiroCliIntegration,TestKiroIntegration",8,executable=5;external_dependency=3,resolved=5;terminal=3,0,https://github.com/github/spec-kit/blob/d1e86f638277a99b82715c22c90558cd58d3cffd/tests/integrations/test_integration_kiro_cli.py#L1-L152
430,tests/integrations/test_integration_lingma.py,executable_source,647,19,7145B82C6BC98D5AF952E8BF56C0E7B8086E5BC679D002667C948BABF2C5D9FC,python_ast,test module; 1 static test_* definitions; symbols=TestLingmaIntegration,2,executable=2,resolved=2,0,https://github.com/github/spec-kit/blob/d1e86f638277a99b82715c22c90558cd58d3cffd/tests/integrations/test_integration_lingma.py#L1-L19
431,tests/integrations/test_integration_omp.py,executable_source,1062,37,228F21345E294FF23A0592CE46246F56C0E73DF2BB7916DB16FA290A478FCACD,python_ast,test module; 2 static test_* definitions; symbols=TestOmpIntegration,2,executable=2,resolved=2,0,https://github.com/github/spec-kit/blob/d1e86f638277a99b82715c22c90558cd58d3cffd/tests/integrations/test_integration_omp.py#L1-L37
432,tests/integrations/test_integration_opencode.py,executable_source,7605,200,B85A0F1314CECB5CA16C22C426E4CED20B6C2F3301541F2770EE8E92EC66D076,python_ast,test module; 9 static test_* definitions; symbols=TestOpencodeIntegration,5,executable=4;external_dependency=1,resolved=4;terminal=1,0,https://github.com/github/spec-kit/blob/d1e86f638277a99b82715c22c90558cd58d3cffd/tests/integrations/test_integration_opencode.py#L1-L200
433,tests/integrations/test_integration_pi.py,executable_source,636,19,6EA23B7F4CE4BBF0B210DD047344D1A235B44E3C3EE997C5BB0BDDDF18F2970B,python_ast,test module; 1 static test_* definitions; symbols=TestPiIntegration,2,executable=2,resolved=2,0,https://github.com/github/spec-kit/blob/d1e86f638277a99b82715c22c90558cd58d3cffd/tests/integrations/test_integration_pi.py#L1-L19
434,tests/integrations/test_integration_qodercli.py,executable_source,281,11,8AC3FBC45518EAE6DD8951FDAA7E303B55B105CE82E2F7E0DB7FAF138029B42D,python_ast,Python module; top-level symbols=TestQodercliIntegration,1,executable=1,resolved=1,0,https://github.com/github/spec-kit/blob/d1e86f638277a99b82715c22c90558cd58d3cffd/tests/integrations/test_integration_qodercli.py#L1-L11
435,tests/integrations/test_integration_qwen.py,executable_source,267,11,B9904772F6729DD57D7C0B249BDD99AA1DF99101DF023A221F70097D2D8B1AE3,python_ast,Python module; top-level symbols=TestQwenIntegration,1,executable=1,resolved=1,0,https://github.com/github/spec-kit/blob/d1e86f638277a99b82715c22c90558cd58d3cffd/tests/integrations/test_integration_qwen.py#L1-L11
436,tests/integrations/test_integration_rovodev.py,executable_source,12628,296,2F0831580C4E188A7549A58E00F0412E01666C4E8198924BA3956F26E21F2C05,python_ast,"test module; 14 static test_* definitions; symbols=_run_init,rovodev_init_project,TestRovodevIntegration",10,executable=3;external_dependency=7,resolved=3;terminal=7,0,https://github.com/github/spec-kit/blob/d1e86f638277a99b82715c22c90558cd58d3cffd/tests/integrations/test_integration_rovodev.py#L1-L296
437,tests/integrations/test_integration_scaffold.py,executable_source,8448,239,56731B29262E037195BF3B767A8A09B84FA7DC300CD8B5D80D94EBB4FA8B8337,python_ast,"test module; 13 static test_* definitions; symbols=_repo_root,test_integration_scaffold_creates_markdown_files,test_scaffold_type_templates,test_integration_scaffold_rejects_unknown_type_before_scaffolding,test_integration_scaffold_reports_filesystem_errors_cleanly,test_scaffold_refuses_invalid_key,test_scaffold_refuses_unknown_type,test_scaffold_refuses_overwrite",7,executable=4;external_dependency=3,resolved=4;terminal=3,0,https://github.com/github/spec-kit/blob/d1e86f638277a99b82715c22c90558cd58d3cffd/tests/integrations/test_integration_scaffold.py#L1-L239
438,tests/integrations/test_integration_shai.py,executable_source,267,11,815AD02BADC049B040496DAB3B8171C07302CB46304BB5439545766BBACC3BFF,python_ast,Python module; top-level symbols=TestShaiIntegration,1,executable=1,resolved=1,0,https://github.com/github/spec-kit/blob/d1e86f638277a99b82715c22c90558cd58d3cffd/tests/integrations/test_integration_shai.py#L1-L11
439,tests/integrations/test_integration_state.py,executable_source,3751,115,1DF6D489A6DF03D226181BE15C09FD6ED92B02E38D4D2A278EF675E8A8E93291,python_ast,"test module; 7 static test_* definitions; symbols=test_normalize_integration_state_strips_default_key_without_duplicates,test_normalize_integration_state_strips_legacy_key_fallback,test_normalize_integration_state_preserves_newer_schema,test_default_integration_key_strips_raw_state_values,test_integration_settings_strip_invoke_separator,test_write_integration_json_strips_integration_key,test_with_integration_setting_recomputes_separator_from_retained_options",4,executable=3;external_dependency=1,resolved=3;terminal=1,0,https://github.com/github/spec-kit/blob/d1e86f638277a99b82715c22c90558cd58d3cffd/tests/integrations/test_integration_state.py#L1-L115
440,tests/integrations/test_integration_subcommand.py,executable_source,186592,4308,D7AD32423E1C5ABFF128BC85B1546DAD0BDF06F80566BEF4BFEF595586CEDA1D,python_ast,"test module; 145 static test_* definitions; symbols=test_script_help_includes_python_variant,_init_project,_run_in_project,_write_invalid_manifest,_move_kilocode_install_to_legacy_layout,_copy_project_template,status_copilot_template,status_claude_template",47,executable=29;external_dependency=18,resolved=29;terminal=18,0,https://github.com/github/spec-kit/blob/d1e86f638277a99b82715c22c90558cd58d3cffd/tests/integrations/test_integration_subcommand.py#L1-L4308
441,tests/integrations/test_integration_tabnine.py,executable_source,282,11,F14A187D1A857E7AA7E8114296B484BABC470D831BDFD6BA35090AE08153229E,python_ast,Python module; top-level symbols=TestTabnineIntegration,1,executable=1,resolved=1,0,https://github.com/github/spec-kit/blob/d1e86f638277a99b82715c22c90558cd58d3cffd/tests/integrations/test_integration_tabnine.py#L1-L11
442,tests/integrations/test_integration_trae.py,executable_source,257,11,C952B3B3A1B312B97844E40AAD266E61763CA7CA096016D5A8C66BF09971A5BF,python_ast,Python module; top-level symbols=TestTraeIntegration,1,executable=1,resolved=1,0,https://github.com/github/spec-kit/blob/d1e86f638277a99b82715c22c90558cd58d3cffd/tests/integrations/test_integration_trae.py#L1-L11
443,tests/integrations/test_integration_vibe.py,executable_source,1366,38,252C9C3800AC3A17EC7987C1EB81DEC81C495AA6D7511136E727559EB3F09457,python_ast,"test module; 1 static test_* definitions; symbols=TestVibeIntegration,TestVibeUserInvocable",4,executable=3;external_dependency=1,resolved=3;terminal=1,0,https://github.com/github/spec-kit/blob/d1e86f638277a99b82715c22c90558cd58d3cffd/tests/integrations/test_integration_vibe.py#L1-L38
444,tests/integrations/test_integration_zcode.py,executable_source,1213,37,9B32043F532C1FB52C97CB35F8F6A48CD564D1D65D992B9055CE60E6648C2C39,python_ast,"test module; 1 static test_* definitions; symbols=TestZcodeIntegration,TestZcodeInvocation",4,executable=2;external_dependency=2,resolved=2;terminal=2,0,https://github.com/github/spec-kit/blob/d1e86f638277a99b82715c22c90558cd58d3cffd/tests/integrations/test_integration_zcode.py#L1-L37
445,tests/integrations/test_integration_zed.py,executable_source,6115,166,CFE4990FA50C0FC2C87EE164561F6F680D5DD37C9D224C199761BC13A297B518,python_ast,"test module; 6 static test_* definitions; symbols=TestZedIntegration,TestZedHookInvocations,TestSlashSkillsSets",9,executable=6;external_dependency=3,resolved=6;terminal=3,0,https://github.com/github/spec-kit/blob/d1e86f638277a99b82715c22c90558cd58d3cffd/tests/integrations/test_integration_zed.py#L1-L166
446,tests/integrations/test_manifest.py,executable_source,25490,579,6E7BE59FDD8F4FC38BDD06A9A42574AFADB75AD0997007B4B8452CF651E27DD4,python_ast,"test module; 55 static test_* definitions; symbols=TestManifestRecordFile,TestManifestRecordExistingErrors,TestManifestPathTraversal,TestManifestCheckModified,TestManifestUninstall,TestManifestPersistence,TestManifestLoadValidation,TestManifestRecoveredFiles",7,executable=1;external_dependency=6,resolved=1;terminal=6,0,https://github.com/github/spec-kit/blob/d1e86f638277a99b82715c22c90558cd58d3cffd/tests/integrations/test_manifest.py#L1-L579
447,tests/integrations/test_registry.py,executable_source,11623,312,C2B10BD56CAA8E92A795EF94209B25B6A7B3C896D5E3B5AF235A7180650E8393,python_ast,"test module; 15 static test_* definitions; symbols=_multi_install_safe_keys,_multi_install_safe_pairs,_multi_install_safe_orders,_multi_install_safe_order_id,_posix_path,_integration_root_dir,_integration_commands_dir,_paths_overlap",12,executable=6;external_dependency=6,resolved=6;terminal=6,0,https://github.com/github/spec-kit/blob/d1e86f638277a99b82715c22c90558cd58d3cffd/tests/integrations/test_registry.py#L1-L312
448,tests/integrations/test_skill_frontmatter_quoting.py,executable_source,6851,181,BC479C780BEFA9605234E46D901792AEF2EEDD1C82663C05CAF3F8E1C3A8A09E,python_ast,"test module; 8 static test_* definitions; symbols=_parse_frontmatter,_fake_templates,TestYamlQuote,TestSkillFrontmatterQuoting,_parse_frontmatter_line_anchored,TestSkillFrontmatterEmbeddedDashes,TestHermesSkillFrontmatterQuoting",5,executable=3;external_dependency=2,resolved=3;terminal=2,0,https://github.com/github/spec-kit/blob/d1e86f638277a99b82715c22c90558cd58d3cffd/tests/integrations/test_skill_frontmatter_quoting.py#L1-L181
449,tests/parity_helpers.py,executable_source,4214,134,83973906C190EDD5CDCB3064D6946A75DF66F1238BE9696162D65BC7AC8DB9F8,python_ast,"Python module; top-level symbols=make_repo,install_scripts,bash_cmd,py_cmd,ps_cmd,clean_env,run,json_stdout,write_feature_json,normalize_repo_paths,normalize_script_names,normalize_status_text",7,external_dependency=7,terminal=7,0,https://github.com/github/spec-kit/blob/d1e86f638277a99b82715c22c90558cd58d3cffd/tests/parity_helpers.py#L1-L134
450,tests/self_upgrade_helpers.py,executable_source,1985,66,E5D80D22672C9A3771261E46BA4062E59ED5B78670F2C0BAD7CD8417D55E936E,python_ast,Python module; top-level symbols=_completed_process,7,executable=3;external_dependency=4,resolved=3;terminal=4,0,https://github.com/github/spec-kit/blob/d1e86f638277a99b82715c22c90558cd58d3cffd/tests/self_upgrade_helpers.py#L1-L66
451,tests/test_agent_config_consistency.py,executable_source,16991,441,A98EF75AC383E3BEE1231994BBA1C009BCB4CAACBAB9E7A581DD8563BBBEAD19,python_ast,"test module; 28 static test_* definitions; symbols=_issue_template,_body_item_by_id,_dropdown_options,_normalized_markdown,_markdown_value_containing,_markdown_paragraph_containing,_supported_agent_names_from_agent_request_template,TestAgentConfigConsistency",11,executable=5;external_dependency=6,resolved=5;terminal=6,0,https://github.com/github/spec-kit/blob/d1e86f638277a99b82715c22c90558cd58d3cffd/tests/test_agent_config_consistency.py#L1-L441
452,tests/test_authentication.py,executable_source,59109,1394,3D962814E9924854485267E72D4F102241CFC360E82076E1F688A0E7BEB7CD11,python_ast,"test module; 106 static test_* definitions; symbols=_github_entry,_ado_basic_entry,_StubProvider,TestLoadAuthConfig,TestFindEntriesForUrl,TestAuthRegistry,TestGitHubAuth,TestAzureDevOpsAuth",120,executable=44;external_dependency=76,resolved=44;terminal=76,0,https://github.com/github/spec-kit/blob/d1e86f638277a99b82715c22c90558cd58d3cffd/tests/test_authentication.py#L1-L1394
453,tests/test_branch_numbering.py,executable_source,870,25,2FE3C5F9D79B18DAD0A5EFACC7F7955E7D8F23C01355CF087A7E7657E7C47072,python_ast,test module; 1 static test_* definitions; symbols=TestBranchNumberingFlagRemoved,3,executable=1;external_dependency=2,resolved=1;terminal=2,0,https://github.com/github/spec-kit/blob/d1e86f638277a99b82715c22c90558cd58d3cffd/tests/test_branch_numbering.py#L1-L25
454,tests/test_check_prerequisites_paths_only.py,executable_source,18929,486,03B94E46DDE71E7B7509D650F1C27AB17B84D8706ACB7FA33EA3D37AA5BDD300,python_ast,"test module; 15 static test_* definitions; symbols=_install_bash_scripts,_install_ps_scripts,_write_feature_json,_clean_env,_git_init,prereq_repo,test_paths_only_succeeds_on_non_spec_branch,test_paths_only_succeeds_on_spec_branch",7,executable=1;external_dependency=6,resolved=1;terminal=6,0,https://github.com/github/spec-kit/blob/d1e86f638277a99b82715c22c90558cd58d3cffd/tests/test_check_prerequisites_paths_only.py#L1-L486
455,tests/test_check_prerequisites_python_parity.py,executable_source,15940,439,221B40A0AF13644D179DDEED4BD1567B9A2891870568909E4E55C226B1C6CF87,python_ast,"test module; 14 static test_* definitions; symbols=_install_scripts,_write_feature_json,_clean_env,_git_init,prereq_repo,_py_cmd,_repo_copy_py_cmd,_bash_cmd",10,executable=1;external_dependency=9,resolved=1;terminal=9,0,https://github.com/github/spec-kit/blob/d1e86f638277a99b82715c22c90558cd58d3cffd/tests/test_check_prerequisites_python_parity.py#L1-L439
456,tests/test_check_tool.py,executable_source,6247,150,0B34D0D711A856EF80EA2DE6B9037CBF359B77F5E183D850DCFCB82F07E398E5,python_ast,"test module; 11 static test_* definitions; symbols=TestCheckToolClaude,TestCheckToolOther,TestCheckTip",4,executable=2;external_dependency=2,resolved=2;terminal=2,0,https://github.com/github/spec-kit/blob/d1e86f638277a99b82715c22c90558cd58d3cffd/tests/test_check_tool.py#L1-L150
457,tests/test_cli_version.py,executable_source,3029,80,0ADB136E1119427228B7FFF272ED5A7CDE935CE3724670CA59CC7D31C18E2A65,python_ast,"test module; 6 static test_* definitions; symbols=TestVersionFlag,TestVersionCommand",4,executable=1;external_dependency=3,resolved=1;terminal=3,0,https://github.com/github/spec-kit/blob/d1e86f638277a99b82715c22c90558cd58d3cffd/tests/test_cli_version.py#L1-L80
458,tests/test_command_template_py_scripts.py,executable_source,8197,233,E52B45BC4B200430A5A7333634F736F7D384879FC40F76437A13EDC2347D7323,python_ast,"test module; 10 static test_* definitions; symbols=_py_script,_pin_interpreter,test_py_templates_discovered,test_referenced_python_script_exists,test_template_renders_python_invocation,test_py_missing_variant_rejects_opposite_shell_only,test_missing_script_preference_keeps_available_shell,test_spaced_python_interpreter_uses_powershell_call_operator",12,executable=3;external_dependency=9,resolved=3;terminal=9,0,https://github.com/github/spec-kit/blob/d1e86f638277a99b82715c22c90558cd58d3cffd/tests/test_command_template_py_scripts.py#L1-L233
459,tests/test_commands_package.py,executable_source,1617,53,31D35CDDB3C5890976C74CB93B6611B5996EC9F04ED88AD361072E7CB2B5A7E8,python_ast,"test module; 7 static test_* definitions; symbols=test_commands_package_importable,test_commands_init_importable,test_agent_config_importable,test_script_type_choices_includes_python,test_workflow_init_valid_script_types_includes_python,test_agent_config_re_exported_from_init,test_init_command_registered",6,executable=5;external_dependency=1,resolved=5;terminal=1,0,https://github.com/github/spec-kit/blob/d1e86f638277a99b82715c22c90558cd58d3cffd/tests/test_commands_package.py#L1-L53
460,tests/test_console_imports.py,executable_source,1011,42,64353984C8D43C4F2039CAB8FD76770945EBD9CE01009DDE3B23C99A3B108418,python_ast,"test module; 4 static test_* definitions; symbols=test_console_symbols_importable,test_console_symbols_available_from_star_import,test_step_tracker_instantiable,test_select_with_arrows_raises_on_empty_options",3,executable=1;external_dependency=2,resolved=1;terminal=2,0,https://github.com/github/spec-kit/blob/d1e86f638277a99b82715c22c90558cd58d3cffd/tests/test_console_imports.py#L1-L42
461,tests/test_create_new_feature_python_parity.py,executable_source,30836,970,850CFC62FD110B1EB899BA9FEFADFDB88FC868FF46EE99973AEDCB2FD1F991A6,python_ast,"test module; 34 static test_* definitions; symbols=_setup_repo,_normalized_error_text,repo,repo_pair,_run_all_variants_allow_existing,test_python_prefix_scan_tolerates_permission_error,test_python_branch_name_generation_matches_bash,test_python_number_flag_matches_bash",8,executable=2;external_dependency=6,resolved=2;terminal=6,0,https://github.com/github/spec-kit/blob/d1e86f638277a99b82715c22c90558cd58d3cffd/tests/test_create_new_feature_python_parity.py#L1-L970
462,tests/test_download_security.py,executable_source,40654,1248,CF59431D3A57AC3E10BE44D0D1A9CCFC31CD436F5512EBD7D7DEA6203F136F0C,python_ast,"test module; 67 static test_* definitions; symbols=test_is_https_or_localhost_http,test_is_loopback_url_recognizes_effective_loopback_literals,test_is_loopback_url_does_not_authorize_ambiguous_spellings,_Response,_RecordingResponse,_TrackedChunk,_OneByteResponse,_CustomZipError",10,executable=1;external_dependency=9,resolved=1;terminal=9,0,https://github.com/github/spec-kit/blob/d1e86f638277a99b82715c22c90558cd58d3cffd/tests/test_download_security.py#L1-L1248
463,tests/test_extension_add_path_traversal.py,executable_source,12408,402,5A936C32E7203F021C61B8F6413966E2D457361030CDB0201A3FCB960082407C,python_ast,"test module; 11 static test_* definitions; symbols=_require_secure_dir_fd,_symlink_directory,project_dir,test_symlinked_cache_ancestor_is_refused,test_symlinked_cache_ancestor_is_refused_without_dir_fd,test_cache_ancestor_resolving_outside_project_is_refused,test_safe_open_refuses_exclusive_leaf_collision,test_safe_open_refuses_swapped_cache_ancestor",13,executable=3;external_dependency=10,resolved=3;terminal=10,0,https://github.com/github/spec-kit/blob/d1e86f638277a99b82715c22c90558cd58d3cffd/tests/test_extension_add_path_traversal.py#L1-L402
464,tests/test_extension_registration.py,executable_source,19423,498,47D3A45358BE5A45F9764191AFECA22899C5940ACB5F1D8C2AA5FE07C8E50DD1,python_ast,"test module; 22 static test_* definitions; symbols=project_dir,TestExtensionRegistration",3,executable=1;external_dependency=2,resolved=1;terminal=2,0,https://github.com/github/spec-kit/blob/d1e86f638277a99b82715c22c90558cd58d3cffd/tests/test_extension_registration.py#L1-L498
465,tests/test_extension_skills.py,executable_source,152033,3588,C0BD6542373AE89D7AF13538533AC6B8146F120D3DEB444CD351FDA752A6C320,python_ast,"test module; 92 static test_* definitions; symbols=_create_init_options,_create_skills_dir,_create_extension_dir,_create_extension_dir_with_aliases,_create_unicode_extension_dir,_create_dashed_description_extension_dir,_can_create_symlink,temp_dir",17,executable=9;external_dependency=8,resolved=9;terminal=8,0,https://github.com/github/spec-kit/blob/d1e86f638277a99b82715c22c90558cd58d3cffd/tests/test_extension_skills.py#L1-L3588
466,tests/test_extension_update_hardening.py,executable_source,72486,2226,09B123D567DA69DD749D18DF2C6FAB652E2D57EDD00F2A2DCC5376C90A742AA0,python_ast,"test module; 32 static test_* definitions; symbols=_valid_update_manifest,_write_update_zip,_stub_available_update,_update_backup_dirs,project_dir,test_extension_update_corrupted_config_root,test_extension_update_corrupted_hooks_value,test_extension_update_rollback_corrupted_config",23,executable=3;external_dependency=20,resolved=3;terminal=20,0,https://github.com/github/spec-kit/blob/d1e86f638277a99b82715c22c90558cd58d3cffd/tests/test_extension_update_hardening.py#L1-L2226
467,tests/test_extensions.py,executable_source,414789,10457,9F8FE52A224C028A0A7AF635141A7F3BC43010DED0097E27102DF7AFE18651CC,python_ast,"test module; 367 static test_* definitions; symbols=_open_test_download_zip,_validate_safe_cache_dir_test_stand_in,can_create_symlink,temp_dir,valid_manifest_data,extension_dir,project_dir,TestNormalizePriority",366,executable=98;external_dependency=268,resolved=98;terminal=268,0,https://github.com/github/spec-kit/blob/d1e86f638277a99b82715c22c90558cd58d3cffd/tests/test_extensions.py#L1-L10457
468,tests/test_github_http.py,executable_source,17658,446,BA6DE22022D22BEDABC89F3069870524CC06EE5285303349A9FF4E78A81B9A47,python_ast,"test module; 31 static test_* definitions; symbols=TestBuildGitHubRequest,TestResolveGitHubReleaseAssetApiUrl,TestGitHubRedirectAuth",10,executable=2;external_dependency=8,resolved=2;terminal=8,0,https://github.com/github/spec-kit/blob/d1e86f638277a99b82715c22c90558cd58d3cffd/tests/test_github_http.py#L1-L446
469,tests/test_github_workflows.py,executable_source,2055,60,42F0FED829B910436C697577ABA034248D96E415A3497F64067BC15C3EE783E6,python_ast,"test module; 3 static test_* definitions; symbols=test_github_actions_are_pinned_to_full_commit_shas,test_pinned_action_ref_accepts_uppercase_hex_sha,test_community_bundle_submission_automation_is_wired",3,external_dependency=3,terminal=3,0,https://github.com/github/spec-kit/blob/d1e86f638277a99b82715c22c90558cd58d3cffd/tests/test_github_workflows.py#L1-L60
470,tests/test_init_dir_cli.py,executable_source,11946,295,D15CA733695C42ED5C8B4C42E3EEDD65D3421A1F163427D89BAA7FAEC19A9CBF,python_ast,"test module; 16 static test_* definitions; symbols=_make_project,_workflow_yaml,test_override_redirects_to_sibling_from_nonproject_cwd,test_override_relative_path_normalized_against_cwd,test_override_trailing_slash_tolerated,test_override_redirects_bundle_commands,test_unset_override_uses_cwd,test_empty_override_treated_as_unset",4,executable=1;external_dependency=3,resolved=1;terminal=3,0,https://github.com/github/spec-kit/blob/d1e86f638277a99b82715c22c90558cd58d3cffd/tests/test_init_dir_cli.py#L1-L295
471,tests/test_init_dir.py,executable_source,24208,606,928249012C5917ADAB1C75C8AE331C84EAE1240F031A90276423CF1B9274AFB1,python_ast,"test module; 28 static test_* definitions; symbols=_clean_env,_make_project,_bash,_ps,_feature_dir_line,_bash_path,test_valid_path_resolves_from_outside,test_relative_path_normalized_against_cwd",8,executable=1;external_dependency=7,resolved=1;terminal=7,0,https://github.com/github/spec-kit/blob/d1e86f638277a99b82715c22c90558cd58d3cffd/tests/test_init_dir.py#L1-L606
472,tests/test_live_transient_windows.py,executable_source,3549,91,C7F249465E12CAB8D560CE58F48DF1C98936082E6C98D201B09E87E995B21C2D,python_ast,"test module; 5 static test_* definitions; symbols=_invoke_select_with_arrows,TestSelectWithArrowsLiveTransient,TestSourceContainsPlatformGuard",7,executable=1;external_dependency=6,resolved=1;terminal=6,0,https://github.com/github/spec-kit/blob/d1e86f638277a99b82715c22c90558cd58d3cffd/tests/test_live_transient_windows.py#L1-L91
473,tests/test_merge.py,executable_source,6545,191,80EC1AC5322015B4A268C125B2DB293174774A3FA961F38AE014F5D21E699638,python_ast,"test module; 11 static test_* definitions; symbols=test_merge_json_files_type_mismatch_preservation,test_merge_json_files_deep_nesting,test_merge_json_files_empty_existing,test_merge_vscode_realistic_scenario,test_merge_json_files_with_bom,test_merge_json_files_not_a_dictionary_template,test_merge_json_files_unparseable_existing,test_merge_json_files_list_preservation",3,executable=2;external_dependency=1,resolved=2;terminal=1,0,https://github.com/github/spec-kit/blob/d1e86f638277a99b82715c22c90558cd58d3cffd/tests/test_merge.py#L1-L191
474,tests/test_post_process.py,executable_source,9024,277,6FE2380FCCE864F7060C0AA8438C7C36B5E073752E0423242448D485392C42B6,python_ast,"test module; 10 static test_* definitions; symbols=registrar,ext_dir,_write_cmd,TestDefaultNoOp,TestMarkdownAgentPostProcess,TestTomlAgentPostProcess,TestYamlAgentPostProcess,TestSkillsAgentExcluded",11,executable=8;external_dependency=3,resolved=8;terminal=3,0,https://github.com/github/spec-kit/blob/d1e86f638277a99b82715c22c90558cd58d3cffd/tests/test_post_process.py#L1-L277
475,tests/test_presets.py,executable_source,552095,12692,0EADD71A2AAE43F45E9391FF2CDB358B7C6C487FFAFE713ED2E811FA4309A9E6,python_ast,"test module; 452 static test_* definitions; symbols=temp_dir,valid_pack_data,pack_dir,project_dir,TestPresetManifest,TestPresetRegistry,TestPresetManager,TestRegistryPriority",258,executable=114;external_dependency=144,resolved=114;terminal=144,0,https://github.com/github/spec-kit/blob/d1e86f638277a99b82715c22c90558cd58d3cffd/tests/test_presets.py#L1-L12692
476,tests/test_ps1_encoding.py,executable_source,1747,55,99B896864AFAEC865AD02469E813D320F871FF19B1215F21C90E9112F75D4707,python_ast,"test module; 2 static test_* definitions; symbols=_collect_ps1_files,test_ps1_file_is_ascii_only,test_ps1_files_discovered",2,external_dependency=2,terminal=2,0,https://github.com/github/spec-kit/blob/d1e86f638277a99b82715c22c90558cd58d3cffd/tests/test_ps1_encoding.py#L1-L55
477,tests/test_registrar_path_traversal.py,executable_source,14674,426,19D4FF36464222CFB82F84874ABCD802AC96D3746729472092645E843896447B,python_ast,"test module; 15 static test_* definitions; symbols=_write_source,_cmd,_project_and_source,_assert_no_stray_files,TestPrimaryCommandTraversal,TestAliasTraversal,TestCopilotPromptTraversal,_resolve_payload",5,executable=2;external_dependency=3,resolved=2;terminal=3,0,https://github.com/github/spec-kit/blob/d1e86f638277a99b82715c22c90558cd58d3cffd/tests/test_registrar_path_traversal.py#L1-L426
478,tests/test_security_workflow.py,executable_source,15352,366,D9BBCB6BB1508986FA6C23B4A6D81BD1F1C0A65A3A8F64443B49C03AFD3C145E,python_ast,"test module; 15 static test_* definitions; symbols=_load_security_workflow,_workflow_triggers,_step,_job_run_text,_load_sync_script,TestDependencyAuditWorkflow",6,external_dependency=6,terminal=6,0,https://github.com/github/spec-kit/blob/d1e86f638277a99b82715c22c90558cd58d3cffd/tests/test_security_workflow.py#L1-L366
479,tests/test_self_upgrade_detection.py,executable_source,37652,889,5319B6543FC1013A71442D7226EBF113318F76B37341CA3C46CDCF40D0CBDF46,python_ast,"test module; 48 static test_* definitions; symbols=TestDetectionUvTool,TestPrefixExpansion,TestArgv0Resolution,TestArgvAssemblyUvTool,TestBareUpgradeUvTool,TestAlreadyLatestUvTool,TestDryRunUvTool,TestDetectionPipx",10,executable=3;external_dependency=7,resolved=3;terminal=7,0,https://github.com/github/spec-kit/blob/d1e86f638277a99b82715c22c90558cd58d3cffd/tests/test_self_upgrade_detection.py#L1-L889
480,tests/test_self_upgrade_execution.py,executable_source,25481,544,3DFD092C145FD8FD3C834C802F1B7E0D2C63BEFAD15BAD4C1B27F925D3478AF8,python_ast,"test module; 22 static test_* definitions; symbols=TestInstallerMissing,TestInstallerFailed",5,executable=2;external_dependency=3,resolved=2;terminal=3,0,https://github.com/github/spec-kit/blob/d1e86f638277a99b82715c22c90558cd58d3cffd/tests/test_self_upgrade_execution.py#L1-L544
481,tests/test_self_upgrade_guidance.py,executable_source,7389,186,BE98D8A274986C6B06FBB596AE0E344B54FC2ED278B0B633CE5B593F98F0CA87,python_ast,"test module; 8 static test_* definitions; symbols=TestUvxEphemeral,TestSourceCheckout,TestUnsupported,TestDryRunNonUpgradablePaths",3,executable=2;external_dependency=1,resolved=2;terminal=1,0,https://github.com/github/spec-kit/blob/d1e86f638277a99b82715c22c90558cd58d3cffd/tests/test_self_upgrade_guidance.py#L1-L186
482,tests/test_self_upgrade_verification.py,executable_source,28253,671,BFE33362EC7FF94E2BC9A8B573A0C134BA1B0CE274ACD127364AC64FC2EF90B0,python_ast,"test module; 31 static test_* definitions; symbols=TestVerificationMismatch,TestResolutionFailures,TestTagValidation,TestUnknownCurrent,TestTokenScrubbing",6,executable=3;external_dependency=3,resolved=3;terminal=3,0,https://github.com/github/spec-kit/blob/d1e86f638277a99b82715c22c90558cd58d3cffd/tests/test_self_upgrade_verification.py#L1-L671
483,tests/test_setup_plan_feature_json.py,executable_source,9195,263,1D9F6ED06B932DD682C37AC4A7ECDB6AFFEA7FC22762D0FAA83C7C4F939D48CE,python_ast,"test module; 6 static test_* definitions; symbols=_install_bash_scripts,_install_ps_scripts,_minimal_templates,_write_feature_json,_clean_env,_git_init,plan_repo,test_setup_plan_passes_custom_branch_when_feature_json_valid",7,executable=1;external_dependency=6,resolved=1;terminal=6,0,https://github.com/github/spec-kit/blob/d1e86f638277a99b82715c22c90558cd58d3cffd/tests/test_setup_plan_feature_json.py#L1-L263
484,tests/test_setup_plan_no_overwrite.py,executable_source,10151,273,5E7578CB4EDA881ECD68E8D3AFA5C696C69EBB87F0F3138B7F0C3EEDF5A54FC3,python_ast,"test module; 8 static test_* definitions; symbols=_install_bash_scripts,_install_ps_scripts,_minimal_templates,_write_feature_json,_clean_env,_git_init,plan_repo,test_setup_plan_creates_plan_when_missing",7,executable=1;external_dependency=6,resolved=1;terminal=6,0,https://github.com/github/spec-kit/blob/d1e86f638277a99b82715c22c90558cd58d3cffd/tests/test_setup_plan_no_overwrite.py#L1-L273
485,tests/test_setup_plan_python_parity.py,executable_source,10669,317,C43B2A1AD9336B3D0E91327D85047FD42363FDFA47F7B555E39512A6268D2217,python_ast,"test module; 9 static test_* definitions; symbols=_setup_repo,repo,test_python_fresh_copy_matches_bash,test_python_existing_plan_matches_bash,test_all_variants_ignore_extra_arguments,test_python_missing_template_matches_bash,test_all_variants_broken_registry_falls_back_to_dir_scan,test_powershell_broken_registry_fallback_sorts_directories",5,executable=2;external_dependency=3,resolved=2;terminal=3,0,https://github.com/github/spec-kit/blob/d1e86f638277a99b82715c22c90558cd58d3cffd/tests/test_setup_plan_python_parity.py#L1-L317
486,tests/test_setup_tasks_python_parity.py,executable_source,7260,208,64C3B3AF355E3C8728F8CB4799147EDEA8F3FEFBEEA2DF7A9D6DDAFBFED1BF64,python_ast,"test module; 11 static test_* definitions; symbols=_setup_repo,repo,test_python_json_output_matches_bash,test_python_text_output_matches_bash,test_python_override_template_wins_matches_bash,test_python_error_output_matches_bash,test_python_unknown_option_matches_bash,test_powershell_unknown_option_matches_siblings",5,executable=2;external_dependency=3,resolved=2;terminal=3,0,https://github.com/github/spec-kit/blob/d1e86f638277a99b82715c22c90558cd58d3cffd/tests/test_setup_tasks_python_parity.py#L1-L208
487,tests/test_setup_tasks.py,executable_source,36132,1010,F1C9059F943DDCBFFBAEA8C47188ABF8BC70AE62DBCFC8B118341939FECACC15,python_ast,"test module; 30 static test_* definitions; symbols=_install_bash_scripts,_install_ps_scripts,_install_core_tasks_template,_write_feature_json,_minimal_feature,_write_integration_state,_clean_env,_run_bash_format_command",10,executable=4;external_dependency=6,resolved=4;terminal=6,0,https://github.com/github/spec-kit/blob/d1e86f638277a99b82715c22c90558cd58d3cffd/tests/test_setup_tasks.py#L1-L1010
488,tests/test_shared_infra_integrity.py,executable_source,3775,102,BB43149250FECF85A0FC262B5A6AFF7B159A8A682597563ACA29CE08CC8C177C,python_ast,"test module; 8 static test_* definitions; symbols=_BoomError,test_matching_digest_passes,test_mismatch_raises_error_cls,test_sha256_prefix_is_accepted,test_comparison_is_case_insensitive,test_malformed_digest_is_rejected,test_non_sha256_prefix_is_not_silently_stripped,test_absent_digest_skips_and_logs_debug",5,executable=1;external_dependency=4,resolved=1;terminal=4,0,https://github.com/github/spec-kit/blob/d1e86f638277a99b82715c22c90558cd58d3cffd/tests/test_shared_infra_integrity.py#L1-L102
489,tests/test_skill_placeholder_py.py,executable_source,5031,153,8D9B00507AC176899ED48584AE8EFFAB849BF64E932BC27D7407CF0A9679A210,python_ast,"test module; 6 static test_* definitions; symbols=_resolve,test_py_variant_prefixes_interpreter,test_sh_variant_is_not_prefixed,test_py_interpreter_with_spaces_uses_powershell_call_operator,test_missing_py_variant_falls_back_to_available_script,test_py_install_includes_python_and_fallback_scripts,test_py_rejects_one_sided_opposite_platform_fallback",9,executable=5;external_dependency=4,resolved=5;terminal=4,0,https://github.com/github/spec-kit/blob/d1e86f638277a99b82715c22c90558cd58d3cffd/tests/test_skill_placeholder_py.py#L1-L153
490,tests/test_specify_template_numbering.py,executable_source,1484,40,CF919CA9C5551E92B44A310BD239D77EC4701B686B0FE20B430E183C4C12AD34,python_ast,"test module; 2 static test_* definitions; symbols=_main_execution_ordinals,test_main_execution_list_has_no_duplicate_ordinals,test_main_execution_list_is_sequential",2,external_dependency=2,terminal=2,0,https://github.com/github/spec-kit/blob/d1e86f638277a99b82715c22c90558cd58d3cffd/tests/test_specify_template_numbering.py#L1-L40
491,tests/test_timestamp_branches.py,executable_source,63227,1433,A7E3E6565DC26B70B7FBDAD2D3B00CD6DDA1B78759F3A36F3645BC2F4548FDA8,python_ast,"test module; 76 static test_* definitions; symbols=_has_pwsh,git_repo,ext_git_repo,ext_ps_git_repo,ps_git_repo,no_git_dir,run_script,source_and_call",14,executable=1;external_dependency=13,resolved=1;terminal=13,0,https://github.com/github/spec-kit/blob/d1e86f638277a99b82715c22c90558cd58d3cffd/tests/test_timestamp_branches.py#L1-L1433
492,tests/test_upgrade.py,executable_source,19390,450,684BB43E0F3B2A721E12DDB24C0623EAC886D8C8816C24816878A5314B7C7992,python_ast,"test module; 34 static test_* definitions; symbols=_http_error,TestIsNewer,TestInstalledVersion,TestNormalizeTag,TestUserStory1,TestFailureCategorization,TestBoundedRead,TestUserStory2",11,executable=6;external_dependency=5,resolved=6;terminal=5,0,https://github.com/github/spec-kit/blob/d1e86f638277a99b82715c22c90558cd58d3cffd/tests/test_upgrade.py#L1-L450
493,tests/test_utils_assets_imports.py,executable_source,620,20,8CFF6ED2EAFB9FB126BB735E034D5E70C9D9AE14CF8DAC2AD957BC15E3C07830,python_ast,"test module; 3 static test_* definitions; symbols=test_utils_symbols_importable,test_get_speckit_version_returns_string,test_claude_paths_are_paths",2,executable=1;external_dependency=1,resolved=1;terminal=1,0,https://github.com/github/spec-kit/blob/d1e86f638277a99b82715c22c90558cd58d3cffd/tests/test_utils_assets_imports.py#L1-L20
494,tests/test_utils.py,executable_source,706,22,089784664447DA3E22F46B706E12A1FA85E2F00F15A6A4D7F2719648A1CD7408,python_ast,test module; 1 static test_* definitions; symbols=test_run_command_has_no_shell_parameter,4,executable=1;external_dependency=3,resolved=1;terminal=3,0,https://github.com/github/spec-kit/blob/d1e86f638277a99b82715c22c90558cd58d3cffd/tests/test_utils.py#L1-L22
495,tests/test_version_imports.py,executable_source,1131,41,DA96A3FE26382D750A6B69E0B5B6A8AA7553DF2FECBE6FC76E60DEEDE5525280,python_ast,"test module; 3 static test_* definitions; symbols=test_version_symbols_importable,test_version_symbols_available_from_star_import,test_version_module_symbols_directly_importable",2,executable=2,resolved=2,0,https://github.com/github/spec-kit/blob/d1e86f638277a99b82715c22c90558cd58d3cffd/tests/test_version_imports.py#L1-L41
496,tests/test_workflow_run_without_project.py,executable_source,14629,409,29CEA4B477BC329AE9A08D435FB40581BFFB4664C4DB2B23093DC47325E1DA9F,python_ast,"test module; 11 static test_* definitions; symbols=TestWorkflowRunWithoutProject,TestWorkflowRunJsonErrorStream",25,executable=11;external_dependency=14,resolved=11;terminal=14,0,https://github.com/github/spec-kit/blob/d1e86f638277a99b82715c22c90558cd58d3cffd/tests/test_workflow_run_without_project.py#L1-L409
497,tests/test_workflows.py,executable_source,653864,16571,15EC51D182F47B30B426D1A3BCBC692B033625A060F38598822C64F5B8B483B4,python_ast,"test module; 682 static test_* definitions; symbols=temp_dir,project_dir,sample_workflow_yaml,sample_workflow_file,TestStepRegistry,TestBaseClasses,TestExpressions,TestBuildExecArgs",1328,executable=977;external_dependency=351,resolved=977;terminal=351,0,https://github.com/github/spec-kit/blob/d1e86f638277a99b82715c22c90558cd58d3cffd/tests/test_workflows.py#L1-L16571
498,tests/unit/test_bundle_download_url.py,executable_source,5179,163,E18172BFE833624DEFB31065135B87EFC44E5E99512B706077E61FEC76E14D26,python_ast,"test module; 8 static test_* definitions; symbols=_Response,_resolved_entry,_patch_download,test_download_manifest_rejects_malformed_url_cleanly,test_require_https_rejects_malformed_url_cleanly,test_download_manifest_bounds_remote_artifact,test_download_manifest_accepts_matching_sha256,test_download_manifest_accepts_legacy_entry_without_sha256",11,executable=5;external_dependency=6,resolved=5;terminal=6,0,https://github.com/github/spec-kit/blob/d1e86f638277a99b82715c22c90558cd58d3cffd/tests/unit/test_bundle_download_url.py#L1-L163
499,tests/unit/test_bundler_adapters.py,executable_source,7266,204,AB6D2604D3093D46C1395EEB781F0755C9C5B4F76F0F093D395020998F29A1E8,python_ast,"test module; 10 static test_* definitions; symbols=_source,_FakeResponse,test_http_fetch_uses_shared_client_and_rejects_redirect_downgrade,test_http_fetch_rejects_non_https_final_url,test_http_fetch_bounds_catalog_response,test_fetch_rejects_malformed_source_url_cleanly,test_local_catalog_decode_errors_are_wrapped,test_builtin_community_catalog_fetches_repository_catalog_online",5,executable=3;external_dependency=2,resolved=3;terminal=2,0,https://github.com/github/spec-kit/blob/d1e86f638277a99b82715c22c90558cd58d3cffd/tests/unit/test_bundler_adapters.py#L1-L204
500,tests/unit/test_bundler_catalog_config.py,executable_source,12719,316,801711A4F9D22C30E8380712297FF278546A7B2D5E5AC666DC90D1330A80CB91,python_ast,"test module; 30 static test_* definitions; symbols=test_derive_id_incorporates_path_stem_for_same_host,test_derive_id_distinguishes_tlds,test_derive_id_falls_back_to_host_when_no_path,test_derive_id_for_local_path_uses_stem,test_canonicalize_makes_relative_local_path_absolute,test_canonicalize_leaves_remote_urls_untouched,test_add_source_persists_absolute_local_path,test_remove_source_accepts_relative_local_path",6,executable=2;external_dependency=4,resolved=2;terminal=4,0,https://github.com/github/spec-kit/blob/d1e86f638277a99b82715c22c90558cd58d3cffd/tests/unit/test_bundler_catalog_config.py#L1-L316
501,tests/unit/test_bundler_conflict.py,executable_source,2121,55,729420F29FD0346F5CD3C45E490C3255CA32D1C6E9259F0955FA407BBF3D7201,python_ast,"test module; 5 static test_* definitions; symbols=_manifest,test_integration_clash_is_blocking,test_matching_integration_no_clash,test_agnostic_bundle_never_clashes,test_overlap_with_other_bundle_is_reported,test_same_bundle_reinstall_is_not_overlap",5,executable=4;external_dependency=1,resolved=4;terminal=1,0,https://github.com/github/spec-kit/blob/d1e86f638277a99b82715c22c90558cd58d3cffd/tests/unit/test_bundler_conflict.py#L1-L55
502,tests/unit/test_bundler_packager.py,executable_source,10143,237,9881B7D6FD9821BD51A7487AC60CDFEB7B0CA495320F44B6E166DA2DFE668159,python_ast,"test module; 16 static test_* definitions; symbols=_make_bundle,test_artifact_named_by_id_and_version,test_artifact_contains_manifest_and_assets,test_build_refuses_invalid_manifest,test_build_missing_manifest_errors,test_build_is_deterministic,test_member_order_is_platform_independent,test_output_dir_inside_bundle_excludes_prior_artifacts",9,executable=3;external_dependency=6,resolved=3;terminal=6,0,https://github.com/github/spec-kit/blob/d1e86f638277a99b82715c22c90558cd58d3cffd/tests/unit/test_bundler_packager.py#L1-L237
503,tests/unit/test_bundler_primitives.py,executable_source,13946,337,75D92441C5756259AC9C61D652EE520FEAC2CCA573CBFB13C765DCE14DCF5E25,python_ast,"test module; 20 static test_* definitions; symbols=_component,test_primitive_manager_routes_each_kind,test_primitive_manager_rejects_unknown_kind,test_offline_preset_not_bundled_refuses,test_offline_extension_not_bundled_refuses,test_offline_workflow_refuses_without_network,test_offline_step_refuses_without_network,test_default_installer_threads_allow_network",34,executable=31;external_dependency=3,resolved=31;terminal=3,0,https://github.com/github/spec-kit/blob/d1e86f638277a99b82715c22c90558cd58d3cffd/tests/unit/test_bundler_primitives.py#L1-L337
504,tests/unit/test_bundler_records.py,executable_source,7728,212,E07D4B651D09147D16FD0A459EC82E04CD7E61E1317E257FF3557593E6B07CC6,python_ast,"test module; 18 static test_* definitions; symbols=_record,test_save_and_load_roundtrip,test_load_missing_file_returns_empty,test_load_records_rejects_falsy_non_list_bundles,test_from_dict_rejects_falsy_non_list_contributed_components,test_corrupt_priority_raises_actionable_error,test_upsert_replaces_same_id,test_remove_record_drops_target",7,executable=3;external_dependency=4,resolved=3;terminal=4,0,https://github.com/github/spec-kit/blob/d1e86f638277a99b82715c22c90558cd58d3cffd/tests/unit/test_bundler_records.py#L1-L212
505,tests/unit/test_bundler_references.py,executable_source,1514,42,F3B2C5AFC52EA262AD7CAB83C3BC03115C87ACBD18B2F4D0ACA5815FA23FB094,python_ast,"test module; 3 static test_* definitions; symbols=_ref,test_bundled_extension_resolves,test_unknown_reference_errors_online,test_unknown_reference_warns_offline",5,executable=3;external_dependency=2,resolved=3;terminal=2,0,https://github.com/github/spec-kit/blob/d1e86f638277a99b82715c22c90558cd58d3cffd/tests/unit/test_bundler_references.py#L1-L42
506,tests/unit/test_bundler_resolver.py,executable_source,2875,82,5420A13E16FFFC5547B64F0E3FBBF1BEBE48062474C4FDCB74F984B3201D3DD2,python_ast,"test module; 8 static test_* definitions; symbols=_manifest,test_plan_expands_all_components,test_version_gate_refuses_incompatible,test_integration_clash_halts,test_agnostic_inherits_active_integration,test_matching_integration_is_allowed,test_pinned_integration_with_indeterminate_active_fails,test_pinned_integration_with_indeterminate_active_allows_explicit_override",6,executable=4;external_dependency=2,resolved=4;terminal=2,0,https://github.com/github/spec-kit/blob/d1e86f638277a99b82715c22c90558cd58d3cffd/tests/unit/test_bundler_resolver.py#L1-L82
507,tests/unit/test_bundler_validator.py,executable_source,1227,33,836BCF003C4C2DD6BAA8AC3F78763BB3D5916FADAB9D8AD94FDEC08B1DB2A907,python_ast,"test module; 2 static test_* definitions; symbols=_manifest,test_invalid_speckit_constraint_reported_as_error,test_non_bundler_error_not_swallowed",6,executable=4;external_dependency=2,resolved=4;terminal=2,0,https://github.com/github/spec-kit/blob/d1e86f638277a99b82715c22c90558cd58d3cffd/tests/unit/test_bundler_validator.py#L1-L33
508,tests/unit/test_bundler_versioning.py,executable_source,2191,69,3AD8A737F18BD7BEB6FB8528458FA03F9A49B26D4A44416B2FDA11D48F86EE73,python_ast,"test module; 6 static test_* definitions; symbols=test_is_semver,test_satisfies,test_invalid_constraint_raises,test_uppercase_v_prefix_tolerated,test_satisfies_prerelease_in_constraint,test_parse_constraint_empty_is_permissive",5,executable=3;external_dependency=2,resolved=3;terminal=2,0,https://github.com/github/spec-kit/blob/d1e86f638277a99b82715c22c90558cd58d3cffd/tests/unit/test_bundler_versioning.py#L1-L69
509,tests/unit/test_bundler_yamlio.py,executable_source,2339,59,BC15156BCF82704F26C06ABCBE4D51666A858CEAEC81CF0BF7CD3969DE82C367,python_ast,"test module; 5 static test_* definitions; symbols=test_dump_yaml_preserves_unicode,test_dump_yaml_round_trips_unicode,test_load_yaml_non_utf8_raises_bundler_error,test_load_json_non_utf8_raises_bundler_error,test_load_json_malformed_still_reports_invalid_json",5,executable=2;external_dependency=3,resolved=2;terminal=3,0,https://github.com/github/spec-kit/blob/d1e86f638277a99b82715c22c90558cd58d3cffd/tests/unit/test_bundler_yamlio.py#L1-L59
510,tests/workflows/conftest.py,orchestration_asset,621,27,514BFE0D92D72F46DB8EED8AFA02D19A3D1D81A82FDC4877A4C47975BDAE0EF6,python_ast,"Python module; top-level symbols=temp_dir,project_dir",6,external_dependency=6,terminal=6,0,https://github.com/github/spec-kit/blob/d1e86f638277a99b82715c22c90558cd58d3cffd/tests/workflows/conftest.py#L1-L27
511,tests/workflows/test_overlay_commands.py,orchestration_asset,31994,896,AC14C9CF67CE3B2B2B8145D69BA96B3075AA1DB6A9D2A672A1ACF557AD914A85,python_ast,"test module; 22 static test_* definitions; symbols=project_dir,_write_workflow,_write_overlay,TestOverlayCli,TestOverlayFilenameVsManifestId",10,executable=4;external_dependency=6,resolved=4;terminal=6,0,https://github.com/github/spec-kit/blob/d1e86f638277a99b82715c22c90558cd58d3cffd/tests/workflows/test_overlay_commands.py#L1-L896
512,tests/workflows/test_overlay_composer.py,orchestration_asset,5650,154,07C72BFC6736ACA78727B72334039BA6E1444CA43BD351463787B9F103C521DF,python_ast,"test module; 4 static test_* definitions; symbols=_write_workflow,TestStepListComposerValidation",8,executable=4;external_dependency=4,resolved=4;terminal=4,0,https://github.com/github/spec-kit/blob/d1e86f638277a99b82715c22c90558cd58d3cffd/tests/workflows/test_overlay_composer.py#L1-L154
513,tests/workflows/test_overlay_layer_sources.py,orchestration_asset,10600,273,A9AEC238DC471B0D63E618C82EF9664054B18C56547E27467EF61062238B8288,python_ast,"test module; 15 static test_* definitions; symbols=project_dir,_write_overlay_file,TestProjectOverlaySourceFileReadErrors,TestProjectOverlaySourceIdValidation,TestProjectOverlaySourceContainment,TestProjectOverlaySourceDisabledFiltering,TestBaseWorkflowSourceIdValidation,TestBaseWorkflowSourceContainment",6,executable=1;external_dependency=5,resolved=1;terminal=5,0,https://github.com/github/spec-kit/blob/d1e86f638277a99b82715c22c90558cd58d3cffd/tests/workflows/test_overlay_layer_sources.py#L1-L273
514,tests/workflows/test_overlay_merge.py,orchestration_asset,27166,736,F55A99F84E90B7C8D7760FDE0EE8D5368A3704A942EF1DD9A870E1C78310EC1E,python_ast,"test module; 39 static test_* definitions; symbols=_step,_layer,TestFindStep,TestMergeSteps,TestValidateEdits,TestMergeStepsAncestorConflicts,TestMergeStepsIdCollision",6,executable=2;external_dependency=4,resolved=2;terminal=4,0,https://github.com/github/spec-kit/blob/d1e86f638277a99b82715c22c90558cd58d3cffd/tests/workflows/test_overlay_merge.py#L1-L736
515,tests/workflows/test_overlay_schema.py,orchestration_asset,8997,278,5D6EF4A7B79A48C5B033FDD7BD3BFCB3EA365AF109982DC5CEE6FE1B33C575DB,python_ast,"test module; 16 static test_* definitions; symbols=TestShorthandEdits,TestOverlayIdValidation,TestOverlayPriorityNormalization",3,executable=1;external_dependency=2,resolved=1;terminal=2,0,https://github.com/github/spec-kit/blob/d1e86f638277a99b82715c22c90558cd58d3cffd/tests/workflows/test_overlay_schema.py#L1-L278
516,tests/workflows/test_overlay_security.py,orchestration_asset,12919,322,A86A89DF6BB00E4E9238ED08C109CB021E4472DA7ED8E14EB02D01240729D101,python_ast,"test module; 11 static test_* definitions; symbols=project_dir,_write_workflow,_write_overlay,TestOverlayPathTraversal",6,executable=1;external_dependency=5,resolved=1;terminal=5,0,https://github.com/github/spec-kit/blob/d1e86f638277a99b82715c22c90558cd58d3cffd/tests/workflows/test_overlay_security.py#L1-L322
517,tests/workflows/test_resolver_integration.py,orchestration_asset,20803,568,EE174BF6C0BC1C9C03D3C092E05E6E54AF08EB1A6C40341E827FED89868160D5,python_ast,"test module; 19 static test_* definitions; symbols=_write_workflow,_write_overlay,TestWorkflowResolver",9,executable=5;external_dependency=4,resolved=5;terminal=4,0,https://github.com/github/spec-kit/blob/d1e86f638277a99b82715c22c90558cd58d3cffd/tests/workflows/test_resolver_integration.py#L1-L568
518,workflows/ARCHITECTURE.md,orchestration_asset,10337,215,1A9391D1C42AA8EBC00DEC868DEBA7FB68A526DE88A6AF23DBD8E52ADA9D74C8,markdown_structure,Markdown; headings=13; lead=Workflow System Architecture | Execution Model | Sequential Execution,1,repository_file=1,resolved=1,0,https://github.com/github/spec-kit/blob/d1e86f638277a99b82715c22c90558cd58d3cffd/workflows/ARCHITECTURE.md#L1-L215
519,workflows/catalog.community.json,orchestration_asset,1899,51,53B7F0045A37A8AC5FCEA5134D731DB4566494BCF2D5A0F128B47F5C0D792249,json_parse,"JSON dict; top-level keys=schema_version,updated_at,catalog_url,workflows",0,none,none,0,https://github.com/github/spec-kit/blob/d1e86f638277a99b82715c22c90558cd58d3cffd/workflows/catalog.community.json#L1-L51
520,workflows/catalog.json,orchestration_asset,555,17,482BD98E6A614A989C55A72E957AC0D7E78325F42F7754E3445412387AF76CF6,json_parse,"JSON dict; top-level keys=schema_version,updated_at,catalog_url,workflows",0,none,none,0,https://github.com/github/spec-kit/blob/d1e86f638277a99b82715c22c90558cd58d3cffd/workflows/catalog.json#L1-L17
521,workflows/PUBLISHING.md,orchestration_asset,11227,299,061FB0CDFEBF836B5B669235C904D5DBD4B122F97C3409217AFDF988843B8616,markdown_structure,Markdown; headings=30; lead=Workflow Publishing Guide | Table of Contents | Prerequisites,7,repository_file=7,resolved=7,0,https://github.com/github/spec-kit/blob/d1e86f638277a99b82715c22c90558cd58d3cffd/workflows/PUBLISHING.md#L1-L299
522,workflows/README.md,orchestration_asset,15486,487,1E97F4DBF4D1C35B82D2F15AC5F2BCD271313B8EB1B984C9A92B8637BA732B3C,markdown_structure,Markdown; headings=52; lead=Workflows | How It Works | Quick Start,3,repository_file=3,resolved=3,0,https://github.com/github/spec-kit/blob/d1e86f638277a99b82715c22c90558cd58d3cffd/workflows/README.md#L1-L487
523,workflows/speckit/workflow.yml,orchestration_asset,2216,79,B9A2A3C3D1E5F022D0369BE7C83802A656C64E2D95306A7870A1F59B90C0E307,yaml_structure,"YAML; top-level keys=schema_version,workflow,requires,inputs,steps",0,none,none,0,https://github.com/github/spec-kit/blob/d1e86f638277a99b82715c22c90558cd58d3cffd/workflows/speckit/workflow.yml#L1-L79
524,workflows/step-catalog.community.json,orchestration_asset,198,7,417092FEDA9980253776A20BEA49774CBE7F89024CE2BBCE83AE637FBF034FF3,json_parse,"JSON dict; top-level keys=schema_version,updated_at,catalog_url,steps",0,none,none,0,https://github.com/github/spec-kit/blob/d1e86f638277a99b82715c22c90558cd58d3cffd/workflows/step-catalog.community.json#L1-L7
525,workflows/step-catalog.json,orchestration_asset,188,7,74D11FA9B538B00D76C10B284F81DE9595A1F451BDE76CD19F67C64A45FB95CD,json_parse,"JSON dict; top-level keys=schema_version,updated_at,catalog_url,steps",0,none,none,0,https://github.com/github/spec-kit/blob/d1e86f638277a99b82715c22c90558cd58d3cffd/workflows/step-catalog.json#L1-L7
