"Path","Category","AnalysisStatus","Evidence","Notes"
".devcontainer/devcontainer.json","configuration_or_data","analyzed","C:\Users\littl\Documents\Codex\2026-08-02\research-c-users-littl-agents-skills\outputs\01-github-spec-kit.md","SHA-256 516084FAE5F66C4D4212A93F1903C2D08BD1C2E1F7120DDA86B1C080A35594F7; covered by the pinned full-file census and the report's exhaustive semantic traversal."
".devcontainer/post-create.sh","executable_source","analyzed","C:\Users\littl\Documents\Codex\2026-08-02\research-c-users-littl-agents-skills\outputs\01-github-spec-kit.md","SHA-256 630C8237F3E5C77C76D1B497E8BC00F647BF9667633F7B7599DC462C9D42204D; covered by the pinned full-file census and the report's exhaustive semantic traversal."
".editorconfig","source_or_other","analyzed","C:\Users\littl\Documents\Codex\2026-08-02\research-c-users-littl-agents-skills\outputs\01-github-spec-kit.md","SHA-256 E3D83E7B034BC1324525F2A2F970905A9FB4AEE7DD56E49313E232EE833D9ECF; covered by the pinned full-file census and the report's exhaustive semantic traversal."
".gitattributes","source_or_other","analyzed","C:\Users\littl\Documents\Codex\2026-08-02\research-c-users-littl-agents-skills\outputs\01-github-spec-kit.md","SHA-256 B9139EC672AC647F1E92F9EA2D334B99FB895595ED27C448B1D44BE5AE196FAE; covered by the pinned full-file census and the report's exhaustive semantic traversal."
".github/aw/actions-lock.json","configuration_or_data","analyzed","C:\Users\littl\Documents\Codex\2026-08-02\research-c-users-littl-agents-skills\outputs\01-github-spec-kit.md","SHA-256 32CE8D6E21126932D68EC111431BB7279BD0D8B7D4C7A0595799845C847AC489; covered by the pinned full-file census and the report's exhaustive semantic traversal."
".github/CODEOWNERS","source_or_other","analyzed","C:\Users\littl\Documents\Codex\2026-08-02\research-c-users-littl-agents-skills\outputs\01-github-spec-kit.md","SHA-256 64EE64DC56BC04A2A6BD75E3D410E796D87DB29C996DE9C46B8549C2A47F2F12; covered by the pinned full-file census and the report's exhaustive semantic traversal."
".github/dependabot.yml","configuration_or_data","analyzed","C:\Users\littl\Documents\Codex\2026-08-02\research-c-users-littl-agents-skills\outputs\01-github-spec-kit.md","SHA-256 A87F96C8E5C34B57B513C435C25F1AAC33EE36016A232BF03425CCF303A3D102; covered by the pinned full-file census and the report's exhaustive semantic traversal."
".github/ISSUE_TEMPLATE/agent_request.yml","configuration_or_data","analyzed","C:\Users\littl\Documents\Codex\2026-08-02\research-c-users-littl-agents-skills\outputs\01-github-spec-kit.md","SHA-256 B2C2F2D40377FCDC30C9335D569CD8640C7DD65F62DF3BF377A6326C796929F3; covered by the pinned full-file census and the report's exhaustive semantic traversal."
".github/ISSUE_TEMPLATE/bug_report.yml","configuration_or_data","analyzed","C:\Users\littl\Documents\Codex\2026-08-02\research-c-users-littl-agents-skills\outputs\01-github-spec-kit.md","SHA-256 BDC54B7093B874F35DF5F0B9C616376DF0E7C5270D4A8626CEE5845D534FF396; covered by the pinned full-file census and the report's exhaustive semantic traversal."
".github/ISSUE_TEMPLATE/bundle_submission.yml","configuration_or_data","analyzed","C:\Users\littl\Documents\Codex\2026-08-02\research-c-users-littl-agents-skills\outputs\01-github-spec-kit.md","SHA-256 8F89E99336FD1C8765454021CE7332A96DFB48E8E55AA57A27B1A98221B92D0D; covered by the pinned full-file census and the report's exhaustive semantic traversal."
".github/ISSUE_TEMPLATE/config.yml","configuration_or_data","analyzed","C:\Users\littl\Documents\Codex\2026-08-02\research-c-users-littl-agents-skills\outputs\01-github-spec-kit.md","SHA-256 EEF995F18927FFA13F4365C3A95417D8FDC98020546A2A13457B09DF0C56C990; covered by the pinned full-file census and the report's exhaustive semantic traversal."
".github/ISSUE_TEMPLATE/extension_submission.yml","configuration_or_data","analyzed","C:\Users\littl\Documents\Codex\2026-08-02\research-c-users-littl-agents-skills\outputs\01-github-spec-kit.md","SHA-256 6F40C3292D8EA97AD82D95162E5A7EC3A4D11A7205D216337EA2A102A6CEFCA6; covered by the pinned full-file census and the report's exhaustive semantic traversal."
".github/ISSUE_TEMPLATE/feature_request.yml","configuration_or_data","analyzed","C:\Users\littl\Documents\Codex\2026-08-02\research-c-users-littl-agents-skills\outputs\01-github-spec-kit.md","SHA-256 323E799C09336EFFD5B66A4F07F94B3D02A46F3C5CFB79BD6C17CCEC13D1FA75; covered by the pinned full-file census and the report's exhaustive semantic traversal."
".github/ISSUE_TEMPLATE/preset_submission.yml","configuration_or_data","analyzed","C:\Users\littl\Documents\Codex\2026-08-02\research-c-users-littl-agents-skills\outputs\01-github-spec-kit.md","SHA-256 4F90545E3C63173DE5E18700D9A43C227D90F4900F8D9201A82B18EA3BA25F9A; covered by the pinned full-file census and the report's exhaustive semantic traversal."
".github/PULL_REQUEST_TEMPLATE.md","documentation","analyzed","C:\Users\littl\Documents\Codex\2026-08-02\research-c-users-littl-agents-skills\outputs\01-github-spec-kit.md","SHA-256 C0B1CCBEB36E5E86B3C2B7690EF9A4DDCC185CB7A31A050229240E98D051165D; covered by the pinned full-file census and the report's exhaustive semantic traversal."
".github/scripts/check_security_requirements.py","orchestration_asset","analyzed","C:\Users\littl\Documents\Codex\2026-08-02\research-c-users-littl-agents-skills\outputs\01-github-spec-kit.md","SHA-256 227254AD751529BE68A430907F75327245E212B81E5EBFBCE8D3237B7FDFA668; covered by the pinned full-file census and the report's exhaustive semantic traversal."
".github/security-audit-requirements.txt","documentation","analyzed","C:\Users\littl\Documents\Codex\2026-08-02\research-c-users-littl-agents-skills\outputs\01-github-spec-kit.md","SHA-256 1DA5E67CC297BD3AFD86F8599500BBF2028F2E586FDD019FE196065E4F703866; covered by the pinned full-file census and the report's exhaustive semantic traversal."
".github/skills/add-community-extension/SKILL.md","skill","analyzed","C:\Users\littl\Documents\Codex\2026-08-02\research-c-users-littl-agents-skills\outputs\01-github-spec-kit.md","SHA-256 3061DC39DFD4B3488BE5F5D5A02938BFBFD15C80B2EAFC8B9737E394ECE1A3F6; covered by the pinned full-file census and the report's exhaustive semantic traversal."
".github/workflows/add-community-bundle.lock.yml","workflow","analyzed","C:\Users\littl\Documents\Codex\2026-08-02\research-c-users-littl-agents-skills\outputs\01-github-spec-kit.md","SHA-256 77AE0B1455350E359289829355997970F596EE08F66E9675B7AF121BD8441950; covered by the pinned full-file census and the report's exhaustive semantic traversal."
".github/workflows/add-community-bundle.md","workflow","analyzed","C:\Users\littl\Documents\Codex\2026-08-02\research-c-users-littl-agents-skills\outputs\01-github-spec-kit.md","SHA-256 59F8FC59540F48DB71EC7A59C606C3E9CC9DE68CED5AEC89E42B26C59DBBF44B; covered by the pinned full-file census and the report's exhaustive semantic traversal."
".github/workflows/add-community-extension.lock.yml","workflow","analyzed","C:\Users\littl\Documents\Codex\2026-08-02\research-c-users-littl-agents-skills\outputs\01-github-spec-kit.md","SHA-256 E8CDAD6A6D06065ED8FEC96DB9A768B3C1ED0A3DFD303972FA18949A622F8D76; covered by the pinned full-file census and the report's exhaustive semantic traversal."
".github/workflows/add-community-extension.md","workflow","analyzed","C:\Users\littl\Documents\Codex\2026-08-02\research-c-users-littl-agents-skills\outputs\01-github-spec-kit.md","SHA-256 92EFA20FDBA35294A1E8F7CEA7D30C76FC37BCC36BCF151EEFF5DA9D9877C80E; covered by the pinned full-file census and the report's exhaustive semantic traversal."
".github/workflows/add-community-preset.lock.yml","workflow","analyzed","C:\Users\littl\Documents\Codex\2026-08-02\research-c-users-littl-agents-skills\outputs\01-github-spec-kit.md","SHA-256 2BEB8D14884D5ECBBE47BBE31BEF70D5005E924395815884B2799FEDF7425727; covered by the pinned full-file census and the report's exhaustive semantic traversal."
".github/workflows/add-community-preset.md","workflow","analyzed","C:\Users\littl\Documents\Codex\2026-08-02\research-c-users-littl-agents-skills\outputs\01-github-spec-kit.md","SHA-256 6ABE5FA34E6BDE323127E8A7DA5F01960BF16801B5449269BEC585BF752C2189; covered by the pinned full-file census and the report's exhaustive semantic traversal."
".github/workflows/bug-assess.lock.yml","workflow","analyzed","C:\Users\littl\Documents\Codex\2026-08-02\research-c-users-littl-agents-skills\outputs\01-github-spec-kit.md","SHA-256 92AF10840F3BB0DB49267575DA023E542D42DD4AB4B539D3E0152A3A765599F0; covered by the pinned full-file census and the report's exhaustive semantic traversal."
".github/workflows/bug-assess.md","workflow","analyzed","C:\Users\littl\Documents\Codex\2026-08-02\research-c-users-littl-agents-skills\outputs\01-github-spec-kit.md","SHA-256 43AD4BD516DA3302CCF2C2F182E2AA19E4251556D541DD9144121268B148FC37; covered by the pinned full-file census and the report's exhaustive semantic traversal."
".github/workflows/bug-fix.lock.yml","workflow","analyzed","C:\Users\littl\Documents\Codex\2026-08-02\research-c-users-littl-agents-skills\outputs\01-github-spec-kit.md","SHA-256 8B05C2AF59B8D53E2AB07EE9BA3B53FBA61F031211C6C650F4E4F5FBF8BA6CB8; covered by the pinned full-file census and the report's exhaustive semantic traversal."
".github/workflows/bug-fix.md","workflow","analyzed","C:\Users\littl\Documents\Codex\2026-08-02\research-c-users-littl-agents-skills\outputs\01-github-spec-kit.md","SHA-256 6EE96D3AA1873FCFFCFC56328A4785BB906F325E5FD089E13E1E781053C8094D; covered by the pinned full-file census and the report's exhaustive semantic traversal."
".github/workflows/bug-test.lock.yml","workflow","analyzed","C:\Users\littl\Documents\Codex\2026-08-02\research-c-users-littl-agents-skills\outputs\01-github-spec-kit.md","SHA-256 8567F04AB41523FB5B6BB284FA348A220FD221736743F36E99713036DBBD804A; covered by the pinned full-file census and the report's exhaustive semantic traversal."
".github/workflows/bug-test.md","workflow","analyzed","C:\Users\littl\Documents\Codex\2026-08-02\research-c-users-littl-agents-skills\outputs\01-github-spec-kit.md","SHA-256 F5559BEC862DA042CD6F18F3461306C96EBB6118AB1072EDB68579F057492263; covered by the pinned full-file census and the report's exhaustive semantic traversal."
".github/workflows/catalog-assign.yml","workflow","analyzed","C:\Users\littl\Documents\Codex\2026-08-02\research-c-users-littl-agents-skills\outputs\01-github-spec-kit.md","SHA-256 4E4C2AAA8F53ACB47AB147980D472F80C133A75E84DE695337FF8F08651F4A5F; covered by the pinned full-file census and the report's exhaustive semantic traversal."
".github/workflows/codeql.yml","workflow","analyzed","C:\Users\littl\Documents\Codex\2026-08-02\research-c-users-littl-agents-skills\outputs\01-github-spec-kit.md","SHA-256 2E98813C6A51356258591B8D82BE69D4EB510835578413E4BD254BFD61C9F691; covered by the pinned full-file census and the report's exhaustive semantic traversal."
".github/workflows/docs.yml","workflow","analyzed","C:\Users\littl\Documents\Codex\2026-08-02\research-c-users-littl-agents-skills\outputs\01-github-spec-kit.md","SHA-256 A0F819BC20D30C809773DE3EF59348B93B6B984D207E724EAF55AF7CEEC83E84; covered by the pinned full-file census and the report's exhaustive semantic traversal."
".github/workflows/lint.yml","workflow","analyzed","C:\Users\littl\Documents\Codex\2026-08-02\research-c-users-littl-agents-skills\outputs\01-github-spec-kit.md","SHA-256 A8E2E8A992638ADF7582F02657A8BE3A67B088FB9EC3BED3017FD45B714F12FA; covered by the pinned full-file census and the report's exhaustive semantic traversal."
".github/workflows/publish-pypi.yml","workflow","analyzed","C:\Users\littl\Documents\Codex\2026-08-02\research-c-users-littl-agents-skills\outputs\01-github-spec-kit.md","SHA-256 BF1AFFC8A027645FC744AFDDAE3AEF00EC25712C9282FCCBC56D8C937D316AD8; covered by the pinned full-file census and the report's exhaustive semantic traversal."
".github/workflows/RELEASE-PROCESS.md","workflow","analyzed","C:\Users\littl\Documents\Codex\2026-08-02\research-c-users-littl-agents-skills\outputs\01-github-spec-kit.md","SHA-256 8AA17F3ED82504EFD237FD2737F7A87A2A175C1EB2EC6D8840D710867F2F37FE; covered by the pinned full-file census and the report's exhaustive semantic traversal."
".github/workflows/release-trigger.yml","workflow","analyzed","C:\Users\littl\Documents\Codex\2026-08-02\research-c-users-littl-agents-skills\outputs\01-github-spec-kit.md","SHA-256 3D90110C406AF5E663AE38BFA6B6BC4055E85DBA08E13B7ACAFA27DCF1947478; covered by the pinned full-file census and the report's exhaustive semantic traversal."
".github/workflows/release.yml","workflow","analyzed","C:\Users\littl\Documents\Codex\2026-08-02\research-c-users-littl-agents-skills\outputs\01-github-spec-kit.md","SHA-256 0CA2AD66D348A8E7C0F3AFA80C92D14421B5E4550B786F8960412D9F37B726A0; covered by the pinned full-file census and the report's exhaustive semantic traversal."
".github/workflows/security.yml","workflow","analyzed","C:\Users\littl\Documents\Codex\2026-08-02\research-c-users-littl-agents-skills\outputs\01-github-spec-kit.md","SHA-256 2B80F481D3C0DF725BAE538E4A92C909364D97238B681DF0C188B09359E764D0; covered by the pinned full-file census and the report's exhaustive semantic traversal."
".github/workflows/stale.yml","workflow","analyzed","C:\Users\littl\Documents\Codex\2026-08-02\research-c-users-littl-agents-skills\outputs\01-github-spec-kit.md","SHA-256 9CDC830158B9AC59C506F89C64338ECBAE12D9025C0524F882448FA795AC32F1; covered by the pinned full-file census and the report's exhaustive semantic traversal."
".github/workflows/test.yml","workflow","analyzed","C:\Users\littl\Documents\Codex\2026-08-02\research-c-users-littl-agents-skills\outputs\01-github-spec-kit.md","SHA-256 1529F471E018A42A6D5720962F9E292961A395C9734184CF7A9C15718BEE9712; covered by the pinned full-file census and the report's exhaustive semantic traversal."
".gitignore","source_or_other","analyzed","C:\Users\littl\Documents\Codex\2026-08-02\research-c-users-littl-agents-skills\outputs\01-github-spec-kit.md","SHA-256 40F47B32E216928C8B50F03755B578043A95784E15F2034B12289D9CCBA600B0; covered by the pinned full-file census and the report's exhaustive semantic traversal."
".markdownlint-cli2.jsonc","configuration_or_data","analyzed","C:\Users\littl\Documents\Codex\2026-08-02\research-c-users-littl-agents-skills\outputs\01-github-spec-kit.md","SHA-256 FD3174AA2A7945683B4C51B81D96FB403BB9364C85128292F305CEDB6C6AAB1A; covered by the pinned full-file census and the report's exhaustive semantic traversal."
".pre-commit-config.yaml","configuration_or_data","analyzed","C:\Users\littl\Documents\Codex\2026-08-02\research-c-users-littl-agents-skills\outputs\01-github-spec-kit.md","SHA-256 ABF05FC95AB601C8EA00BF1837315C097672DB606CF6E3DC92F7E8928EF80E99; covered by the pinned full-file census and the report's exhaustive semantic traversal."
".specify/memory/constitution.md","documentation","analyzed","C:\Users\littl\Documents\Codex\2026-08-02\research-c-users-littl-agents-skills\outputs\01-github-spec-kit.md","SHA-256 93218A57CCDB45D6A6F92F1C949B5131A6D8649EB8F7C005974D3397A2863302; covered by the pinned full-file census and the report's exhaustive semantic traversal."
".zenodo.json","configuration_or_data","analyzed","C:\Users\littl\Documents\Codex\2026-08-02\research-c-users-littl-agents-skills\outputs\01-github-spec-kit.md","SHA-256 AF2E800A43952851AACE57FF7CACFAFA99BB847020F95305ECBFA50C5892FB2E; covered by the pinned full-file census and the report's exhaustive semantic traversal."
"AGENTS.md","agent_instruction","analyzed","C:\Users\littl\Documents\Codex\2026-08-02\research-c-users-littl-agents-skills\outputs\01-github-spec-kit.md","SHA-256 E740541B2944BA60E081260154B2EB4F2275BDA0B95212CB9FA9EA6E948A9B1C; covered by the pinned full-file census and the report's exhaustive semantic traversal."
"bundles/catalog.community.json","configuration_or_data","analyzed","C:\Users\littl\Documents\Codex\2026-08-02\research-c-users-littl-agents-skills\outputs\01-github-spec-kit.md","SHA-256 B556387CFD62722BA054D9ECD696A7BACD6464F299106391B6ED65F5BFFC246F; covered by the pinned full-file census and the report's exhaustive semantic traversal."
"CHANGELOG.md","documentation","analyzed","C:\Users\littl\Documents\Codex\2026-08-02\research-c-users-littl-agents-skills\outputs\01-github-spec-kit.md","SHA-256 F3E2D6C9D33C2BDD9236536454FF58CF0B95018D3BC4C5A81C614F299197A070; covered by the pinned full-file census and the report's exhaustive semantic traversal."
"CITATION.cff","source_or_other","analyzed","C:\Users\littl\Documents\Codex\2026-08-02\research-c-users-littl-agents-skills\outputs\01-github-spec-kit.md","SHA-256 3E5C9371857D9FCF241B401717C56FE96D98D724D00D32981D7B6C4427BA4111; covered by the pinned full-file census and the report's exhaustive semantic traversal."
"CODE_OF_CONDUCT.md","documentation","analyzed","C:\Users\littl\Documents\Codex\2026-08-02\research-c-users-littl-agents-skills\outputs\01-github-spec-kit.md","SHA-256 3B90B6C1B812CB0194BB2A98FF8C13D4353F4430937DCE45D3A25BEF069FE507; covered by the pinned full-file census and the report's exhaustive semantic traversal."
"CONTRIBUTING.md","documentation","analyzed","C:\Users\littl\Documents\Codex\2026-08-02\research-c-users-littl-agents-skills\outputs\01-github-spec-kit.md","SHA-256 98187B9F054ADD66B0E49E7E52692ED12C06F79B6497269F1C7879ECF92E5CD3; covered by the pinned full-file census and the report's exhaustive semantic traversal."
"DEVELOPMENT.md","documentation","analyzed","C:\Users\littl\Documents\Codex\2026-08-02\research-c-users-littl-agents-skills\outputs\01-github-spec-kit.md","SHA-256 C9F4458B35F38E052AB305B252EF54ACB7A7984B47CE42286192456EF2F62F9B; covered by the pinned full-file census and the report's exhaustive semantic traversal."
"docs/.gitignore","source_or_other","analyzed","C:\Users\littl\Documents\Codex\2026-08-02\research-c-users-littl-agents-skills\outputs\01-github-spec-kit.md","SHA-256 1BCAF861E7AD4BE27CAFEC340E1FAB63960519464D133E432C1D7E3798F6F4E5; covered by the pinned full-file census and the report's exhaustive semantic traversal."
"docs/community/bundles.md","documentation","analyzed","C:\Users\littl\Documents\Codex\2026-08-02\research-c-users-littl-agents-skills\outputs\01-github-spec-kit.md","SHA-256 0332543BAE3EF3F440763912FFE2413C209A0DE124F1D84507F798BC0E12A6B8; covered by the pinned full-file census and the report's exhaustive semantic traversal."
"docs/community/extensions.md","documentation","analyzed","C:\Users\littl\Documents\Codex\2026-08-02\research-c-users-littl-agents-skills\outputs\01-github-spec-kit.md","SHA-256 B2715E051C817101219865CECF2A4DE34C598A10A2BC723AA6CBDA71F567C851; covered by the pinned full-file census and the report's exhaustive semantic traversal."
"docs/community/friends.md","documentation","analyzed","C:\Users\littl\Documents\Codex\2026-08-02\research-c-users-littl-agents-skills\outputs\01-github-spec-kit.md","SHA-256 882C907698FA9CA1A864876A61DD14F2E513B4341069C2E762F6339B64A1A808; covered by the pinned full-file census and the report's exhaustive semantic traversal."
"docs/community/overview.md","documentation","analyzed","C:\Users\littl\Documents\Codex\2026-08-02\research-c-users-littl-agents-skills\outputs\01-github-spec-kit.md","SHA-256 CD078EB0423430EB20645BB68C74B3C85F324E69870AE6E0DB22C5A1C7B7DB40; covered by the pinned full-file census and the report's exhaustive semantic traversal."
"docs/community/presets.md","documentation","analyzed","C:\Users\littl\Documents\Codex\2026-08-02\research-c-users-littl-agents-skills\outputs\01-github-spec-kit.md","SHA-256 73B76824B9FE65E84E0F6FA2E9319186E7A61058A4DE89B9DB96AA2ACB6B7F25; covered by the pinned full-file census and the report's exhaustive semantic traversal."
"docs/community/walkthroughs.md","documentation","analyzed","C:\Users\littl\Documents\Codex\2026-08-02\research-c-users-littl-agents-skills\outputs\01-github-spec-kit.md","SHA-256 BAE7FA63E8251EBCCFCB498D9FADE3A67561716621E4C171DBE0888A0580B9AE; covered by the pinned full-file census and the report's exhaustive semantic traversal."
"docs/concepts/complex-features.md","documentation","analyzed","C:\Users\littl\Documents\Codex\2026-08-02\research-c-users-littl-agents-skills\outputs\01-github-spec-kit.md","SHA-256 FA0B7411E2E1DC8DD6FEAAD6CC18C75FD21913EB6390E843786BF760BBFCA89F; covered by the pinned full-file census and the report's exhaustive semantic traversal."
"docs/concepts/sdd.md","documentation","analyzed","C:\Users\littl\Documents\Codex\2026-08-02\research-c-users-littl-agents-skills\outputs\01-github-spec-kit.md","SHA-256 269CD82AD469BA53D5F9CBDE4C9087DD92793003DF8C5C2F3320C25BCF19A7A8; covered by the pinned full-file census and the report's exhaustive semantic traversal."
"docs/concepts/spec-of-specs.md","documentation","analyzed","C:\Users\littl\Documents\Codex\2026-08-02\research-c-users-littl-agents-skills\outputs\01-github-spec-kit.md","SHA-256 95B067A664D2D3C92C5F9E8D9668DDE7C8FB59834F7DBA8F51605997A854C5AF; covered by the pinned full-file census and the report's exhaustive semantic traversal."
"docs/concepts/spec-persistence.md","documentation","analyzed","C:\Users\littl\Documents\Codex\2026-08-02\research-c-users-littl-agents-skills\outputs\01-github-spec-kit.md","SHA-256 8F532DEFB5AD6019E1E4D839DE8FDB9F70E84A0E6609CF8F7B5E22BCCE0F4CC2; covered by the pinned full-file census and the report's exhaustive semantic traversal."
"docs/docfx.json","configuration_or_data","analyzed","C:\Users\littl\Documents\Codex\2026-08-02\research-c-users-littl-agents-skills\outputs\01-github-spec-kit.md","SHA-256 52152A3ABCE4695AC4267E336100411679C974F7CB24BDBC954FB58AC885F9DF; covered by the pinned full-file census and the report's exhaustive semantic traversal."
"docs/guides/evolving-specs.md","documentation","analyzed","C:\Users\littl\Documents\Codex\2026-08-02\research-c-users-littl-agents-skills\outputs\01-github-spec-kit.md","SHA-256 9799F6E02F19EA7EAC53D2482EC2E25BCAF19C718951D83D16D48306938850FC; covered by the pinned full-file census and the report's exhaustive semantic traversal."
"docs/guides/monorepo.md","documentation","analyzed","C:\Users\littl\Documents\Codex\2026-08-02\research-c-users-littl-agents-skills\outputs\01-github-spec-kit.md","SHA-256 EB3F39C296B839B8F7DF1335D737E801798A4D431FFC0A628538CD2600EB8D94; covered by the pinned full-file census and the report's exhaustive semantic traversal."
"docs/index.md","documentation","analyzed","C:\Users\littl\Documents\Codex\2026-08-02\research-c-users-littl-agents-skills\outputs\01-github-spec-kit.md","SHA-256 3B1344A0127F396850BCEBB5326B5230FE712D2110EEC409EE4AB857D4F0C183; covered by the pinned full-file census and the report's exhaustive semantic traversal."
"docs/install/air-gapped.md","documentation","analyzed","C:\Users\littl\Documents\Codex\2026-08-02\research-c-users-littl-agents-skills\outputs\01-github-spec-kit.md","SHA-256 EF4A8A5B5566EC3978CCE34C05F040088A88AC4798970899A93A42861F413A46; covered by the pinned full-file census and the report's exhaustive semantic traversal."
"docs/install/one-time.md","documentation","analyzed","C:\Users\littl\Documents\Codex\2026-08-02\research-c-users-littl-agents-skills\outputs\01-github-spec-kit.md","SHA-256 1A128E9FDB0D75BE4BC9B48740C68F3EB3729385F92F71237B52AD5864F3A660; covered by the pinned full-file census and the report's exhaustive semantic traversal."
"docs/install/pipx.md","documentation","analyzed","C:\Users\littl\Documents\Codex\2026-08-02\research-c-users-littl-agents-skills\outputs\01-github-spec-kit.md","SHA-256 845F76BB308861871CE4608A7FA9DEA58FE2E4ADBB68D1379C5D4834ECB2E0F2; covered by the pinned full-file census and the report's exhaustive semantic traversal."
"docs/install/pypi.md","documentation","analyzed","C:\Users\littl\Documents\Codex\2026-08-02\research-c-users-littl-agents-skills\outputs\01-github-spec-kit.md","SHA-256 D4DFD623FAB6DAC3911C2B6990B5D2D8D3EB5D8E90BA7729980516C79682ADC6; covered by the pinned full-file census and the report's exhaustive semantic traversal."
"docs/install/uv.md","documentation","analyzed","C:\Users\littl\Documents\Codex\2026-08-02\research-c-users-littl-agents-skills\outputs\01-github-spec-kit.md","SHA-256 BC1DF5E89C9548FAE683EB3B4E19B4E93B6C352032F93005F42D7CBC122CEE6D; covered by the pinned full-file census and the report's exhaustive semantic traversal."
"docs/installation.md","documentation","analyzed","C:\Users\littl\Documents\Codex\2026-08-02\research-c-users-littl-agents-skills\outputs\01-github-spec-kit.md","SHA-256 6BB0FEA12B9350269D63162168E890EB371A2A691D7E902A0D9B5998B4140AF0; covered by the pinned full-file census and the report's exhaustive semantic traversal."
"docs/local-development.md","documentation","analyzed","C:\Users\littl\Documents\Codex\2026-08-02\research-c-users-littl-agents-skills\outputs\01-github-spec-kit.md","SHA-256 032645A292DE423D6CF06928BDAA78259DC35B37F2ABC7F170DAAD5E2DA642B9; covered by the pinned full-file census and the report's exhaustive semantic traversal."
"docs/quickstart.md","documentation","analyzed","C:\Users\littl\Documents\Codex\2026-08-02\research-c-users-littl-agents-skills\outputs\01-github-spec-kit.md","SHA-256 000F50FD14FC71FA77BDF6D0380C8D565056E9DDE9E731A650931AF575C4EFEF; covered by the pinned full-file census and the report's exhaustive semantic traversal."
"docs/README.md","documentation","analyzed","C:\Users\littl\Documents\Codex\2026-08-02\research-c-users-littl-agents-skills\outputs\01-github-spec-kit.md","SHA-256 89BE3CCB208C8DDED19D9E6909D70F91A2B38B6DD5D3E79D5057B5E4337A7199; covered by the pinned full-file census and the report's exhaustive semantic traversal."
"docs/reference/agentic-bugfix.md","documentation","analyzed","C:\Users\littl\Documents\Codex\2026-08-02\research-c-users-littl-agents-skills\outputs\01-github-spec-kit.md","SHA-256 1585DB643374EBDEC28D26666CE0B5C18C8532C04E23A38AECE726DD77B2F0B5; covered by the pinned full-file census and the report's exhaustive semantic traversal."
"docs/reference/agentic-sdd.md","documentation","analyzed","C:\Users\littl\Documents\Codex\2026-08-02\research-c-users-littl-agents-skills\outputs\01-github-spec-kit.md","SHA-256 AD95DE2FFADDC28C37CA634AC6C1FBE166C02C45499930210697C4AE3C8380DE; covered by the pinned full-file census and the report's exhaustive semantic traversal."
"docs/reference/authentication.md","documentation","analyzed","C:\Users\littl\Documents\Codex\2026-08-02\research-c-users-littl-agents-skills\outputs\01-github-spec-kit.md","SHA-256 6EE583AFFD3AED4B0768699437A02FDB9FC728E925638D56DE139D48BD8A978A; covered by the pinned full-file census and the report's exhaustive semantic traversal."
"docs/reference/bundles.md","documentation","analyzed","C:\Users\littl\Documents\Codex\2026-08-02\research-c-users-littl-agents-skills\outputs\01-github-spec-kit.md","SHA-256 1A7283663E7065052D78EE0AD5C74441A835EF4303A4197EBFA18D25F39A80DC; covered by the pinned full-file census and the report's exhaustive semantic traversal."
"docs/reference/core.md","documentation","analyzed","C:\Users\littl\Documents\Codex\2026-08-02\research-c-users-littl-agents-skills\outputs\01-github-spec-kit.md","SHA-256 9FF68240A1EBB291E647A17F61B5E20FAB15A33E3BD69C311BD9EE617BAD87C6; covered by the pinned full-file census and the report's exhaustive semantic traversal."
"docs/reference/extensions.md","documentation","analyzed","C:\Users\littl\Documents\Codex\2026-08-02\research-c-users-littl-agents-skills\outputs\01-github-spec-kit.md","SHA-256 1738C92F59F1C2457074D29884013E8A205144ED8F9CBE13268796DD626F87C0; covered by the pinned full-file census and the report's exhaustive semantic traversal."
"docs/reference/integrations.md","documentation","analyzed","C:\Users\littl\Documents\Codex\2026-08-02\research-c-users-littl-agents-skills\outputs\01-github-spec-kit.md","SHA-256 F45974CCE53697F7686E2533939E64E8F8922C4144263D2103DEC93D210B986F; covered by the pinned full-file census and the report's exhaustive semantic traversal."
"docs/reference/overview.md","documentation","analyzed","C:\Users\littl\Documents\Codex\2026-08-02\research-c-users-littl-agents-skills\outputs\01-github-spec-kit.md","SHA-256 3CEAF0ACFCDB3C3B980CA34832834BE5ED1D968A90C2B897B50A2AD07F011150; covered by the pinned full-file census and the report's exhaustive semantic traversal."
"docs/reference/presets.md","documentation","analyzed","C:\Users\littl\Documents\Codex\2026-08-02\research-c-users-littl-agents-skills\outputs\01-github-spec-kit.md","SHA-256 147922F90CA611E94A766D7493DF5134EEB053981A6C78222A6B923DCFF49E2C; covered by the pinned full-file census and the report's exhaustive semantic traversal."
"docs/reference/workflows.md","documentation","analyzed","C:\Users\littl\Documents\Codex\2026-08-02\research-c-users-littl-agents-skills\outputs\01-github-spec-kit.md","SHA-256 23443637A08A0C3610B52578916B57DAEBC3675CED8472A269ACF53F33E2C0B0; covered by the pinned full-file census and the report's exhaustive semantic traversal."
"docs/template/public/main.css","orchestration_asset","analyzed","C:\Users\littl\Documents\Codex\2026-08-02\research-c-users-littl-agents-skills\outputs\01-github-spec-kit.md","SHA-256 F775A4FFBAA5FA2CD0D3AFF9987AF54D4AB9D877DA48879882FE51F85B934F91; covered by the pinned full-file census and the report's exhaustive semantic traversal."
"docs/toc.yml","configuration_or_data","analyzed","C:\Users\littl\Documents\Codex\2026-08-02\research-c-users-littl-agents-skills\outputs\01-github-spec-kit.md","SHA-256 386257860E9A911AE93C246448ED5002F5F18521404EF56A460132B7B31F4EFC; covered by the pinned full-file census and the report's exhaustive semantic traversal."
"docs/upgrade.md","documentation","analyzed","C:\Users\littl\Documents\Codex\2026-08-02\research-c-users-littl-agents-skills\outputs\01-github-spec-kit.md","SHA-256 37B3E4078D7E18343AC75D8EA15FB08765C93DAF4AAC98F037BA8797DCA4D396; covered by the pinned full-file census and the report's exhaustive semantic traversal."
"examples/bundles/business-analyst/bundle.yml","configuration_or_data","analyzed","C:\Users\littl\Documents\Codex\2026-08-02\research-c-users-littl-agents-skills\outputs\01-github-spec-kit.md","SHA-256 C5005AF4309AE7FEA355E581D2622D6843EFD57FE510E42BAE6B93089E346DC0; covered by the pinned full-file census and the report's exhaustive semantic traversal."
"examples/bundles/business-analyst/README.md","documentation","analyzed","C:\Users\littl\Documents\Codex\2026-08-02\research-c-users-littl-agents-skills\outputs\01-github-spec-kit.md","SHA-256 24EC6A0049F50C946B179E7906BD201356F8682044CBAE7D8F5E8808B58FDA09; covered by the pinned full-file census and the report's exhaustive semantic traversal."
"examples/bundles/developer/bundle.yml","configuration_or_data","analyzed","C:\Users\littl\Documents\Codex\2026-08-02\research-c-users-littl-agents-skills\outputs\01-github-spec-kit.md","SHA-256 905DDE43267003DEC6EDD68998A9C99F03D3EDB57A1DF3D77906936161B39279; covered by the pinned full-file census and the report's exhaustive semantic traversal."
"examples/bundles/developer/README.md","documentation","analyzed","C:\Users\littl\Documents\Codex\2026-08-02\research-c-users-littl-agents-skills\outputs\01-github-spec-kit.md","SHA-256 9A81B1B5E6047C36B00C0651A9848DBE04758EB36EE9E7D83D0B8C66842F4641; covered by the pinned full-file census and the report's exhaustive semantic traversal."
"examples/bundles/product-manager/bundle.yml","configuration_or_data","analyzed","C:\Users\littl\Documents\Codex\2026-08-02\research-c-users-littl-agents-skills\outputs\01-github-spec-kit.md","SHA-256 EF7123F1A4DC82CA19F2E0D46BB12DD90845E7F6B4EC85607159C85FD3360164; covered by the pinned full-file census and the report's exhaustive semantic traversal."
"examples/bundles/product-manager/README.md","documentation","analyzed","C:\Users\littl\Documents\Codex\2026-08-02\research-c-users-littl-agents-skills\outputs\01-github-spec-kit.md","SHA-256 800F74CDC60F53816FD8BBA6175246120A1F335BCFEF1A433CDF0CD3B7EA717B; covered by the pinned full-file census and the report's exhaustive semantic traversal."
"examples/bundles/security-researcher/bundle.yml","configuration_or_data","analyzed","C:\Users\littl\Documents\Codex\2026-08-02\research-c-users-littl-agents-skills\outputs\01-github-spec-kit.md","SHA-256 A1299D23E89DD8462A63A6827340B49817A514FA96E67959BDFEBC8D8700EE6E; covered by the pinned full-file census and the report's exhaustive semantic traversal."
"examples/bundles/security-researcher/README.md","documentation","analyzed","C:\Users\littl\Documents\Codex\2026-08-02\research-c-users-littl-agents-skills\outputs\01-github-spec-kit.md","SHA-256 29ECCAF4CFAA70A4F66B185D68795F33BF988D184BB5578E84A3008756A474E6; covered by the pinned full-file census and the report's exhaustive semantic traversal."
"extensions/agent-context/agent-context-config.yml","plugin_or_adapter","analyzed","C:\Users\littl\Documents\Codex\2026-08-02\research-c-users-littl-agents-skills\outputs\01-github-spec-kit.md","SHA-256 3964D21A0AEB3568A6622EDCC40522697EF8DFC14B6212D76BBADFE62840265C; covered by the pinned full-file census and the report's exhaustive semantic traversal."
"extensions/agent-context/agent-context-defaults.json","plugin_or_adapter","analyzed","C:\Users\littl\Documents\Codex\2026-08-02\research-c-users-littl-agents-skills\outputs\01-github-spec-kit.md","SHA-256 45CB08E823C0CB5FFED770D8CC9C18FA706A1519F20C1D12B031A66F55AE8311; covered by the pinned full-file census and the report's exhaustive semantic traversal."
"extensions/agent-context/commands/speckit.agent-context.update.md","plugin_or_adapter","analyzed","C:\Users\littl\Documents\Codex\2026-08-02\research-c-users-littl-agents-skills\outputs\01-github-spec-kit.md","SHA-256 215E3DF01BAFD18E051E31FBB05C5B4986879A3B00127865C62ADAEC0785EA6D; covered by the pinned full-file census and the report's exhaustive semantic traversal."
"extensions/agent-context/extension.yml","plugin_or_adapter","analyzed","C:\Users\littl\Documents\Codex\2026-08-02\research-c-users-littl-agents-skills\outputs\01-github-spec-kit.md","SHA-256 9A1DC02D2D0139BB03860392ECACEF79183BE2C442FEDA2F9CCAA4E5907B1E47; covered by the pinned full-file census and the report's exhaustive semantic traversal."
"extensions/agent-context/README.md","plugin_or_adapter","analyzed","C:\Users\littl\Documents\Codex\2026-08-02\research-c-users-littl-agents-skills\outputs\01-github-spec-kit.md","SHA-256 A156F3E8683E3763EA0D5EDF91A7663B566D396692621D7FB663971F499DFCF7; covered by the pinned full-file census and the report's exhaustive semantic traversal."
"extensions/agent-context/scripts/bash/update-agent-context.sh","plugin_or_adapter","analyzed","C:\Users\littl\Documents\Codex\2026-08-02\research-c-users-littl-agents-skills\outputs\01-github-spec-kit.md","SHA-256 356BA4508AB6AB47AF23B9AD945E8A5730B8289289D896CFE234EBA055A9602E; covered by the pinned full-file census and the report's exhaustive semantic traversal."
"extensions/agent-context/scripts/powershell/update-agent-context.ps1","plugin_or_adapter","analyzed","C:\Users\littl\Documents\Codex\2026-08-02\research-c-users-littl-agents-skills\outputs\01-github-spec-kit.md","SHA-256 75DD50B5070728560926F47A3238E4203EFA79DA63131B97815ADFFDA9236B7A; covered by the pinned full-file census and the report's exhaustive semantic traversal."
"extensions/agent-context/scripts/python/update_agent_context.py","plugin_or_adapter","analyzed","C:\Users\littl\Documents\Codex\2026-08-02\research-c-users-littl-agents-skills\outputs\01-github-spec-kit.md","SHA-256 1D16A1592BBCA61D1A03EE09076ED8BF7C4EEDD1762140372176F06A1EC69A0F; covered by the pinned full-file census and the report's exhaustive semantic traversal."
"extensions/assess/commands/speckit.assess.decide.md","plugin_or_adapter","analyzed","C:\Users\littl\Documents\Codex\2026-08-02\research-c-users-littl-agents-skills\outputs\01-github-spec-kit.md","SHA-256 3E427C50C90646BCD9CA590F889633BA7D16CB4880FFE9C6CA1DF59C461638D4; covered by the pinned full-file census and the report's exhaustive semantic traversal."
"extensions/assess/commands/speckit.assess.define.md","plugin_or_adapter","analyzed","C:\Users\littl\Documents\Codex\2026-08-02\research-c-users-littl-agents-skills\outputs\01-github-spec-kit.md","SHA-256 CD75D8A4839EFB189F1209BBB0D33A52FF0977742D1DE8D6F8DAF3E8BB4B043B; covered by the pinned full-file census and the report's exhaustive semantic traversal."
"extensions/assess/commands/speckit.assess.intake.md","plugin_or_adapter","analyzed","C:\Users\littl\Documents\Codex\2026-08-02\research-c-users-littl-agents-skills\outputs\01-github-spec-kit.md","SHA-256 E3D76BEF113C041F28232F6D3BA37403D409E4A04671D0838FAE74C6DEDFE759; covered by the pinned full-file census and the report's exhaustive semantic traversal."
"extensions/assess/commands/speckit.assess.research.md","plugin_or_adapter","analyzed","C:\Users\littl\Documents\Codex\2026-08-02\research-c-users-littl-agents-skills\outputs\01-github-spec-kit.md","SHA-256 200DD254ABFDB7CC93BED47A6FAC9CA9AE0F01BB3F247FE3D73C3FD581245BDD; covered by the pinned full-file census and the report's exhaustive semantic traversal."
"extensions/assess/commands/speckit.assess.shape.md","plugin_or_adapter","analyzed","C:\Users\littl\Documents\Codex\2026-08-02\research-c-users-littl-agents-skills\outputs\01-github-spec-kit.md","SHA-256 6C2FD8C1687AC5B1E02891BCAF5C83F5AC408BD391B6DD7CFE09AD82272179AB; covered by the pinned full-file census and the report's exhaustive semantic traversal."
"extensions/assess/extension.yml","plugin_or_adapter","analyzed","C:\Users\littl\Documents\Codex\2026-08-02\research-c-users-littl-agents-skills\outputs\01-github-spec-kit.md","SHA-256 6EBA1FFBC264C7AA43E31B34303A8312DDAD5B979772D2785C808179B402D9F2; covered by the pinned full-file census and the report's exhaustive semantic traversal."
"extensions/assess/README.md","plugin_or_adapter","analyzed","C:\Users\littl\Documents\Codex\2026-08-02\research-c-users-littl-agents-skills\outputs\01-github-spec-kit.md","SHA-256 3E6BF0A152FD64C0BB1546102DAAECEC7B6FAA518F77E5B482DAF28E26C61DDA; covered by the pinned full-file census and the report's exhaustive semantic traversal."
"extensions/bug/commands/speckit.bug.assess.md","plugin_or_adapter","analyzed","C:\Users\littl\Documents\Codex\2026-08-02\research-c-users-littl-agents-skills\outputs\01-github-spec-kit.md","SHA-256 6786963D1F89D129E63AC60E570AD28702D59813455FC95284D2FACC1EB6B52F; covered by the pinned full-file census and the report's exhaustive semantic traversal."
"extensions/bug/commands/speckit.bug.fix.md","plugin_or_adapter","analyzed","C:\Users\littl\Documents\Codex\2026-08-02\research-c-users-littl-agents-skills\outputs\01-github-spec-kit.md","SHA-256 DF8B28B3687617FA883998D060E5402A2BAABD34023BEF3D1FBCDE9E014C5BF6; covered by the pinned full-file census and the report's exhaustive semantic traversal."
"extensions/bug/commands/speckit.bug.test.md","plugin_or_adapter","analyzed","C:\Users\littl\Documents\Codex\2026-08-02\research-c-users-littl-agents-skills\outputs\01-github-spec-kit.md","SHA-256 AC2AB5542B0A9B098AF75BAAD0B23B49E3763B8893EDA8497BF234FB5A0DF2FF; covered by the pinned full-file census and the report's exhaustive semantic traversal."
"extensions/bug/extension.yml","plugin_or_adapter","analyzed","C:\Users\littl\Documents\Codex\2026-08-02\research-c-users-littl-agents-skills\outputs\01-github-spec-kit.md","SHA-256 1D0DA5458F3C18FF08CF1602D88CECC33FAD07068208951FB7128090CFA90C90; covered by the pinned full-file census and the report's exhaustive semantic traversal."
"extensions/bug/README.md","plugin_or_adapter","analyzed","C:\Users\littl\Documents\Codex\2026-08-02\research-c-users-littl-agents-skills\outputs\01-github-spec-kit.md","SHA-256 5E5F966DDD45714CE547B526E94C45A69EE2946F3D873916BA0148418DE106BA; covered by the pinned full-file census and the report's exhaustive semantic traversal."
"extensions/catalog.community.json","plugin_or_adapter","analyzed","C:\Users\littl\Documents\Codex\2026-08-02\research-c-users-littl-agents-skills\outputs\01-github-spec-kit.md","SHA-256 FFEB3EB0846D6CD1D73E2ABA245287529479FFB0521A3E8EB5957DBB5D169EB9; covered by the pinned full-file census and the report's exhaustive semantic traversal."
"extensions/catalog.json","plugin_or_adapter","analyzed","C:\Users\littl\Documents\Codex\2026-08-02\research-c-users-littl-agents-skills\outputs\01-github-spec-kit.md","SHA-256 D1FA9C6748183F4D011BDF78734F2D6429EA67925791CC834223AC3FD015259C; covered by the pinned full-file census and the report's exhaustive semantic traversal."
"extensions/EXTENSION-API-REFERENCE.md","plugin_or_adapter","analyzed","C:\Users\littl\Documents\Codex\2026-08-02\research-c-users-littl-agents-skills\outputs\01-github-spec-kit.md","SHA-256 FC909553C094DF2FD6024FA28F74C5B0053BE32498B0FB44F66D5DF44C0FB757; covered by the pinned full-file census and the report's exhaustive semantic traversal."
"extensions/EXTENSION-DEVELOPMENT-GUIDE.md","plugin_or_adapter","analyzed","C:\Users\littl\Documents\Codex\2026-08-02\research-c-users-littl-agents-skills\outputs\01-github-spec-kit.md","SHA-256 18B531D2E20C7D5743822A696A9AB3BB34838FC364230DB606F03F7554FC4987; covered by the pinned full-file census and the report's exhaustive semantic traversal."
"extensions/EXTENSION-PUBLISHING-GUIDE.md","plugin_or_adapter","analyzed","C:\Users\littl\Documents\Codex\2026-08-02\research-c-users-littl-agents-skills\outputs\01-github-spec-kit.md","SHA-256 25000EA3413B391C1725D2675BB8D7F3704D157C1B2368AE5C78749484AD8139; covered by the pinned full-file census and the report's exhaustive semantic traversal."
"extensions/EXTENSION-USER-GUIDE.md","plugin_or_adapter","analyzed","C:\Users\littl\Documents\Codex\2026-08-02\research-c-users-littl-agents-skills\outputs\01-github-spec-kit.md","SHA-256 A4767FACCA660AC3EAC08765F91ABA2CAFB9BCA8ABADA20323E58631F87D26CE; covered by the pinned full-file census and the report's exhaustive semantic traversal."
"extensions/git/commands/speckit.git.commit.md","plugin_or_adapter","analyzed","C:\Users\littl\Documents\Codex\2026-08-02\research-c-users-littl-agents-skills\outputs\01-github-spec-kit.md","SHA-256 8E6826F161365DC9C738F006D64103D967CAF3EE6502DFE756BFB9FF51BE3D71; covered by the pinned full-file census and the report's exhaustive semantic traversal."
"extensions/git/commands/speckit.git.feature.md","plugin_or_adapter","analyzed","C:\Users\littl\Documents\Codex\2026-08-02\research-c-users-littl-agents-skills\outputs\01-github-spec-kit.md","SHA-256 F8DEC57042B3E477DAE7C896BD8515CC7F5806CE9D9898445FA9F4445F660FF2; covered by the pinned full-file census and the report's exhaustive semantic traversal."
"extensions/git/commands/speckit.git.initialize.md","plugin_or_adapter","analyzed","C:\Users\littl\Documents\Codex\2026-08-02\research-c-users-littl-agents-skills\outputs\01-github-spec-kit.md","SHA-256 D89E32EC18B3305B8D00AC64069B67B80110074B8B6BD65EDE1EA522BAA25493; covered by the pinned full-file census and the report's exhaustive semantic traversal."
"extensions/git/commands/speckit.git.remote.md","plugin_or_adapter","analyzed","C:\Users\littl\Documents\Codex\2026-08-02\research-c-users-littl-agents-skills\outputs\01-github-spec-kit.md","SHA-256 00397AFF45BF00D3111B4F162E4220FD5A9020E72E4AFE9179859C21BCD8AAC3; covered by the pinned full-file census and the report's exhaustive semantic traversal."
"extensions/git/commands/speckit.git.validate.md","plugin_or_adapter","analyzed","C:\Users\littl\Documents\Codex\2026-08-02\research-c-users-littl-agents-skills\outputs\01-github-spec-kit.md","SHA-256 FA5FDBED9B3FA5ECC55091EE3043A6543F3BFFCF4F454EE38AA6C488C9706174; covered by the pinned full-file census and the report's exhaustive semantic traversal."
"extensions/git/config-template.yml","plugin_or_adapter","analyzed","C:\Users\littl\Documents\Codex\2026-08-02\research-c-users-littl-agents-skills\outputs\01-github-spec-kit.md","SHA-256 7451B7FCC96F368DE7536F66E1CAAA84525C7573B6B3C241E41561374167CAB3; covered by the pinned full-file census and the report's exhaustive semantic traversal."
"extensions/git/extension.yml","plugin_or_adapter","analyzed","C:\Users\littl\Documents\Codex\2026-08-02\research-c-users-littl-agents-skills\outputs\01-github-spec-kit.md","SHA-256 89711DEC9716473FBA4AFC54F7224BCB28EBD3C55FB5AAA30DF854AB02B07A75; covered by the pinned full-file census and the report's exhaustive semantic traversal."
"extensions/git/git-config.yml","plugin_or_adapter","analyzed","C:\Users\littl\Documents\Codex\2026-08-02\research-c-users-littl-agents-skills\outputs\01-github-spec-kit.md","SHA-256 7451B7FCC96F368DE7536F66E1CAAA84525C7573B6B3C241E41561374167CAB3; covered by the pinned full-file census and the report's exhaustive semantic traversal."
"extensions/git/README.md","plugin_or_adapter","analyzed","C:\Users\littl\Documents\Codex\2026-08-02\research-c-users-littl-agents-skills\outputs\01-github-spec-kit.md","SHA-256 A2957D9756920058E20ADF108DC9754FC3F31519DCBDFE3559F08F95D489F66C; covered by the pinned full-file census and the report's exhaustive semantic traversal."
"extensions/git/scripts/bash/auto-commit.sh","plugin_or_adapter","analyzed","C:\Users\littl\Documents\Codex\2026-08-02\research-c-users-littl-agents-skills\outputs\01-github-spec-kit.md","SHA-256 351BAA7F4F0ECDFB281790EF223F8981A587EC8A2582C013824B1BCFC6039869; covered by the pinned full-file census and the report's exhaustive semantic traversal."
"extensions/git/scripts/bash/create-new-feature-branch.sh","plugin_or_adapter","analyzed","C:\Users\littl\Documents\Codex\2026-08-02\research-c-users-littl-agents-skills\outputs\01-github-spec-kit.md","SHA-256 97CF69201A20BF2F5AD5DAA455BECB55BE24D19753057FF74E49460864D62851; covered by the pinned full-file census and the report's exhaustive semantic traversal."
"extensions/git/scripts/bash/git-common.sh","plugin_or_adapter","analyzed","C:\Users\littl\Documents\Codex\2026-08-02\research-c-users-littl-agents-skills\outputs\01-github-spec-kit.md","SHA-256 A27B59FE3D6DFC36F58754E4AD98FB65D010D0FC3B61D1D2EE5EE809588C0CA0; covered by the pinned full-file census and the report's exhaustive semantic traversal."
"extensions/git/scripts/bash/initialize-repo.sh","plugin_or_adapter","analyzed","C:\Users\littl\Documents\Codex\2026-08-02\research-c-users-littl-agents-skills\outputs\01-github-spec-kit.md","SHA-256 19F1A8BCB591D988A516BD661F9DA7029B5A6F265AB27A769D390099104D0763; covered by the pinned full-file census and the report's exhaustive semantic traversal."
"extensions/git/scripts/powershell/auto-commit.ps1","plugin_or_adapter","analyzed","C:\Users\littl\Documents\Codex\2026-08-02\research-c-users-littl-agents-skills\outputs\01-github-spec-kit.md","SHA-256 79208EFFA0941B0E9289D014FDC33D9087159699B0D42C73CC585279DBD05A4E; covered by the pinned full-file census and the report's exhaustive semantic traversal."
"extensions/git/scripts/powershell/create-new-feature-branch.ps1","plugin_or_adapter","analyzed","C:\Users\littl\Documents\Codex\2026-08-02\research-c-users-littl-agents-skills\outputs\01-github-spec-kit.md","SHA-256 DCB8DD6230425BE4D37A183E93F603F912D44DF9A3B85B82443EEA73FCEE0CF9; covered by the pinned full-file census and the report's exhaustive semantic traversal."
"extensions/git/scripts/powershell/git-common.ps1","plugin_or_adapter","analyzed","C:\Users\littl\Documents\Codex\2026-08-02\research-c-users-littl-agents-skills\outputs\01-github-spec-kit.md","SHA-256 04CD6527418AD5C04632B368342AD66915988BF8A35E2CB84D09DBD5378DAAAF; covered by the pinned full-file census and the report's exhaustive semantic traversal."
"extensions/git/scripts/powershell/initialize-repo.ps1","plugin_or_adapter","analyzed","C:\Users\littl\Documents\Codex\2026-08-02\research-c-users-littl-agents-skills\outputs\01-github-spec-kit.md","SHA-256 DB2AAA27E4BCE62EDE09D00D94EB42BEAF272F4DCDDD39732B311DE28B4F19A1; covered by the pinned full-file census and the report's exhaustive semantic traversal."
"extensions/git/scripts/python/auto_commit.py","plugin_or_adapter","analyzed","C:\Users\littl\Documents\Codex\2026-08-02\research-c-users-littl-agents-skills\outputs\01-github-spec-kit.md","SHA-256 F82A73965DCC56D8EC085F6478ABEEFDB3E15CC7A7149E1BB3FF52438BAD1B52; covered by the pinned full-file census and the report's exhaustive semantic traversal."
"extensions/git/scripts/python/create_new_feature_branch.py","plugin_or_adapter","analyzed","C:\Users\littl\Documents\Codex\2026-08-02\research-c-users-littl-agents-skills\outputs\01-github-spec-kit.md","SHA-256 F0D60BDE1159DE53206CB8A4A84D9E02AF236FC3493E721355EA19ADC5578678; covered by the pinned full-file census and the report's exhaustive semantic traversal."
"extensions/git/scripts/python/git_common.py","plugin_or_adapter","analyzed","C:\Users\littl\Documents\Codex\2026-08-02\research-c-users-littl-agents-skills\outputs\01-github-spec-kit.md","SHA-256 0D8590AA2EDEBE8B251BEDE591DCCA194720A3770974F5C964152898E5150596; covered by the pinned full-file census and the report's exhaustive semantic traversal."
"extensions/git/scripts/python/initialize_repo.py","plugin_or_adapter","analyzed","C:\Users\littl\Documents\Codex\2026-08-02\research-c-users-littl-agents-skills\outputs\01-github-spec-kit.md","SHA-256 C5B71FF2E3C71E4B5F1184F7BAFBF86935437670E633681926483309526F4096; covered by the pinned full-file census and the report's exhaustive semantic traversal."
"extensions/README.md","plugin_or_adapter","analyzed","C:\Users\littl\Documents\Codex\2026-08-02\research-c-users-littl-agents-skills\outputs\01-github-spec-kit.md","SHA-256 9E99093D9F5967A3A7D40864B7B65FB30864D79048025E65FE891D537309898F; covered by the pinned full-file census and the report's exhaustive semantic traversal."
"extensions/RFC-EXTENSION-SYSTEM.md","plugin_or_adapter","analyzed","C:\Users\littl\Documents\Codex\2026-08-02\research-c-users-littl-agents-skills\outputs\01-github-spec-kit.md","SHA-256 5947CE6C3E36A91188A44748EAA424E512CEF6D1069D9E5B7C61904B4DF102EB; covered by the pinned full-file census and the report's exhaustive semantic traversal."
"extensions/selftest/commands/selftest.md","plugin_or_adapter","analyzed","C:\Users\littl\Documents\Codex\2026-08-02\research-c-users-littl-agents-skills\outputs\01-github-spec-kit.md","SHA-256 93F33139A3DA71BDFBEF9EB14C1E4923DD6BE45E5D182870A96917FDEE91580A; covered by the pinned full-file census and the report's exhaustive semantic traversal."
"extensions/selftest/extension.yml","plugin_or_adapter","analyzed","C:\Users\littl\Documents\Codex\2026-08-02\research-c-users-littl-agents-skills\outputs\01-github-spec-kit.md","SHA-256 7C0930F1B67543B3BC81552A8098990C92AAA4AA70619CDAF9D06CEFCB82375E; covered by the pinned full-file census and the report's exhaustive semantic traversal."
"extensions/template/.gitignore","plugin_or_adapter","analyzed","C:\Users\littl\Documents\Codex\2026-08-02\research-c-users-littl-agents-skills\outputs\01-github-spec-kit.md","SHA-256 03C6448026DC206E55161BE280ED8DAC8748346FB534D401CC5A66562C2E975F; covered by the pinned full-file census and the report's exhaustive semantic traversal."
"extensions/template/CHANGELOG.md","plugin_or_adapter","analyzed","C:\Users\littl\Documents\Codex\2026-08-02\research-c-users-littl-agents-skills\outputs\01-github-spec-kit.md","SHA-256 A8AE296CE292C01C271C23670359B87480658E521D9DDB8FB316246BFD03823B; covered by the pinned full-file census and the report's exhaustive semantic traversal."
"extensions/template/commands/example.md","plugin_or_adapter","analyzed","C:\Users\littl\Documents\Codex\2026-08-02\research-c-users-littl-agents-skills\outputs\01-github-spec-kit.md","SHA-256 4D23361BC7B3111F47285D8F2C1BB8BEE06C81F24571ADCD1C4881D57B16CD56; covered by the pinned full-file census and the report's exhaustive semantic traversal."
"extensions/template/config-template.yml","plugin_or_adapter","analyzed","C:\Users\littl\Documents\Codex\2026-08-02\research-c-users-littl-agents-skills\outputs\01-github-spec-kit.md","SHA-256 51306901971DB9B3B296442796DE91969336200DC8BF827AC499E5B37B8EDDF9; covered by the pinned full-file census and the report's exhaustive semantic traversal."
"extensions/template/EXAMPLE-README.md","plugin_or_adapter","analyzed","C:\Users\littl\Documents\Codex\2026-08-02\research-c-users-littl-agents-skills\outputs\01-github-spec-kit.md","SHA-256 7B3F69E414E8ACD1CD213A98261DA701707B0EDA6BE54B6CE67ED02114865958; covered by the pinned full-file census and the report's exhaustive semantic traversal."
"extensions/template/extension.yml","plugin_or_adapter","analyzed","C:\Users\littl\Documents\Codex\2026-08-02\research-c-users-littl-agents-skills\outputs\01-github-spec-kit.md","SHA-256 12FC2948A367A04A9180783DD0007F1D744F44347352A95A73F485FE8998F529; covered by the pinned full-file census and the report's exhaustive semantic traversal."
"extensions/template/LICENSE","plugin_or_adapter","analyzed","C:\Users\littl\Documents\Codex\2026-08-02\research-c-users-littl-agents-skills\outputs\01-github-spec-kit.md","SHA-256 31EEB5020675BD63B71F4F8E69C20698DC81510D641AF442A4205656B5B65647; covered by the pinned full-file census and the report's exhaustive semantic traversal."
"extensions/template/README.md","plugin_or_adapter","analyzed","C:\Users\littl\Documents\Codex\2026-08-02\research-c-users-littl-agents-skills\outputs\01-github-spec-kit.md","SHA-256 9276583C3ADFB17DD4E33F6D11E4118BFC478A5E51F086EE933ECF853BEC2D5B; covered by the pinned full-file census and the report's exhaustive semantic traversal."
"integrations/catalog.community.json","configuration_or_data","analyzed","C:\Users\littl\Documents\Codex\2026-08-02\research-c-users-littl-agents-skills\outputs\01-github-spec-kit.md","SHA-256 217FA305377BDF798A168795416593C514035B7978683B34F070131FCEA9B5D3; covered by the pinned full-file census and the report's exhaustive semantic traversal."
"integrations/catalog.json","configuration_or_data","analyzed","C:\Users\littl\Documents\Codex\2026-08-02\research-c-users-littl-agents-skills\outputs\01-github-spec-kit.md","SHA-256 AE1D1850A17EC97B62714F76B77ADB9C0B89238A131B1F9FBB08914D585D83C8; covered by the pinned full-file census and the report's exhaustive semantic traversal."
"integrations/CONTRIBUTING.md","documentation","analyzed","C:\Users\littl\Documents\Codex\2026-08-02\research-c-users-littl-agents-skills\outputs\01-github-spec-kit.md","SHA-256 8733E993864F7FC484C4FF2A30636F83FBC257B5F828A5A886CD49BE20746BEB; covered by the pinned full-file census and the report's exhaustive semantic traversal."
"integrations/README.md","documentation","analyzed","C:\Users\littl\Documents\Codex\2026-08-02\research-c-users-littl-agents-skills\outputs\01-github-spec-kit.md","SHA-256 D1B2D81BC6947C19AAD6C66CE869E0292A3A3BC0DB8DFA1E835E11AC933D4C86; covered by the pinned full-file census and the report's exhaustive semantic traversal."
"LICENSE","source_or_other","analyzed","C:\Users\littl\Documents\Codex\2026-08-02\research-c-users-littl-agents-skills\outputs\01-github-spec-kit.md","SHA-256 2510B446BC1F0CF9702453075D20CD88631E20E5642658EDB7325D9C1EB534F7; covered by the pinned full-file census and the report's exhaustive semantic traversal."
"newsletters/2026-April.md","documentation","analyzed","C:\Users\littl\Documents\Codex\2026-08-02\research-c-users-littl-agents-skills\outputs\01-github-spec-kit.md","SHA-256 4066ADDDBD979F3FD10243CDEF1D9F3FC28F09ADC53D08C84123E6A23EBC068B; covered by the pinned full-file census and the report's exhaustive semantic traversal."
"newsletters/2026-February.md","documentation","analyzed","C:\Users\littl\Documents\Codex\2026-08-02\research-c-users-littl-agents-skills\outputs\01-github-spec-kit.md","SHA-256 EB8E76E52EBB3AD28300E7FACEC6103E3ABDE311FFC8E22C65B4A6FF971C8F3B; covered by the pinned full-file census and the report's exhaustive semantic traversal."
"newsletters/2026-June.md","documentation","analyzed","C:\Users\littl\Documents\Codex\2026-08-02\research-c-users-littl-agents-skills\outputs\01-github-spec-kit.md","SHA-256 7C589A18DC3FEA8A7748F33AB0C69307831C3555B17DDF4BC115CB25193068B7; covered by the pinned full-file census and the report's exhaustive semantic traversal."
"newsletters/2026-March.md","documentation","analyzed","C:\Users\littl\Documents\Codex\2026-08-02\research-c-users-littl-agents-skills\outputs\01-github-spec-kit.md","SHA-256 3E44BB806ED79F0F60BF6CB8B8475DB15F242BEC4018DF698118A1033A6D4C35; covered by the pinned full-file census and the report's exhaustive semantic traversal."
"newsletters/2026-May.md","documentation","analyzed","C:\Users\littl\Documents\Codex\2026-08-02\research-c-users-littl-agents-skills\outputs\01-github-spec-kit.md","SHA-256 552FEDAC6DAC12C458EF6C5AB01C6009858245A1990F73BEA0B9C6274019809F; covered by the pinned full-file census and the report's exhaustive semantic traversal."
"presets/ARCHITECTURE.md","documentation","analyzed","C:\Users\littl\Documents\Codex\2026-08-02\research-c-users-littl-agents-skills\outputs\01-github-spec-kit.md","SHA-256 FD89BA24FD4D6AD3DE111660120B920CCC31735AF73B9015D1D9FEC6628CDF31; covered by the pinned full-file census and the report's exhaustive semantic traversal."
"presets/catalog.community.json","configuration_or_data","analyzed","C:\Users\littl\Documents\Codex\2026-08-02\research-c-users-littl-agents-skills\outputs\01-github-spec-kit.md","SHA-256 5FA30116A2D7EAA193382A4F007E8F22D057F8FD32E325EADE378D5BA37D4556; covered by the pinned full-file census and the report's exhaustive semantic traversal."
"presets/catalog.json","configuration_or_data","analyzed","C:\Users\littl\Documents\Codex\2026-08-02\research-c-users-littl-agents-skills\outputs\01-github-spec-kit.md","SHA-256 1FABB74BAE220CE112DC7875F337E523D3FC8EAC15D06CA107F9D694751037E5; covered by the pinned full-file census and the report's exhaustive semantic traversal."
"presets/constitution-sync/commands/speckit.constitution.md","orchestration_asset","analyzed","C:\Users\littl\Documents\Codex\2026-08-02\research-c-users-littl-agents-skills\outputs\01-github-spec-kit.md","SHA-256 DBA4007AA58578B7EDFC0B7DEDF6B5D02668677227011A85F0BE1E673DA0CD31; covered by the pinned full-file census and the report's exhaustive semantic traversal."
"presets/constitution-sync/preset.yml","configuration_or_data","analyzed","C:\Users\littl\Documents\Codex\2026-08-02\research-c-users-littl-agents-skills\outputs\01-github-spec-kit.md","SHA-256 F1AAF71BEC530E4103147820777009C17A7B67C531769E5338E783947C5CBB13; covered by the pinned full-file census and the report's exhaustive semantic traversal."
"presets/constitution-sync/README.md","documentation","analyzed","C:\Users\littl\Documents\Codex\2026-08-02\research-c-users-littl-agents-skills\outputs\01-github-spec-kit.md","SHA-256 2C7DD7F12C4AED4029CFA1D6FE163E11248FCF7748C974BCD012EA38C63447E4; covered by the pinned full-file census and the report's exhaustive semantic traversal."
"presets/lean/commands/speckit.constitution.md","orchestration_asset","analyzed","C:\Users\littl\Documents\Codex\2026-08-02\research-c-users-littl-agents-skills\outputs\01-github-spec-kit.md","SHA-256 56CA2FFC2938D04285ADC8E0A7CC33164D7F0B8538D5B8AA70791DE6DDB9F0A0; covered by the pinned full-file census and the report's exhaustive semantic traversal."
"presets/lean/commands/speckit.implement.md","orchestration_asset","analyzed","C:\Users\littl\Documents\Codex\2026-08-02\research-c-users-littl-agents-skills\outputs\01-github-spec-kit.md","SHA-256 D50654EBFAD997092A939D7020E546C48BE47AA676C7DDEB90EB70B5CF20767C; covered by the pinned full-file census and the report's exhaustive semantic traversal."
"presets/lean/commands/speckit.plan.md","orchestration_asset","analyzed","C:\Users\littl\Documents\Codex\2026-08-02\research-c-users-littl-agents-skills\outputs\01-github-spec-kit.md","SHA-256 D4DBD594DC8EA9853583353CFC556AC419FFEDF2300C207D4CE75C24DEBE2AB9; covered by the pinned full-file census and the report's exhaustive semantic traversal."
"presets/lean/commands/speckit.specify.md","orchestration_asset","analyzed","C:\Users\littl\Documents\Codex\2026-08-02\research-c-users-littl-agents-skills\outputs\01-github-spec-kit.md","SHA-256 9D68997CE418CC3293F66F946681BED0A33328C64A05757C0554DED19EEC0CE2; covered by the pinned full-file census and the report's exhaustive semantic traversal."
"presets/lean/commands/speckit.tasks.md","orchestration_asset","analyzed","C:\Users\littl\Documents\Codex\2026-08-02\research-c-users-littl-agents-skills\outputs\01-github-spec-kit.md","SHA-256 B363ACD5CDBC3312B2FA03C763913515947FEB214702281FE13355401EBD0210; covered by the pinned full-file census and the report's exhaustive semantic traversal."
"presets/lean/preset.yml","configuration_or_data","analyzed","C:\Users\littl\Documents\Codex\2026-08-02\research-c-users-littl-agents-skills\outputs\01-github-spec-kit.md","SHA-256 D316B3AD5F41988D51FE2B7FAEDAB9C942EDC68B44CF6970D5E26EF5A8522751; covered by the pinned full-file census and the report's exhaustive semantic traversal."
"presets/lean/README.md","documentation","analyzed","C:\Users\littl\Documents\Codex\2026-08-02\research-c-users-littl-agents-skills\outputs\01-github-spec-kit.md","SHA-256 7F7291892EDC0FADCC18A027C7BC06FF6767CE08F21039876CD7F455BE200536; covered by the pinned full-file census and the report's exhaustive semantic traversal."
"presets/PUBLISHING.md","documentation","analyzed","C:\Users\littl\Documents\Codex\2026-08-02\research-c-users-littl-agents-skills\outputs\01-github-spec-kit.md","SHA-256 3DA6DF6CFA66F941469C2217E9EAEF044C96C950EF89B1B91CFCD971E0946149; covered by the pinned full-file census and the report's exhaustive semantic traversal."
"presets/README.md","documentation","analyzed","C:\Users\littl\Documents\Codex\2026-08-02\research-c-users-littl-agents-skills\outputs\01-github-spec-kit.md","SHA-256 667DE871C1990C18A18EA989F111A739545282E1F44E700826F50B6ABE8BE8BD; covered by the pinned full-file census and the report's exhaustive semantic traversal."
"presets/scaffold/commands/speckit.myext.myextcmd.md","orchestration_asset","analyzed","C:\Users\littl\Documents\Codex\2026-08-02\research-c-users-littl-agents-skills\outputs\01-github-spec-kit.md","SHA-256 FA5C348453AC7BC87CB86CCF22A367E7CD06BE2D748E61CB8C4CA0981152BBF9; covered by the pinned full-file census and the report's exhaustive semantic traversal."
"presets/scaffold/commands/speckit.specify.md","orchestration_asset","analyzed","C:\Users\littl\Documents\Codex\2026-08-02\research-c-users-littl-agents-skills\outputs\01-github-spec-kit.md","SHA-256 F8517CC299598DE8A5B200769D41864EA02E062AD5F196AF164FE4C034231C4D; covered by the pinned full-file census and the report's exhaustive semantic traversal."
"presets/scaffold/preset.yml","configuration_or_data","analyzed","C:\Users\littl\Documents\Codex\2026-08-02\research-c-users-littl-agents-skills\outputs\01-github-spec-kit.md","SHA-256 F991A9C0226B14A0A56F7737EEF2E698B9D570EF05D50138F313267005E2DB8D; covered by the pinned full-file census and the report's exhaustive semantic traversal."
"presets/scaffold/README.md","documentation","analyzed","C:\Users\littl\Documents\Codex\2026-08-02\research-c-users-littl-agents-skills\outputs\01-github-spec-kit.md","SHA-256 0F0CB095A73721B928F5B80BE1653C4EC172CEB32589CCC83F6099C0D5C11574; covered by the pinned full-file census and the report's exhaustive semantic traversal."
"presets/scaffold/templates/myext-template.md","orchestration_asset","analyzed","C:\Users\littl\Documents\Codex\2026-08-02\research-c-users-littl-agents-skills\outputs\01-github-spec-kit.md","SHA-256 5F72484E29355ACC2BC2CFD9D4C5A5295296B852B6348A5EDE7C0CC91D4472AA; covered by the pinned full-file census and the report's exhaustive semantic traversal."
"presets/scaffold/templates/spec-template.md","orchestration_asset","analyzed","C:\Users\littl\Documents\Codex\2026-08-02\research-c-users-littl-agents-skills\outputs\01-github-spec-kit.md","SHA-256 15295AFCC19AFBD0AE2A01A007B609E3CD8DB7AD4D73DBFB94604B62F5114889; covered by the pinned full-file census and the report's exhaustive semantic traversal."
"presets/self-test/commands/speckit.specify.md","orchestration_asset","analyzed","C:\Users\littl\Documents\Codex\2026-08-02\research-c-users-littl-agents-skills\outputs\01-github-spec-kit.md","SHA-256 3B8FE91D721F37038BF0C89CBBFD18CD00CC67F932CFBE067D1EE59BB8208DED; covered by the pinned full-file census and the report's exhaustive semantic traversal."
"presets/self-test/commands/speckit.wrap-test.md","orchestration_asset","analyzed","C:\Users\littl\Documents\Codex\2026-08-02\research-c-users-littl-agents-skills\outputs\01-github-spec-kit.md","SHA-256 FD58272DC1C3D83E2412BB8DB8B5DE564CD073002B7BF9A65AD6390A30BE4554; covered by the pinned full-file census and the report's exhaustive semantic traversal."
"presets/self-test/preset.yml","configuration_or_data","analyzed","C:\Users\littl\Documents\Codex\2026-08-02\research-c-users-littl-agents-skills\outputs\01-github-spec-kit.md","SHA-256 724EE6329BDCABA2BAA8C27A418BCACF39FC2B575019617ABE99D811145F437F; covered by the pinned full-file census and the report's exhaustive semantic traversal."
"presets/self-test/templates/checklist-template.md","orchestration_asset","analyzed","C:\Users\littl\Documents\Codex\2026-08-02\research-c-users-littl-agents-skills\outputs\01-github-spec-kit.md","SHA-256 02243E94CE2E88A419813B7EF2AD607D8ECD5E3A638D63F20D0984EEFE5F0882; covered by the pinned full-file census and the report's exhaustive semantic traversal."
"presets/self-test/templates/constitution-template.md","orchestration_asset","analyzed","C:\Users\littl\Documents\Codex\2026-08-02\research-c-users-littl-agents-skills\outputs\01-github-spec-kit.md","SHA-256 70E00709AF58ECFB933B5F138EAA6779A57A1C463D11B0E1A9D30B0E4BE303BC; covered by the pinned full-file census and the report's exhaustive semantic traversal."
"presets/self-test/templates/plan-template.md","orchestration_asset","analyzed","C:\Users\littl\Documents\Codex\2026-08-02\research-c-users-littl-agents-skills\outputs\01-github-spec-kit.md","SHA-256 513E5B5437B77C0EB0889A65F0A35F5C55E8A0B46134E52ADEC18D9062EDB3F8; covered by the pinned full-file census and the report's exhaustive semantic traversal."
"presets/self-test/templates/spec-template.md","orchestration_asset","analyzed","C:\Users\littl\Documents\Codex\2026-08-02\research-c-users-littl-agents-skills\outputs\01-github-spec-kit.md","SHA-256 63335B93BD58B601C5A619D64EC0D6A87821EB6AE53A88667A616CC2215F7C32; covered by the pinned full-file census and the report's exhaustive semantic traversal."
"presets/self-test/templates/tasks-template.md","orchestration_asset","analyzed","C:\Users\littl\Documents\Codex\2026-08-02\research-c-users-littl-agents-skills\outputs\01-github-spec-kit.md","SHA-256 D489949350E1E1111B892D50F384EB76A599280938830EFFA88D93C186DFEB9A; covered by the pinned full-file census and the report's exhaustive semantic traversal."
"pyproject.toml","configuration_or_data","analyzed","C:\Users\littl\Documents\Codex\2026-08-02\research-c-users-littl-agents-skills\outputs\01-github-spec-kit.md","SHA-256 6AE3DC69256B78AC1C6DF1F72834F0D1ACF32F8E205EE65E4853D948ED7E3E7F; covered by the pinned full-file census and the report's exhaustive semantic traversal."
"README.md","documentation","analyzed","C:\Users\littl\Documents\Codex\2026-08-02\research-c-users-littl-agents-skills\outputs\01-github-spec-kit.md","SHA-256 78C2306553A708839C3B21D57C5F586C4C8BF73F36FBEA9B45481811C5098410; covered by the pinned full-file census and the report's exhaustive semantic traversal."
"README.zh-CN.md","documentation","analyzed","C:\Users\littl\Documents\Codex\2026-08-02\research-c-users-littl-agents-skills\outputs\01-github-spec-kit.md","SHA-256 F8D10C077A19E15234727542A373CA573B82468D2642B8D06E9C8C72DCFC29EE; covered by the pinned full-file census and the report's exhaustive semantic traversal."
"scripts/bash/check-prerequisites.sh","orchestration_asset","analyzed","C:\Users\littl\Documents\Codex\2026-08-02\research-c-users-littl-agents-skills\outputs\01-github-spec-kit.md","SHA-256 24C1092C0A7BC4F3EFB95245561EBA6CFE88382794DA2EBB5F193BFE1C0109C3; covered by the pinned full-file census and the report's exhaustive semantic traversal."
"scripts/bash/common.sh","orchestration_asset","analyzed","C:\Users\littl\Documents\Codex\2026-08-02\research-c-users-littl-agents-skills\outputs\01-github-spec-kit.md","SHA-256 6FF86BF39F6B4684B0F80927DC7A1DADEC26B4671988A3FE4D6C2523CBD3AA22; covered by the pinned full-file census and the report's exhaustive semantic traversal."
"scripts/bash/create-new-feature.sh","orchestration_asset","analyzed","C:\Users\littl\Documents\Codex\2026-08-02\research-c-users-littl-agents-skills\outputs\01-github-spec-kit.md","SHA-256 AD09A94A2C1107E25E5386A834DA1D7A31F9ABB06AB8BFD323A7B84038221E39; covered by the pinned full-file census and the report's exhaustive semantic traversal."
"scripts/bash/setup-plan.sh","orchestration_asset","analyzed","C:\Users\littl\Documents\Codex\2026-08-02\research-c-users-littl-agents-skills\outputs\01-github-spec-kit.md","SHA-256 4469B22960F43C07C33DCA00DE6DEDB252145E9A9CE8FBB0E63BE82E02B082AB; covered by the pinned full-file census and the report's exhaustive semantic traversal."
"scripts/bash/setup-tasks.sh","orchestration_asset","analyzed","C:\Users\littl\Documents\Codex\2026-08-02\research-c-users-littl-agents-skills\outputs\01-github-spec-kit.md","SHA-256 45CA99EE6A45BF964233EDA33248B30E6B960B1ED881A69DD777E8C3D0B00F21; covered by the pinned full-file census and the report's exhaustive semantic traversal."
"scripts/powershell/check-prerequisites.ps1","orchestration_asset","analyzed","C:\Users\littl\Documents\Codex\2026-08-02\research-c-users-littl-agents-skills\outputs\01-github-spec-kit.md","SHA-256 D8D61478E4F3A04DF0832DBA155361888343CC3AADE1427E017C5C2549C51799; covered by the pinned full-file census and the report's exhaustive semantic traversal."
"scripts/powershell/common.ps1","orchestration_asset","analyzed","C:\Users\littl\Documents\Codex\2026-08-02\research-c-users-littl-agents-skills\outputs\01-github-spec-kit.md","SHA-256 70D40E13EDA801D4E89C337FEBBB7F4F6CDD18DAC8DDDCEF645BB045C17EADB2; covered by the pinned full-file census and the report's exhaustive semantic traversal."
"scripts/powershell/create-new-feature.ps1","orchestration_asset","analyzed","C:\Users\littl\Documents\Codex\2026-08-02\research-c-users-littl-agents-skills\outputs\01-github-spec-kit.md","SHA-256 DBC275BC999EBC0D7022F9725BF022674CF97A435FA57C32439D161B3E9844C1; covered by the pinned full-file census and the report's exhaustive semantic traversal."
"scripts/powershell/setup-plan.ps1","orchestration_asset","analyzed","C:\Users\littl\Documents\Codex\2026-08-02\research-c-users-littl-agents-skills\outputs\01-github-spec-kit.md","SHA-256 76262F13B36C02244AA4217B076997C1489DA27528E3D4EB01FCF639BFF50EAF; covered by the pinned full-file census and the report's exhaustive semantic traversal."
"scripts/powershell/setup-tasks.ps1","orchestration_asset","analyzed","C:\Users\littl\Documents\Codex\2026-08-02\research-c-users-littl-agents-skills\outputs\01-github-spec-kit.md","SHA-256 8D51885CE9AF1F1B08294162E0703E347401DD1A7592B7526D78407DF9CA5BD6; covered by the pinned full-file census and the report's exhaustive semantic traversal."
"scripts/python/check_prerequisites.py","orchestration_asset","analyzed","C:\Users\littl\Documents\Codex\2026-08-02\research-c-users-littl-agents-skills\outputs\01-github-spec-kit.md","SHA-256 74DF3EF0A05141D85ED1473B315446FA93C62CA3D1BDE87FB8D4459011277FA7; covered by the pinned full-file census and the report's exhaustive semantic traversal."
"scripts/python/common.py","orchestration_asset","analyzed","C:\Users\littl\Documents\Codex\2026-08-02\research-c-users-littl-agents-skills\outputs\01-github-spec-kit.md","SHA-256 1D61AE07A4286C38C4ED82CA2B190EB09E338AA7F9C732547F7FEFFE1814C609; covered by the pinned full-file census and the report's exhaustive semantic traversal."
"scripts/python/create_new_feature.py","orchestration_asset","analyzed","C:\Users\littl\Documents\Codex\2026-08-02\research-c-users-littl-agents-skills\outputs\01-github-spec-kit.md","SHA-256 6FDCC954BF121CB4B24D4DAFC442F72A8241B9EB05A186B19D37B2F1C634F143; covered by the pinned full-file census and the report's exhaustive semantic traversal."
"scripts/python/setup_plan.py","orchestration_asset","analyzed","C:\Users\littl\Documents\Codex\2026-08-02\research-c-users-littl-agents-skills\outputs\01-github-spec-kit.md","SHA-256 D89BF18F8C57DE802700EC6BEFABC01A359F296FB5D9B2481E96EC62539BB4DA; covered by the pinned full-file census and the report's exhaustive semantic traversal."
"scripts/python/setup_tasks.py","orchestration_asset","analyzed","C:\Users\littl\Documents\Codex\2026-08-02\research-c-users-littl-agents-skills\outputs\01-github-spec-kit.md","SHA-256 23FB1595011649D57EF699EED41E853B53DD3EDA47FB5D1417514963FAF7928F; covered by the pinned full-file census and the report's exhaustive semantic traversal."
"SECURITY.md","documentation","analyzed","C:\Users\littl\Documents\Codex\2026-08-02\research-c-users-littl-agents-skills\outputs\01-github-spec-kit.md","SHA-256 9AE49ECA7ED2EFC420275B70214E64904F689454FCFF024EB20D283946ED8B95; covered by the pinned full-file census and the report's exhaustive semantic traversal."
"spec-driven.md","documentation","analyzed","C:\Users\littl\Documents\Codex\2026-08-02\research-c-users-littl-agents-skills\outputs\01-github-spec-kit.md","SHA-256 1517EBA9868E7066541FFA484009D5EB9C7D8D04BF740DBFD86E5E88C396F0C6; covered by the pinned full-file census and the report's exhaustive semantic traversal."
"spec-kit.code-workspace","source_or_other","analyzed","C:\Users\littl\Documents\Codex\2026-08-02\research-c-users-littl-agents-skills\outputs\01-github-spec-kit.md","SHA-256 FB61B9FBFA90B43BA94D49BA722AC51BEDA4B418B1E97A387D4E1AB472A2D0CC; covered by the pinned full-file census and the report's exhaustive semantic traversal."
"src/specify_cli/__init__.py","executable_source","analyzed","C:\Users\littl\Documents\Codex\2026-08-02\research-c-users-littl-agents-skills\outputs\01-github-spec-kit.md","SHA-256 ACA45B07B1C745A80637B89A8B3C9A10C045F7CA33D1D5EF8B93C7C05112FE8C; covered by the pinned full-file census and the report's exhaustive semantic traversal."
"src/specify_cli/_agent_config.py","executable_source","analyzed","C:\Users\littl\Documents\Codex\2026-08-02\research-c-users-littl-agents-skills\outputs\01-github-spec-kit.md","SHA-256 34D7290D8E9281E8FFB54E2263BA1A6DCBDD1BFA812A0911DD8DE6564689D882; covered by the pinned full-file census and the report's exhaustive semantic traversal."
"src/specify_cli/_assets.py","executable_source","analyzed","C:\Users\littl\Documents\Codex\2026-08-02\research-c-users-littl-agents-skills\outputs\01-github-spec-kit.md","SHA-256 5B540633CA45F6B35675647BD4FC755905851618C634920F15C51DC61F81F505; covered by the pinned full-file census and the report's exhaustive semantic traversal."
"src/specify_cli/_console.py","executable_source","analyzed","C:\Users\littl\Documents\Codex\2026-08-02\research-c-users-littl-agents-skills\outputs\01-github-spec-kit.md","SHA-256 0C5DF475B9ACAC7D4B4F97B252A657973B243996DF50C1C63136B46A4F27080D; covered by the pinned full-file census and the report's exhaustive semantic traversal."
"src/specify_cli/_download_security.py","executable_source","analyzed","C:\Users\littl\Documents\Codex\2026-08-02\research-c-users-littl-agents-skills\outputs\01-github-spec-kit.md","SHA-256 66D82BE6BB37B6E6569365A5500E8DEE2617AB86ECF7BBCA10EEF5A6E043978B; covered by the pinned full-file census and the report's exhaustive semantic traversal."
"src/specify_cli/_github_http.py","executable_source","analyzed","C:\Users\littl\Documents\Codex\2026-08-02\research-c-users-littl-agents-skills\outputs\01-github-spec-kit.md","SHA-256 844700B2C7F8647EF14A457799EBF954FCB316EB260E416AB65BCCA0D8790186; covered by the pinned full-file census and the report's exhaustive semantic traversal."
"src/specify_cli/_init_options.py","executable_source","analyzed","C:\Users\littl\Documents\Codex\2026-08-02\research-c-users-littl-agents-skills\outputs\01-github-spec-kit.md","SHA-256 3A70AE9FD79A806B8E5C9C381CEEC2FC6A13AC0E588CE439CC05BF0A32D238CC; covered by the pinned full-file census and the report's exhaustive semantic traversal."
"src/specify_cli/_invocation_style.py","executable_source","analyzed","C:\Users\littl\Documents\Codex\2026-08-02\research-c-users-littl-agents-skills\outputs\01-github-spec-kit.md","SHA-256 6E5FB837162124AAF5701617A0DDAA7422F0FD9564D0DF031B95D7D8848AA41C; covered by the pinned full-file census and the report's exhaustive semantic traversal."
"src/specify_cli/_project.py","executable_source","analyzed","C:\Users\littl\Documents\Codex\2026-08-02\research-c-users-littl-agents-skills\outputs\01-github-spec-kit.md","SHA-256 C5A5C9ECF43B66A1DBECD7778CF98FEB9D8221EC140ABAA4CF9A9E26D41AB955; covered by the pinned full-file census and the report's exhaustive semantic traversal."
"src/specify_cli/_toml_string.py","executable_source","analyzed","C:\Users\littl\Documents\Codex\2026-08-02\research-c-users-littl-agents-skills\outputs\01-github-spec-kit.md","SHA-256 6D5AA4F7B84A41E8B686E4EA725679212C17F213ACB484039347644249070C37; covered by the pinned full-file census and the report's exhaustive semantic traversal."
"src/specify_cli/_utils.py","executable_source","analyzed","C:\Users\littl\Documents\Codex\2026-08-02\research-c-users-littl-agents-skills\outputs\01-github-spec-kit.md","SHA-256 6C5A3C95EE13863A9690B01C2D00F8DDCF57DB1432AAD31575CA447DEFD7DC7C; covered by the pinned full-file census and the report's exhaustive semantic traversal."
"src/specify_cli/_version.py","executable_source","analyzed","C:\Users\littl\Documents\Codex\2026-08-02\research-c-users-littl-agents-skills\outputs\01-github-spec-kit.md","SHA-256 248E3BC0CF7424DEF90833BF340E4BF9A3BF6B33167407C96BA1F647DC5C91F6; covered by the pinned full-file census and the report's exhaustive semantic traversal."
"src/specify_cli/agents.py","executable_source","analyzed","C:\Users\littl\Documents\Codex\2026-08-02\research-c-users-littl-agents-skills\outputs\01-github-spec-kit.md","SHA-256 664BE4F633A3D9D8BF55BC563E70823E78682CCA7FAC289D6A8801DC3310443B; covered by the pinned full-file census and the report's exhaustive semantic traversal."
"src/specify_cli/authentication/__init__.py","executable_source","analyzed","C:\Users\littl\Documents\Codex\2026-08-02\research-c-users-littl-agents-skills\outputs\01-github-spec-kit.md","SHA-256 15F91A013E7C37532407DD199C0D0B6FF95AD64AB329CB0F37755A6EFD0C5B56; covered by the pinned full-file census and the report's exhaustive semantic traversal."
"src/specify_cli/authentication/azure_devops.py","executable_source","analyzed","C:\Users\littl\Documents\Codex\2026-08-02\research-c-users-littl-agents-skills\outputs\01-github-spec-kit.md","SHA-256 884733B869301FE196E220595B953671AECDDEDFFCDAA9C55055FC21DB0D5471; covered by the pinned full-file census and the report's exhaustive semantic traversal."
"src/specify_cli/authentication/base.py","executable_source","analyzed","C:\Users\littl\Documents\Codex\2026-08-02\research-c-users-littl-agents-skills\outputs\01-github-spec-kit.md","SHA-256 DA4B1F768E324439B37A6C2933BDB088AC713A1A36680403E22418D95F5DA31F; covered by the pinned full-file census and the report's exhaustive semantic traversal."
"src/specify_cli/authentication/config.py","executable_source","analyzed","C:\Users\littl\Documents\Codex\2026-08-02\research-c-users-littl-agents-skills\outputs\01-github-spec-kit.md","SHA-256 1E78F2D02973C2212BE1E429696C16C59BAB03F736E3B9ABABCBFC0A73F8D94C; covered by the pinned full-file census and the report's exhaustive semantic traversal."
"src/specify_cli/authentication/github.py","executable_source","analyzed","C:\Users\littl\Documents\Codex\2026-08-02\research-c-users-littl-agents-skills\outputs\01-github-spec-kit.md","SHA-256 5F2268D36E0019F9064343655DD4CD7BCC204ED9A94614FEEF5BA5EE54C8893F; covered by the pinned full-file census and the report's exhaustive semantic traversal."
"src/specify_cli/authentication/http.py","executable_source","analyzed","C:\Users\littl\Documents\Codex\2026-08-02\research-c-users-littl-agents-skills\outputs\01-github-spec-kit.md","SHA-256 A24C87BDD1DA8A469238BE2A4F86F20E431522C5F7F3649564F8B1895EC3DBA4; covered by the pinned full-file census and the report's exhaustive semantic traversal."
"src/specify_cli/bundler/__init__.py","executable_source","analyzed","C:\Users\littl\Documents\Codex\2026-08-02\research-c-users-littl-agents-skills\outputs\01-github-spec-kit.md","SHA-256 9BE91D27380EAF9C80429DAEA9B6CE610745EDF44FD71157FDC128F80F1A5FF0; covered by the pinned full-file census and the report's exhaustive semantic traversal."
"src/specify_cli/bundler/commands_impl/__init__.py","executable_source","analyzed","C:\Users\littl\Documents\Codex\2026-08-02\research-c-users-littl-agents-skills\outputs\01-github-spec-kit.md","SHA-256 DFABD9C81085A75BE5B46136515A8C223E29C92E0DB3243DF1B85DE42CA5E11D; covered by the pinned full-file census and the report's exhaustive semantic traversal."
"src/specify_cli/bundler/commands_impl/catalog_config.py","executable_source","analyzed","C:\Users\littl\Documents\Codex\2026-08-02\research-c-users-littl-agents-skills\outputs\01-github-spec-kit.md","SHA-256 B845BE95DABE1504B0149B0FE903553929D0DDBA26FA91CCC64B05D4C9F22896; covered by the pinned full-file census and the report's exhaustive semantic traversal."
"src/specify_cli/bundler/lib/__init__.py","executable_source","analyzed","C:\Users\littl\Documents\Codex\2026-08-02\research-c-users-littl-agents-skills\outputs\01-github-spec-kit.md","SHA-256 D20E2E3B5D73AAE53997970A597712194D85EC531BE0E4858D2A606CFF38DE35; covered by the pinned full-file census and the report's exhaustive semantic traversal."
"src/specify_cli/bundler/lib/project.py","executable_source","analyzed","C:\Users\littl\Documents\Codex\2026-08-02\research-c-users-littl-agents-skills\outputs\01-github-spec-kit.md","SHA-256 8C03FC41610DA4EB10FA3ABBDBAF36C52180B86A0091D3DEB7D5DE66A7F02B49; covered by the pinned full-file census and the report's exhaustive semantic traversal."
"src/specify_cli/bundler/lib/versioning.py","executable_source","analyzed","C:\Users\littl\Documents\Codex\2026-08-02\research-c-users-littl-agents-skills\outputs\01-github-spec-kit.md","SHA-256 9E7A64128DEF81A5462FAB16CCB8BE2569D0A022B69268AD759C31F23670F2CE; covered by the pinned full-file census and the report's exhaustive semantic traversal."
"src/specify_cli/bundler/lib/yamlio.py","executable_source","analyzed","C:\Users\littl\Documents\Codex\2026-08-02\research-c-users-littl-agents-skills\outputs\01-github-spec-kit.md","SHA-256 3D52A22FBE3CF9A5E66EAF18AC83B41A2F7B23900A7276F9565885F54D8AB1C6; covered by the pinned full-file census and the report's exhaustive semantic traversal."
"src/specify_cli/bundler/models/__init__.py","executable_source","analyzed","C:\Users\littl\Documents\Codex\2026-08-02\research-c-users-littl-agents-skills\outputs\01-github-spec-kit.md","SHA-256 3C79800CB92ED0B24113CAB514EE8AD81FC860E1FF16C0F8E70BA7DE79F302AB; covered by the pinned full-file census and the report's exhaustive semantic traversal."
"src/specify_cli/bundler/models/catalog.py","executable_source","analyzed","C:\Users\littl\Documents\Codex\2026-08-02\research-c-users-littl-agents-skills\outputs\01-github-spec-kit.md","SHA-256 916F901006F401E2D701BA5321B5FC7186BCB64E079E46A008D488942C189241; covered by the pinned full-file census and the report's exhaustive semantic traversal."
"src/specify_cli/bundler/models/manifest.py","executable_source","analyzed","C:\Users\littl\Documents\Codex\2026-08-02\research-c-users-littl-agents-skills\outputs\01-github-spec-kit.md","SHA-256 824845C0ACC7FA0FCF5ABCD8E03AA242544642FE60A5492689C35B788870C049; covered by the pinned full-file census and the report's exhaustive semantic traversal."
"src/specify_cli/bundler/models/records.py","executable_source","analyzed","C:\Users\littl\Documents\Codex\2026-08-02\research-c-users-littl-agents-skills\outputs\01-github-spec-kit.md","SHA-256 E8F56F8DC8F2D846FA2305C0BB736768481DC28D986023FDFC2EEC4E6336A328; covered by the pinned full-file census and the report's exhaustive semantic traversal."
"src/specify_cli/bundler/services/__init__.py","executable_source","analyzed","C:\Users\littl\Documents\Codex\2026-08-02\research-c-users-littl-agents-skills\outputs\01-github-spec-kit.md","SHA-256 F74E4BDC450ED41FA337DCF7BA609F474EE55FAC132CAA5CEA2B1E144058C411; covered by the pinned full-file census and the report's exhaustive semantic traversal."
"src/specify_cli/bundler/services/adapters.py","executable_source","analyzed","C:\Users\littl\Documents\Codex\2026-08-02\research-c-users-littl-agents-skills\outputs\01-github-spec-kit.md","SHA-256 D11E5B2FA21A653C255D04308DAFE2C825F565E091F3AEA066BD542F09BC75AB; covered by the pinned full-file census and the report's exhaustive semantic traversal."
"src/specify_cli/bundler/services/catalog_stack.py","executable_source","analyzed","C:\Users\littl\Documents\Codex\2026-08-02\research-c-users-littl-agents-skills\outputs\01-github-spec-kit.md","SHA-256 6BABDEDF55474BDD9644C5C0883440CFF1F3911E45CE926DAB80C74176D196CF; covered by the pinned full-file census and the report's exhaustive semantic traversal."
"src/specify_cli/bundler/services/conflict.py","executable_source","analyzed","C:\Users\littl\Documents\Codex\2026-08-02\research-c-users-littl-agents-skills\outputs\01-github-spec-kit.md","SHA-256 1FD878BAE58F11A50D8DAA5ED1453A54C7F138CDDF13B8723981B29B526A0A3A; covered by the pinned full-file census and the report's exhaustive semantic traversal."
"src/specify_cli/bundler/services/installer.py","executable_source","analyzed","C:\Users\littl\Documents\Codex\2026-08-02\research-c-users-littl-agents-skills\outputs\01-github-spec-kit.md","SHA-256 0F7CFBD0A3A57F72FF80BB090274CD22266E72F6FA8BBA2325690B251CCA7112; covered by the pinned full-file census and the report's exhaustive semantic traversal."
"src/specify_cli/bundler/services/packager.py","executable_source","analyzed","C:\Users\littl\Documents\Codex\2026-08-02\research-c-users-littl-agents-skills\outputs\01-github-spec-kit.md","SHA-256 40AF31A0E77D5B03E2B0ED6A9A35FA95FAE23CAF3AAD2552D355B98531FF8542; covered by the pinned full-file census and the report's exhaustive semantic traversal."
"src/specify_cli/bundler/services/primitives.py","executable_source","analyzed","C:\Users\littl\Documents\Codex\2026-08-02\research-c-users-littl-agents-skills\outputs\01-github-spec-kit.md","SHA-256 59A1B482345E88AECA25D5828C8B02C885F16A8C67F25F71ED298D983396D969; covered by the pinned full-file census and the report's exhaustive semantic traversal."
"src/specify_cli/bundler/services/references.py","executable_source","analyzed","C:\Users\littl\Documents\Codex\2026-08-02\research-c-users-littl-agents-skills\outputs\01-github-spec-kit.md","SHA-256 CC351E5D23DE131DDD74096B4754647F65F4D96688CDBCFE03012D1F7BCC6704; covered by the pinned full-file census and the report's exhaustive semantic traversal."
"src/specify_cli/bundler/services/resolver.py","executable_source","analyzed","C:\Users\littl\Documents\Codex\2026-08-02\research-c-users-littl-agents-skills\outputs\01-github-spec-kit.md","SHA-256 BA8C8FB8EB03454C9E5D49E5EB28FC31A05E7A6D652643EC98DD531903F32FDD; covered by the pinned full-file census and the report's exhaustive semantic traversal."
"src/specify_cli/bundler/services/validator.py","executable_source","analyzed","C:\Users\littl\Documents\Codex\2026-08-02\research-c-users-littl-agents-skills\outputs\01-github-spec-kit.md","SHA-256 D8A30A44A30B2CB1AA5E28397D38EC3AA07348DBE9A2AB45F431CE4CC336974E; covered by the pinned full-file census and the report's exhaustive semantic traversal."
"src/specify_cli/catalogs.py","executable_source","analyzed","C:\Users\littl\Documents\Codex\2026-08-02\research-c-users-littl-agents-skills\outputs\01-github-spec-kit.md","SHA-256 F38F390844A408CE3C69F42C49A2CED19ED9592A58B6E755CD9E2D8D414DDE13; covered by the pinned full-file census and the report's exhaustive semantic traversal."
"src/specify_cli/commands/__init__.py","orchestration_asset","analyzed","C:\Users\littl\Documents\Codex\2026-08-02\research-c-users-littl-agents-skills\outputs\01-github-spec-kit.md","SHA-256 131AF38D513550B6ADD0966811A6362227BC1CC4F384BF85EE8C865C518B1FCA; covered by the pinned full-file census and the report's exhaustive semantic traversal."
"src/specify_cli/commands/bundle/__init__.py","orchestration_asset","analyzed","C:\Users\littl\Documents\Codex\2026-08-02\research-c-users-littl-agents-skills\outputs\01-github-spec-kit.md","SHA-256 0B112AE85BBB4D7A6D6B40AB1BCA68254BE964C4AB599509C8511EEA6409CA97; covered by the pinned full-file census and the report's exhaustive semantic traversal."
"src/specify_cli/commands/event.py","orchestration_asset","analyzed","C:\Users\littl\Documents\Codex\2026-08-02\research-c-users-littl-agents-skills\outputs\01-github-spec-kit.md","SHA-256 E504869D5C6AFF6B7113D0931D4A458AB74062EBF0B199B8F30F39208C9A3317; covered by the pinned full-file census and the report's exhaustive semantic traversal."
"src/specify_cli/commands/init.py","orchestration_asset","analyzed","C:\Users\littl\Documents\Codex\2026-08-02\research-c-users-littl-agents-skills\outputs\01-github-spec-kit.md","SHA-256 87DD9A6B7B9615313DD3CB633D95C47E40786E74E2C40908841C39F78FC04375; covered by the pinned full-file census and the report's exhaustive semantic traversal."
"src/specify_cli/events.py","executable_source","analyzed","C:\Users\littl\Documents\Codex\2026-08-02\research-c-users-littl-agents-skills\outputs\01-github-spec-kit.md","SHA-256 899172A97CFA26B4DFC1897E0E664FBFD6110FC4D08A7B8866461A6E70639A1A; covered by the pinned full-file census and the report's exhaustive semantic traversal."
"src/specify_cli/extensions/__init__.py","plugin_or_adapter","analyzed","C:\Users\littl\Documents\Codex\2026-08-02\research-c-users-littl-agents-skills\outputs\01-github-spec-kit.md","SHA-256 74DD188F9B516583AFFB7E21EF32E25D3FD2CC09469343EDDB322841538295D1; covered by the pinned full-file census and the report's exhaustive semantic traversal."
"src/specify_cli/extensions/_commands.py","plugin_or_adapter","analyzed","C:\Users\littl\Documents\Codex\2026-08-02\research-c-users-littl-agents-skills\outputs\01-github-spec-kit.md","SHA-256 F94D3B6D4E6B6D5BFD21A2ECD20F3BED8E80443E9E17D60F57D6A6FE9565B30E; covered by the pinned full-file census and the report's exhaustive semantic traversal."
"src/specify_cli/integration_runtime.py","executable_source","analyzed","C:\Users\littl\Documents\Codex\2026-08-02\research-c-users-littl-agents-skills\outputs\01-github-spec-kit.md","SHA-256 B1763E9C9421CA1C6B39A0C09855C53F2BA6A35D8A69535E4DE405304A413134; covered by the pinned full-file census and the report's exhaustive semantic traversal."
"src/specify_cli/integration_scaffold.py","executable_source","analyzed","C:\Users\littl\Documents\Codex\2026-08-02\research-c-users-littl-agents-skills\outputs\01-github-spec-kit.md","SHA-256 1E1C4E4BADFE20FCC748585C038062DAC5D6A5CDF458D86498F9C600DDDED1F7; covered by the pinned full-file census and the report's exhaustive semantic traversal."
"src/specify_cli/integration_state.py","executable_source","analyzed","C:\Users\littl\Documents\Codex\2026-08-02\research-c-users-littl-agents-skills\outputs\01-github-spec-kit.md","SHA-256 102753E52891FF7B28C1E502DF2962CDFE10B71C9A868320D316441A753D8EDE; covered by the pinned full-file census and the report's exhaustive semantic traversal."
"src/specify_cli/integration_status.py","executable_source","analyzed","C:\Users\littl\Documents\Codex\2026-08-02\research-c-users-littl-agents-skills\outputs\01-github-spec-kit.md","SHA-256 4513D719DB5085992245B81AEE564C458C206CB34521F7C801000FCE16666ECF; covered by the pinned full-file census and the report's exhaustive semantic traversal."
"src/specify_cli/integrations/__init__.py","executable_source","analyzed","C:\Users\littl\Documents\Codex\2026-08-02\research-c-users-littl-agents-skills\outputs\01-github-spec-kit.md","SHA-256 F7171E7879D037C5BCF6D45F20D113ADC6FD3674DE11FC26FB4F9C1A7868AC4A; covered by the pinned full-file census and the report's exhaustive semantic traversal."
"src/specify_cli/integrations/_commands.py","executable_source","analyzed","C:\Users\littl\Documents\Codex\2026-08-02\research-c-users-littl-agents-skills\outputs\01-github-spec-kit.md","SHA-256 393362CC88C294936E4B64408175E70F0DB69DA52233CCC20017C5EBBC5A53CD; covered by the pinned full-file census and the report's exhaustive semantic traversal."
"src/specify_cli/integrations/_helpers.py","executable_source","analyzed","C:\Users\littl\Documents\Codex\2026-08-02\research-c-users-littl-agents-skills\outputs\01-github-spec-kit.md","SHA-256 1DF2B40001026A5DC97FCCEE8219E76259E5C58D5E80F905268662AE2FEEF01F; covered by the pinned full-file census and the report's exhaustive semantic traversal."
"src/specify_cli/integrations/_install_commands.py","executable_source","analyzed","C:\Users\littl\Documents\Codex\2026-08-02\research-c-users-littl-agents-skills\outputs\01-github-spec-kit.md","SHA-256 E7B10789C1963C921FBF63DA771BE6BD93ACB0159FBF7D097E688D139E4243E6; covered by the pinned full-file census and the report's exhaustive semantic traversal."
"src/specify_cli/integrations/_migrate_commands.py","executable_source","analyzed","C:\Users\littl\Documents\Codex\2026-08-02\research-c-users-littl-agents-skills\outputs\01-github-spec-kit.md","SHA-256 B1A6DAA95E77A7F257819F9254F8EE6718CA887399D857982CE68CD5FB5E947E; covered by the pinned full-file census and the report's exhaustive semantic traversal."
"src/specify_cli/integrations/_query_commands.py","executable_source","analyzed","C:\Users\littl\Documents\Codex\2026-08-02\research-c-users-littl-agents-skills\outputs\01-github-spec-kit.md","SHA-256 E20A641C08BE42FB67B79EE496AD6FBE74A874741B1E4DD40BAEE7B01745C5F4; covered by the pinned full-file census and the report's exhaustive semantic traversal."
"src/specify_cli/integrations/_scaffold_commands.py","executable_source","analyzed","C:\Users\littl\Documents\Codex\2026-08-02\research-c-users-littl-agents-skills\outputs\01-github-spec-kit.md","SHA-256 36C742525DDAF22130E583A8BB28D860FC1D2E483E961B92D73E4171838C7217; covered by the pinned full-file census and the report's exhaustive semantic traversal."
"src/specify_cli/integrations/agy/__init__.py","executable_source","analyzed","C:\Users\littl\Documents\Codex\2026-08-02\research-c-users-littl-agents-skills\outputs\01-github-spec-kit.md","SHA-256 006502056AFD51B6CC593010917F5F98BA3FC942CF99967799785EE95D8BB786; covered by the pinned full-file census and the report's exhaustive semantic traversal."
"src/specify_cli/integrations/alquimia/__init__.py","executable_source","analyzed","C:\Users\littl\Documents\Codex\2026-08-02\research-c-users-littl-agents-skills\outputs\01-github-spec-kit.md","SHA-256 21C5A68DB79670CDE2390E6B0DD4FF0DD366809485F09ED6D76DC0CDEF643364; covered by the pinned full-file census and the report's exhaustive semantic traversal."
"src/specify_cli/integrations/amp/__init__.py","executable_source","analyzed","C:\Users\littl\Documents\Codex\2026-08-02\research-c-users-littl-agents-skills\outputs\01-github-spec-kit.md","SHA-256 06407FFE355696048246256CF502473B54FC4F01C9FD78AEB34D4BE14157B00F; covered by the pinned full-file census and the report's exhaustive semantic traversal."
"src/specify_cli/integrations/auggie/__init__.py","executable_source","analyzed","C:\Users\littl\Documents\Codex\2026-08-02\research-c-users-littl-agents-skills\outputs\01-github-spec-kit.md","SHA-256 CCFD395CB928192E366E26EA5384B5114610E8859F08FD82CE591D6A056C45B8; covered by the pinned full-file census and the report's exhaustive semantic traversal."
"src/specify_cli/integrations/base.py","executable_source","analyzed","C:\Users\littl\Documents\Codex\2026-08-02\research-c-users-littl-agents-skills\outputs\01-github-spec-kit.md","SHA-256 6596D5DC991DD8AE09F90E05CD215E7907A82294E799BF84615D90CCE2CDA2CE; covered by the pinned full-file census and the report's exhaustive semantic traversal."
"src/specify_cli/integrations/bob/__init__.py","executable_source","analyzed","C:\Users\littl\Documents\Codex\2026-08-02\research-c-users-littl-agents-skills\outputs\01-github-spec-kit.md","SHA-256 963099DAC3C13EC8D6856AA5D9D70F4B46DB6126206E8E360553CA830D22FD84; covered by the pinned full-file census and the report's exhaustive semantic traversal."
"src/specify_cli/integrations/catalog.py","executable_source","analyzed","C:\Users\littl\Documents\Codex\2026-08-02\research-c-users-littl-agents-skills\outputs\01-github-spec-kit.md","SHA-256 D9180EE876FA4B20D8CBCFC53725214C2E635CA59E3E888D72C43621AE3AC8A2; covered by the pinned full-file census and the report's exhaustive semantic traversal."
"src/specify_cli/integrations/claude/__init__.py","executable_source","analyzed","C:\Users\littl\Documents\Codex\2026-08-02\research-c-users-littl-agents-skills\outputs\01-github-spec-kit.md","SHA-256 B0F678A2AA6FFDD3D371592759F427DDF9713BE4A0228951CB472654777272D8; covered by the pinned full-file census and the report's exhaustive semantic traversal."
"src/specify_cli/integrations/cline/__init__.py","executable_source","analyzed","C:\Users\littl\Documents\Codex\2026-08-02\research-c-users-littl-agents-skills\outputs\01-github-spec-kit.md","SHA-256 6B7668E34DCF5819F3F6004ABF4E0DD36FF530061EB166E95C86DA43C4B51DB7; covered by the pinned full-file census and the report's exhaustive semantic traversal."
"src/specify_cli/integrations/codebuddy/__init__.py","executable_source","analyzed","C:\Users\littl\Documents\Codex\2026-08-02\research-c-users-littl-agents-skills\outputs\01-github-spec-kit.md","SHA-256 B657BBD7D83331526CA61F871150CF48ABC78340C51EF16773E6EA8A9AE1A422; covered by the pinned full-file census and the report's exhaustive semantic traversal."
"src/specify_cli/integrations/codex/__init__.py","executable_source","analyzed","C:\Users\littl\Documents\Codex\2026-08-02\research-c-users-littl-agents-skills\outputs\01-github-spec-kit.md","SHA-256 121C9E59466576CAAF25A05AA18DA1A09DE8582E79415AE025B6CCF50675525D; covered by the pinned full-file census and the report's exhaustive semantic traversal."
"src/specify_cli/integrations/copilot/__init__.py","executable_source","analyzed","C:\Users\littl\Documents\Codex\2026-08-02\research-c-users-littl-agents-skills\outputs\01-github-spec-kit.md","SHA-256 F48463B80CD7D6492698C6055FC7CBF9150AA2E06992A6503E499E64E1F42A88; covered by the pinned full-file census and the report's exhaustive semantic traversal."
"src/specify_cli/integrations/cursor_agent/__init__.py","executable_source","analyzed","C:\Users\littl\Documents\Codex\2026-08-02\research-c-users-littl-agents-skills\outputs\01-github-spec-kit.md","SHA-256 F921E8072029C4C87C0AC0167CC6A441F48DECC23F54E332C0EAF008CEBF25C8; covered by the pinned full-file census and the report's exhaustive semantic traversal."
"src/specify_cli/integrations/devin/__init__.py","executable_source","analyzed","C:\Users\littl\Documents\Codex\2026-08-02\research-c-users-littl-agents-skills\outputs\01-github-spec-kit.md","SHA-256 1227250AFF25A8F98B86EF9A2F3F757BF177EA31F8C77BD9EC3BF69C24253296; covered by the pinned full-file census and the report's exhaustive semantic traversal."
"src/specify_cli/integrations/droid/__init__.py","executable_source","analyzed","C:\Users\littl\Documents\Codex\2026-08-02\research-c-users-littl-agents-skills\outputs\01-github-spec-kit.md","SHA-256 80D75CB654D6F54B620104F29ABB600175E92A5FEF342C6B55879FF4FA8E9A84; covered by the pinned full-file census and the report's exhaustive semantic traversal."
"src/specify_cli/integrations/firebender/__init__.py","executable_source","analyzed","C:\Users\littl\Documents\Codex\2026-08-02\research-c-users-littl-agents-skills\outputs\01-github-spec-kit.md","SHA-256 CBC64FE4D3F2A9A89B5E1CA14951B70EAE8C6BE3014D600DE3130B99147959F6; covered by the pinned full-file census and the report's exhaustive semantic traversal."
"src/specify_cli/integrations/forge/__init__.py","executable_source","analyzed","C:\Users\littl\Documents\Codex\2026-08-02\research-c-users-littl-agents-skills\outputs\01-github-spec-kit.md","SHA-256 0ADC02C10108535275FA47C76B521406FA4B7F6056BCC9ECE18C60F1018FDBD5; covered by the pinned full-file census and the report's exhaustive semantic traversal."
"src/specify_cli/integrations/gemini/__init__.py","executable_source","analyzed","C:\Users\littl\Documents\Codex\2026-08-02\research-c-users-littl-agents-skills\outputs\01-github-spec-kit.md","SHA-256 3A92B357BAE4B42BEE8033C21E382D6F3669C3403F2A9626381F9A10889B9E5B; covered by the pinned full-file census and the report's exhaustive semantic traversal."
"src/specify_cli/integrations/generic/__init__.py","executable_source","analyzed","C:\Users\littl\Documents\Codex\2026-08-02\research-c-users-littl-agents-skills\outputs\01-github-spec-kit.md","SHA-256 DF60987544557C78557116B58DBC5CCB315324380B03CF640E737A5E3A16C03E; covered by the pinned full-file census and the report's exhaustive semantic traversal."
"src/specify_cli/integrations/goose/__init__.py","executable_source","analyzed","C:\Users\littl\Documents\Codex\2026-08-02\research-c-users-littl-agents-skills\outputs\01-github-spec-kit.md","SHA-256 994F1BE3477B62D5809E7A9FC9139EFC903CE2A729AB0B1054DCEE18B0D24601; covered by the pinned full-file census and the report's exhaustive semantic traversal."
"src/specify_cli/integrations/grok/__init__.py","executable_source","analyzed","C:\Users\littl\Documents\Codex\2026-08-02\research-c-users-littl-agents-skills\outputs\01-github-spec-kit.md","SHA-256 4F3CB44FFC4DF67614C9D902CC02A3D170B32F4B2DD842C4794B6CF57E1598BE; covered by the pinned full-file census and the report's exhaustive semantic traversal."
"src/specify_cli/integrations/hermes/__init__.py","executable_source","analyzed","C:\Users\littl\Documents\Codex\2026-08-02\research-c-users-littl-agents-skills\outputs\01-github-spec-kit.md","SHA-256 F9BE5AD4AE4C013CA1A01C710009009AFACA33710CA4BF5957CDA9F13F4E5933; covered by the pinned full-file census and the report's exhaustive semantic traversal."
"src/specify_cli/integrations/junie/__init__.py","executable_source","analyzed","C:\Users\littl\Documents\Codex\2026-08-02\research-c-users-littl-agents-skills\outputs\01-github-spec-kit.md","SHA-256 0EF1E27B3B62944DD80D4204001C5B5B324AEB6045B095B8E942F310D9EDAB88; covered by the pinned full-file census and the report's exhaustive semantic traversal."
"src/specify_cli/integrations/kilocode/__init__.py","executable_source","analyzed","C:\Users\littl\Documents\Codex\2026-08-02\research-c-users-littl-agents-skills\outputs\01-github-spec-kit.md","SHA-256 FA8EF5421E379F05432E7EE42B886C467E64AE10C85EEB084973F6759ABED9B8; covered by the pinned full-file census and the report's exhaustive semantic traversal."
"src/specify_cli/integrations/kimi/__init__.py","executable_source","analyzed","C:\Users\littl\Documents\Codex\2026-08-02\research-c-users-littl-agents-skills\outputs\01-github-spec-kit.md","SHA-256 8936D1603BAF563DE1DD9E07386EA886392B5F0D908F1989C6074DCAC6C02C98; covered by the pinned full-file census and the report's exhaustive semantic traversal."
"src/specify_cli/integrations/kiro_cli/__init__.py","executable_source","analyzed","C:\Users\littl\Documents\Codex\2026-08-02\research-c-users-littl-agents-skills\outputs\01-github-spec-kit.md","SHA-256 36F2EE5C2F3872923335DBE4ACF3EC0CA4D828B491C87E004BFEAD891CDE3D90; covered by the pinned full-file census and the report's exhaustive semantic traversal."
"src/specify_cli/integrations/lingma/__init__.py","executable_source","analyzed","C:\Users\littl\Documents\Codex\2026-08-02\research-c-users-littl-agents-skills\outputs\01-github-spec-kit.md","SHA-256 B7A11BF93A1BB1C2F027E8C4F352FC3C9065A5FDFB2255C99AB855F820F80443; covered by the pinned full-file census and the report's exhaustive semantic traversal."
"src/specify_cli/integrations/manifest.py","executable_source","analyzed","C:\Users\littl\Documents\Codex\2026-08-02\research-c-users-littl-agents-skills\outputs\01-github-spec-kit.md","SHA-256 A353B9625A88418ADD3B1B9D6C8651103913F9CE916D3714AF8846994448F3CD; covered by the pinned full-file census and the report's exhaustive semantic traversal."
"src/specify_cli/integrations/omp/__init__.py","executable_source","analyzed","C:\Users\littl\Documents\Codex\2026-08-02\research-c-users-littl-agents-skills\outputs\01-github-spec-kit.md","SHA-256 05502D6FA3AE15294F2E29AB5377E815A3864C658BA34BC91CA83E729038CC7C; covered by the pinned full-file census and the report's exhaustive semantic traversal."
"src/specify_cli/integrations/opencode/__init__.py","executable_source","analyzed","C:\Users\littl\Documents\Codex\2026-08-02\research-c-users-littl-agents-skills\outputs\01-github-spec-kit.md","SHA-256 A5470576BEB6C0751459EA5B15C5DC360E247724282D6B0A0A1F75FE0A7E6748; covered by the pinned full-file census and the report's exhaustive semantic traversal."
"src/specify_cli/integrations/pi/__init__.py","executable_source","analyzed","C:\Users\littl\Documents\Codex\2026-08-02\research-c-users-littl-agents-skills\outputs\01-github-spec-kit.md","SHA-256 C43092587C54AE6A6AD1361856F1C0E079349F2C5A5CD6B3D36FD880A4BB16BB; covered by the pinned full-file census and the report's exhaustive semantic traversal."
"src/specify_cli/integrations/qodercli/__init__.py","executable_source","analyzed","C:\Users\littl\Documents\Codex\2026-08-02\research-c-users-littl-agents-skills\outputs\01-github-spec-kit.md","SHA-256 0A16BA17F5473A15EEA4B7FCEF5BCEDA1D9550BF2AC44C7FB7EC508B6A8AF391; covered by the pinned full-file census and the report's exhaustive semantic traversal."
"src/specify_cli/integrations/qwen/__init__.py","executable_source","analyzed","C:\Users\littl\Documents\Codex\2026-08-02\research-c-users-littl-agents-skills\outputs\01-github-spec-kit.md","SHA-256 D9E41DE8C13B82FEF5230BEA172B69848A63C04A82E96AD9E65FAB7D63B49367; covered by the pinned full-file census and the report's exhaustive semantic traversal."
"src/specify_cli/integrations/rovodev/__init__.py","executable_source","analyzed","C:\Users\littl\Documents\Codex\2026-08-02\research-c-users-littl-agents-skills\outputs\01-github-spec-kit.md","SHA-256 B7DAD410EC47204DDB65BC357403378880484343DE1ED0F2398C0C7CBAD7F480; covered by the pinned full-file census and the report's exhaustive semantic traversal."
"src/specify_cli/integrations/shai/__init__.py","executable_source","analyzed","C:\Users\littl\Documents\Codex\2026-08-02\research-c-users-littl-agents-skills\outputs\01-github-spec-kit.md","SHA-256 01A1AC32F3AA945F1C6764CDF2C413A6607985CAA3E5840646BC3BC64D2B3328; covered by the pinned full-file census and the report's exhaustive semantic traversal."
"src/specify_cli/integrations/tabnine/__init__.py","executable_source","analyzed","C:\Users\littl\Documents\Codex\2026-08-02\research-c-users-littl-agents-skills\outputs\01-github-spec-kit.md","SHA-256 B54317E6125D7D9D6BF00C79FBFE20A4AAB228384980330A6DDE3DC7BF62D64E; covered by the pinned full-file census and the report's exhaustive semantic traversal."
"src/specify_cli/integrations/trae/__init__.py","executable_source","analyzed","C:\Users\littl\Documents\Codex\2026-08-02\research-c-users-littl-agents-skills\outputs\01-github-spec-kit.md","SHA-256 7530F4D35525033D6F96042DBC3E14EA6BBFB4D3620BF9D0758208F344227634; covered by the pinned full-file census and the report's exhaustive semantic traversal."
"src/specify_cli/integrations/vibe/__init__.py","executable_source","analyzed","C:\Users\littl\Documents\Codex\2026-08-02\research-c-users-littl-agents-skills\outputs\01-github-spec-kit.md","SHA-256 F7C062B21961DE8C44C9B54305E7FB27B0C86D65899DE60B07C886142F1FA7BD; covered by the pinned full-file census and the report's exhaustive semantic traversal."
"src/specify_cli/integrations/zcode/__init__.py","executable_source","analyzed","C:\Users\littl\Documents\Codex\2026-08-02\research-c-users-littl-agents-skills\outputs\01-github-spec-kit.md","SHA-256 B5B0A5ECF17054F4BD27950A52EB7D79147F58E7811253A8EBAB7D2E2079AF97; covered by the pinned full-file census and the report's exhaustive semantic traversal."
"src/specify_cli/integrations/zed/__init__.py","executable_source","analyzed","C:\Users\littl\Documents\Codex\2026-08-02\research-c-users-littl-agents-skills\outputs\01-github-spec-kit.md","SHA-256 5F2103A5A048BB49AFFDD6F2425DB8AAEB2E8482B64732A68AD9D33C243518A5; covered by the pinned full-file census and the report's exhaustive semantic traversal."
"src/specify_cli/presets/__init__.py","executable_source","analyzed","C:\Users\littl\Documents\Codex\2026-08-02\research-c-users-littl-agents-skills\outputs\01-github-spec-kit.md","SHA-256 5BBA0C62902D3F9BE517A1D0D0952D2C713D908FBB03178833EA3758ABD63010; covered by the pinned full-file census and the report's exhaustive semantic traversal."
"src/specify_cli/presets/_commands.py","executable_source","analyzed","C:\Users\littl\Documents\Codex\2026-08-02\research-c-users-littl-agents-skills\outputs\01-github-spec-kit.md","SHA-256 82339A3A40ECA55CF6783688C5B1B042549CDE62FA1CB7F2ECF3C25D182772ED; covered by the pinned full-file census and the report's exhaustive semantic traversal."
"src/specify_cli/shared_infra.py","executable_source","analyzed","C:\Users\littl\Documents\Codex\2026-08-02\research-c-users-littl-agents-skills\outputs\01-github-spec-kit.md","SHA-256 225241B579A1AC99558F3C49242D8BF68241212492CE76234E91399D9315885B; covered by the pinned full-file census and the report's exhaustive semantic traversal."
"src/specify_cli/workflows/__init__.py","orchestration_asset","analyzed","C:\Users\littl\Documents\Codex\2026-08-02\research-c-users-littl-agents-skills\outputs\01-github-spec-kit.md","SHA-256 C0A2A98D8E5F9A70D59496181A436EC719A0F1473A2610D7C5C29602F26067A0; covered by the pinned full-file census and the report's exhaustive semantic traversal."
"src/specify_cli/workflows/_commands.py","orchestration_asset","analyzed","C:\Users\littl\Documents\Codex\2026-08-02\research-c-users-littl-agents-skills\outputs\01-github-spec-kit.md","SHA-256 49B7612B2337EB3E692F92C3DA4DDA4D8B9F22A30ACE0C028B1D506A16CB2D76; covered by the pinned full-file census and the report's exhaustive semantic traversal."
"src/specify_cli/workflows/base.py","orchestration_asset","analyzed","C:\Users\littl\Documents\Codex\2026-08-02\research-c-users-littl-agents-skills\outputs\01-github-spec-kit.md","SHA-256 02781E2A4BF61C3887D196FA55C4F4B7702FAFED2A09397A65ECD2294895CA23; covered by the pinned full-file census and the report's exhaustive semantic traversal."
"src/specify_cli/workflows/catalog.py","orchestration_asset","analyzed","C:\Users\littl\Documents\Codex\2026-08-02\research-c-users-littl-agents-skills\outputs\01-github-spec-kit.md","SHA-256 4E0EB4D741711003C4F3B34912C8748F1B2AB969D1DB0C167F393BFA4923CF94; covered by the pinned full-file census and the report's exhaustive semantic traversal."
"src/specify_cli/workflows/engine.py","orchestration_asset","analyzed","C:\Users\littl\Documents\Codex\2026-08-02\research-c-users-littl-agents-skills\outputs\01-github-spec-kit.md","SHA-256 167770B3F5A6329633A4A5606782995188D4F1EC8C792FD92F192DCDC82D579F; covered by the pinned full-file census and the report's exhaustive semantic traversal."
"src/specify_cli/workflows/expressions.py","orchestration_asset","analyzed","C:\Users\littl\Documents\Codex\2026-08-02\research-c-users-littl-agents-skills\outputs\01-github-spec-kit.md","SHA-256 7F1F5084E5952A93A658E02C2501B2F3EA19411E8614D557FB5736EBC3340619; covered by the pinned full-file census and the report's exhaustive semantic traversal."
"src/specify_cli/workflows/overlays/__init__.py","orchestration_asset","analyzed","C:\Users\littl\Documents\Codex\2026-08-02\research-c-users-littl-agents-skills\outputs\01-github-spec-kit.md","SHA-256 AD40A869A3F5B52AB39BC0755B21D501CAA9A80CED635574F0394FD43AF65FD3; covered by the pinned full-file census and the report's exhaustive semantic traversal."
"src/specify_cli/workflows/overlays/_commands.py","orchestration_asset","analyzed","C:\Users\littl\Documents\Codex\2026-08-02\research-c-users-littl-agents-skills\outputs\01-github-spec-kit.md","SHA-256 04B3B3F61CFE896A3229DBA2A06A8545575D425E9510AA80A187C8F6F73854DB; covered by the pinned full-file census and the report's exhaustive semantic traversal."
"src/specify_cli/workflows/overlays/composer.py","orchestration_asset","analyzed","C:\Users\littl\Documents\Codex\2026-08-02\research-c-users-littl-agents-skills\outputs\01-github-spec-kit.md","SHA-256 7D1385B70226EA4D65155BACB6AC31023723C27B09B60CFC7E74488B17081BA8; covered by the pinned full-file census and the report's exhaustive semantic traversal."
"src/specify_cli/workflows/overlays/layer_sources.py","orchestration_asset","analyzed","C:\Users\littl\Documents\Codex\2026-08-02\research-c-users-littl-agents-skills\outputs\01-github-spec-kit.md","SHA-256 0EEB8E6B2E66BD9B97E746C67CEE18C766AD50A85F3EC233981F6DC73D818155; covered by the pinned full-file census and the report's exhaustive semantic traversal."
"src/specify_cli/workflows/overlays/merge.py","orchestration_asset","analyzed","C:\Users\littl\Documents\Codex\2026-08-02\research-c-users-littl-agents-skills\outputs\01-github-spec-kit.md","SHA-256 9CC55645610087917364932ED6DC776820ABD86C9A5BBC1AF76E62ECD2ACFBF9; covered by the pinned full-file census and the report's exhaustive semantic traversal."
"src/specify_cli/workflows/overlays/schema.py","orchestration_asset","analyzed","C:\Users\littl\Documents\Codex\2026-08-02\research-c-users-littl-agents-skills\outputs\01-github-spec-kit.md","SHA-256 B5B5B3B1B3E10A29E490524FC7EC64B78443C09BC6C41A0C59E49BAD3FB1114E; covered by the pinned full-file census and the report's exhaustive semantic traversal."
"src/specify_cli/workflows/steps/__init__.py","orchestration_asset","analyzed","C:\Users\littl\Documents\Codex\2026-08-02\research-c-users-littl-agents-skills\outputs\01-github-spec-kit.md","SHA-256 4B94C03C0DF879DF47CAA3D8640EB52BE3580542AABF8966E1665530398002D7; covered by the pinned full-file census and the report's exhaustive semantic traversal."
"src/specify_cli/workflows/steps/command/__init__.py","orchestration_asset","analyzed","C:\Users\littl\Documents\Codex\2026-08-02\research-c-users-littl-agents-skills\outputs\01-github-spec-kit.md","SHA-256 D5903D143CE0CB05D35DD542DE0B10AE51FDEC58118D1E840E3BC0C9D15E2600; covered by the pinned full-file census and the report's exhaustive semantic traversal."
"src/specify_cli/workflows/steps/do_while/__init__.py","orchestration_asset","analyzed","C:\Users\littl\Documents\Codex\2026-08-02\research-c-users-littl-agents-skills\outputs\01-github-spec-kit.md","SHA-256 51C0B15A514D317637471B069825C364C4CA5E54BC7380E0002EF0AAB7A71E44; covered by the pinned full-file census and the report's exhaustive semantic traversal."
"src/specify_cli/workflows/steps/fan_in/__init__.py","orchestration_asset","analyzed","C:\Users\littl\Documents\Codex\2026-08-02\research-c-users-littl-agents-skills\outputs\01-github-spec-kit.md","SHA-256 68D555178D8A0F7BBEB5AED9BBA2ADFF30C315763501CF1F6A64F236E5431C53; covered by the pinned full-file census and the report's exhaustive semantic traversal."
"src/specify_cli/workflows/steps/fan_out/__init__.py","orchestration_asset","analyzed","C:\Users\littl\Documents\Codex\2026-08-02\research-c-users-littl-agents-skills\outputs\01-github-spec-kit.md","SHA-256 2966B218CCE3C6D079F29170EE4FA622606FAA51D3C58461F82A6E2F5FFD387D; covered by the pinned full-file census and the report's exhaustive semantic traversal."
"src/specify_cli/workflows/steps/gate/__init__.py","orchestration_asset","analyzed","C:\Users\littl\Documents\Codex\2026-08-02\research-c-users-littl-agents-skills\outputs\01-github-spec-kit.md","SHA-256 2D314532F992828C9D39EAC95017F4EB4BBEED788B35F022FFF5FAF99BC869F1; covered by the pinned full-file census and the report's exhaustive semantic traversal."
"src/specify_cli/workflows/steps/if_then/__init__.py","orchestration_asset","analyzed","C:\Users\littl\Documents\Codex\2026-08-02\research-c-users-littl-agents-skills\outputs\01-github-spec-kit.md","SHA-256 21E61F6C657D135A2321363F407650652B6D815C03E983CC9CF4EF90EFDDC033; covered by the pinned full-file census and the report's exhaustive semantic traversal."
"src/specify_cli/workflows/steps/init/__init__.py","orchestration_asset","analyzed","C:\Users\littl\Documents\Codex\2026-08-02\research-c-users-littl-agents-skills\outputs\01-github-spec-kit.md","SHA-256 EDE70243E7AFE679CBC07B1D371D0FEFF8BAACBE72467D7948F698F5650E394B; covered by the pinned full-file census and the report's exhaustive semantic traversal."
"src/specify_cli/workflows/steps/prompt/__init__.py","orchestration_asset","analyzed","C:\Users\littl\Documents\Codex\2026-08-02\research-c-users-littl-agents-skills\outputs\01-github-spec-kit.md","SHA-256 96E208B9682BEE560B31EE32BEF27DCC72C0CDF2767741F2FEC87C550077DB98; covered by the pinned full-file census and the report's exhaustive semantic traversal."
"src/specify_cli/workflows/steps/shell/__init__.py","orchestration_asset","analyzed","C:\Users\littl\Documents\Codex\2026-08-02\research-c-users-littl-agents-skills\outputs\01-github-spec-kit.md","SHA-256 6E47D63C5CCD27C30FF27DFEE06594CADB1B661DD0333673FFE4465E2CBF2A78; covered by the pinned full-file census and the report's exhaustive semantic traversal."
"src/specify_cli/workflows/steps/switch/__init__.py","orchestration_asset","analyzed","C:\Users\littl\Documents\Codex\2026-08-02\research-c-users-littl-agents-skills\outputs\01-github-spec-kit.md","SHA-256 A13C0694EF0E46AB85247EAAA26F1880B61E208F7DFD51733C78900D2A7CA060; covered by the pinned full-file census and the report's exhaustive semantic traversal."
"src/specify_cli/workflows/steps/while_loop/__init__.py","orchestration_asset","analyzed","C:\Users\littl\Documents\Codex\2026-08-02\research-c-users-littl-agents-skills\outputs\01-github-spec-kit.md","SHA-256 8D46248C29F4F965E06D5A964287A09DCE1759A73909078A22DB977297820DFA; covered by the pinned full-file census and the report's exhaustive semantic traversal."
"SUPPORT.md","documentation","analyzed","C:\Users\littl\Documents\Codex\2026-08-02\research-c-users-littl-agents-skills\outputs\01-github-spec-kit.md","SHA-256 A7802674B3541FE77C15F4002C7984AAFD8679D1BE66F9ED67635349B0E5A7B2; covered by the pinned full-file census and the report's exhaustive semantic traversal."
"templates/checklist-template.md","orchestration_asset","analyzed","C:\Users\littl\Documents\Codex\2026-08-02\research-c-users-littl-agents-skills\outputs\01-github-spec-kit.md","SHA-256 78AAF1D4B43C0E1D2340421FB090214DAA0E97E779AB213B322B5B6E23C73038; covered by the pinned full-file census and the report's exhaustive semantic traversal."
"templates/commands/analyze.md","orchestration_asset","analyzed","C:\Users\littl\Documents\Codex\2026-08-02\research-c-users-littl-agents-skills\outputs\01-github-spec-kit.md","SHA-256 79F5334BCE9B249D4C1A5E6949DEE3F3532DB89A0A97F3D2EB55C1A1C2FE06F6; covered by the pinned full-file census and the report's exhaustive semantic traversal."
"templates/commands/checklist.md","orchestration_asset","analyzed","C:\Users\littl\Documents\Codex\2026-08-02\research-c-users-littl-agents-skills\outputs\01-github-spec-kit.md","SHA-256 0A862264B9B358138D6049590D42B392EE4DADB69D32811D460620F077924D4E; covered by the pinned full-file census and the report's exhaustive semantic traversal."
"templates/commands/clarify.md","orchestration_asset","analyzed","C:\Users\littl\Documents\Codex\2026-08-02\research-c-users-littl-agents-skills\outputs\01-github-spec-kit.md","SHA-256 9FCE9B3DFE037B67F52486DF112F89377FF6C0C598698131CDE65CEC610B5BBA; covered by the pinned full-file census and the report's exhaustive semantic traversal."
"templates/commands/constitution.md","orchestration_asset","analyzed","C:\Users\littl\Documents\Codex\2026-08-02\research-c-users-littl-agents-skills\outputs\01-github-spec-kit.md","SHA-256 5C9FC61D8D3900567B4F1E30ECBCABDE3A34CE4E7AFF637280D5E0A9E1020D1D; covered by the pinned full-file census and the report's exhaustive semantic traversal."
"templates/commands/converge.md","orchestration_asset","analyzed","C:\Users\littl\Documents\Codex\2026-08-02\research-c-users-littl-agents-skills\outputs\01-github-spec-kit.md","SHA-256 AAFBA511DEA42334373C7FFB9F58E2FB6D82889EA94EC86C1367DBB6A531CA36; covered by the pinned full-file census and the report's exhaustive semantic traversal."
"templates/commands/implement.md","orchestration_asset","analyzed","C:\Users\littl\Documents\Codex\2026-08-02\research-c-users-littl-agents-skills\outputs\01-github-spec-kit.md","SHA-256 D3EA38697D7D1E95AE3168E288D328E4F67D33B02EAEBD0B2E21041C90861820; covered by the pinned full-file census and the report's exhaustive semantic traversal."
"templates/commands/plan.md","orchestration_asset","analyzed","C:\Users\littl\Documents\Codex\2026-08-02\research-c-users-littl-agents-skills\outputs\01-github-spec-kit.md","SHA-256 4B093A68007C70BC91CA1E321224BFB38B5E19D2B8706395FCC4B5373284E240; covered by the pinned full-file census and the report's exhaustive semantic traversal."
"templates/commands/specify.md","orchestration_asset","analyzed","C:\Users\littl\Documents\Codex\2026-08-02\research-c-users-littl-agents-skills\outputs\01-github-spec-kit.md","SHA-256 07DE3D938DEF8407CCD30BD9A2C433BAB8F299C10915FE86199BD10438B295EC; covered by the pinned full-file census and the report's exhaustive semantic traversal."
"templates/commands/tasks.md","orchestration_asset","analyzed","C:\Users\littl\Documents\Codex\2026-08-02\research-c-users-littl-agents-skills\outputs\01-github-spec-kit.md","SHA-256 1FD56D4EACB510F0BD57ACB85CDFEC96A23755458FCCA42FCFA1E837ED45D0BC; covered by the pinned full-file census and the report's exhaustive semantic traversal."
"templates/commands/taskstoissues.md","orchestration_asset","analyzed","C:\Users\littl\Documents\Codex\2026-08-02\research-c-users-littl-agents-skills\outputs\01-github-spec-kit.md","SHA-256 7A52BD03A3BD1C8D4334D49F97D6F5E3A835CD2244A51044C6E0CD8AC0B495A4; covered by the pinned full-file census and the report's exhaustive semantic traversal."
"templates/constitution-template.md","orchestration_asset","analyzed","C:\Users\littl\Documents\Codex\2026-08-02\research-c-users-littl-agents-skills\outputs\01-github-spec-kit.md","SHA-256 CE7549540FA45543CCA797A150201D868E64495FDFF39DC38246FB17BD4024B3; covered by the pinned full-file census and the report's exhaustive semantic traversal."
"templates/plan-template.md","orchestration_asset","analyzed","C:\Users\littl\Documents\Codex\2026-08-02\research-c-users-littl-agents-skills\outputs\01-github-spec-kit.md","SHA-256 DFBA43DA2B2A207FF8C177A0FBA03AF074FD45E261696B4B64172041FAD2E992; covered by the pinned full-file census and the report's exhaustive semantic traversal."
"templates/spec-template.md","orchestration_asset","analyzed","C:\Users\littl\Documents\Codex\2026-08-02\research-c-users-littl-agents-skills\outputs\01-github-spec-kit.md","SHA-256 3945437FC35CD30A5B2BF7BEEA680337C3516826D3EFA5A6B92C4A7ECA1BA28E; covered by the pinned full-file census and the report's exhaustive semantic traversal."
"templates/tasks-template.md","orchestration_asset","analyzed","C:\Users\littl\Documents\Codex\2026-08-02\research-c-users-littl-agents-skills\outputs\01-github-spec-kit.md","SHA-256 1E448E9153462E8C5B5A55231A54C756D870A82950D4DD9425A2BF5B7008A0D9; covered by the pinned full-file census and the report's exhaustive semantic traversal."
"templates/vscode-settings.json","orchestration_asset","analyzed","C:\Users\littl\Documents\Codex\2026-08-02\research-c-users-littl-agents-skills\outputs\01-github-spec-kit.md","SHA-256 3DB3A1D8417D38A56B405F60B600DCE666B4FC47BE7FE332A0B051C4BD1FD4B7; covered by the pinned full-file census and the report's exhaustive semantic traversal."
"tests/__init__.py","executable_source","analyzed","C:\Users\littl\Documents\Codex\2026-08-02\research-c-users-littl-agents-skills\outputs\01-github-spec-kit.md","SHA-256 FBCEBBDE8043D46EF171C03C82D0EA4FC041C2F1D8B950EDB5B73F4603CA28FE; covered by the pinned full-file census and the report's exhaustive semantic traversal."
"tests/auth_helpers.py","executable_source","analyzed","C:\Users\littl\Documents\Codex\2026-08-02\research-c-users-littl-agents-skills\outputs\01-github-spec-kit.md","SHA-256 C28C933A850891D231FDB5586A39B6D0E67F717179B4DF4FA5C7C59941CC0193; covered by the pinned full-file census and the report's exhaustive semantic traversal."
"tests/bundler_helpers.py","executable_source","analyzed","C:\Users\littl\Documents\Codex\2026-08-02\research-c-users-littl-agents-skills\outputs\01-github-spec-kit.md","SHA-256 C2AD1A8CC70B909D88E3A86E8878B0F8A7F73E685594A2C6FDF1EC8B09BBD4FD; covered by the pinned full-file census and the report's exhaustive semantic traversal."
"tests/conftest.py","executable_source","analyzed","C:\Users\littl\Documents\Codex\2026-08-02\research-c-users-littl-agents-skills\outputs\01-github-spec-kit.md","SHA-256 D784F0F37412272D9AF78D469F2579702AD30D6C15465B17BB622FBC78579329; covered by the pinned full-file census and the report's exhaustive semantic traversal."
"tests/contract/test_bundle_cli.py","executable_source","analyzed","C:\Users\littl\Documents\Codex\2026-08-02\research-c-users-littl-agents-skills\outputs\01-github-spec-kit.md","SHA-256 4E6C499C303A57F87EB1CBDEA00C63F325A9B5B2C2D2208A63483CE3C94BE6EF; covered by the pinned full-file census and the report's exhaustive semantic traversal."
"tests/contract/test_catalog_schema.py","executable_source","analyzed","C:\Users\littl\Documents\Codex\2026-08-02\research-c-users-littl-agents-skills\outputs\01-github-spec-kit.md","SHA-256 409B88A16A0E6CA89A9A5C65D5E3257AA1D3B282AD4BFE84A641C2EC1395D44B; covered by the pinned full-file census and the report's exhaustive semantic traversal."
"tests/contract/test_manifest_schema.py","executable_source","analyzed","C:\Users\littl\Documents\Codex\2026-08-02\research-c-users-littl-agents-skills\outputs\01-github-spec-kit.md","SHA-256 5D51EEC9F1CB2A8C96513D01F3133D5588ECD9CE67DC7BE6207B5AB12739A251; covered by the pinned full-file census and the report's exhaustive semantic traversal."
"tests/contract/test_wheel_bundled_presets.py","executable_source","analyzed","C:\Users\littl\Documents\Codex\2026-08-02\research-c-users-littl-agents-skills\outputs\01-github-spec-kit.md","SHA-256 F1F67169B220005D303E6A918D74B279C40B4BA41216818DDA5F5AAFDDACBA0C; covered by the pinned full-file census and the report's exhaustive semantic traversal."
"tests/contract/test_wheel_core_pack_scripts.py","executable_source","analyzed","C:\Users\littl\Documents\Codex\2026-08-02\research-c-users-littl-agents-skills\outputs\01-github-spec-kit.md","SHA-256 6A4F79FFFC44C32137EB7CD02116DD7A55B7EFC23BADF0E667586D23D13375E1; covered by the pinned full-file census and the report's exhaustive semantic traversal."
"tests/extensions/__init__.py","plugin_or_adapter","analyzed","C:\Users\littl\Documents\Codex\2026-08-02\research-c-users-littl-agents-skills\outputs\01-github-spec-kit.md","SHA-256 00CBEA3D36BD404A5C957320CCD6AB9AE63D110A1816A851AF3D4DBE1209098F; covered by the pinned full-file census and the report's exhaustive semantic traversal."
"tests/extensions/assess/__init__.py","plugin_or_adapter","analyzed","C:\Users\littl\Documents\Codex\2026-08-02\research-c-users-littl-agents-skills\outputs\01-github-spec-kit.md","SHA-256 E3B0C44298FC1C149AFBF4C8996FB92427AE41E4649B934CA495991B7852B855; covered by the pinned full-file census and the report's exhaustive semantic traversal."
"tests/extensions/assess/test_assess_extension.py","plugin_or_adapter","analyzed","C:\Users\littl\Documents\Codex\2026-08-02\research-c-users-littl-agents-skills\outputs\01-github-spec-kit.md","SHA-256 BE941A1E33E9FAC700638DB7F426192E063BD7A2882AAA67D792F52D36A2847D; covered by the pinned full-file census and the report's exhaustive semantic traversal."
"tests/extensions/bug/__init__.py","plugin_or_adapter","analyzed","C:\Users\littl\Documents\Codex\2026-08-02\research-c-users-littl-agents-skills\outputs\01-github-spec-kit.md","SHA-256 E3B0C44298FC1C149AFBF4C8996FB92427AE41E4649B934CA495991B7852B855; covered by the pinned full-file census and the report's exhaustive semantic traversal."
"tests/extensions/bug/test_bug_extension.py","plugin_or_adapter","analyzed","C:\Users\littl\Documents\Codex\2026-08-02\research-c-users-littl-agents-skills\outputs\01-github-spec-kit.md","SHA-256 B907C6FA01BB533B494AF2937D856329F52D73BBFE0D1AF0D5BA6E65E0CD17B1; covered by the pinned full-file census and the report's exhaustive semantic traversal."
"tests/extensions/git/__init__.py","plugin_or_adapter","analyzed","C:\Users\littl\Documents\Codex\2026-08-02\research-c-users-littl-agents-skills\outputs\01-github-spec-kit.md","SHA-256 5FEF4DA7EE17B9156E85EBD3F7F9C4AFD5B8D59851F71C62A3DF5DC711A13394; covered by the pinned full-file census and the report's exhaustive semantic traversal."
"tests/extensions/git/test_git_extension_python_parity.py","plugin_or_adapter","analyzed","C:\Users\littl\Documents\Codex\2026-08-02\research-c-users-littl-agents-skills\outputs\01-github-spec-kit.md","SHA-256 D05F3A9E190C7B482CDE6A1FF48F815E7E024F19A4FBCDD359E8239109465EF2; covered by the pinned full-file census and the report's exhaustive semantic traversal."
"tests/extensions/git/test_git_extension.py","plugin_or_adapter","analyzed","C:\Users\littl\Documents\Codex\2026-08-02\research-c-users-littl-agents-skills\outputs\01-github-spec-kit.md","SHA-256 E4EEA438422709E67FEE8B25A164E2856545DF0B77C1EA07D1E48BECB576EA91; covered by the pinned full-file census and the report's exhaustive semantic traversal."
"tests/extensions/test_agent_context_cli_free.py","plugin_or_adapter","analyzed","C:\Users\littl\Documents\Codex\2026-08-02\research-c-users-littl-agents-skills\outputs\01-github-spec-kit.md","SHA-256 397ABF4EF49C328C00A085BDE175DB68DB8AE1E3724941538AC518B5F1D94834; covered by the pinned full-file census and the report's exhaustive semantic traversal."
"tests/extensions/test_extension_agent_context.py","plugin_or_adapter","analyzed","C:\Users\littl\Documents\Codex\2026-08-02\research-c-users-littl-agents-skills\outputs\01-github-spec-kit.md","SHA-256 F61DD8DFDF11CA6791BB3C080CD0E9CB6B30F3810C25A2824021186E5EF50FF6; covered by the pinned full-file census and the report's exhaustive semantic traversal."
"tests/extensions/test_update_agent_context_feature_json.py","plugin_or_adapter","analyzed","C:\Users\littl\Documents\Codex\2026-08-02\research-c-users-littl-agents-skills\outputs\01-github-spec-kit.md","SHA-256 AD6E41BC6747D51B8961011A979110B8E730BD1B019E54E2FAEE3A8F94DAC40E; covered by the pinned full-file census and the report's exhaustive semantic traversal."
"tests/extensions/test_update_agent_context_python_parity.py","plugin_or_adapter","analyzed","C:\Users\littl\Documents\Codex\2026-08-02\research-c-users-littl-agents-skills\outputs\01-github-spec-kit.md","SHA-256 747D0F9ED8850E576D9E48EBD4127AADF1CAB47A1395D4C98A684CF292594319; covered by the pinned full-file census and the report's exhaustive semantic traversal."
"tests/hooks/.specify/extensions.yml","hook","analyzed","C:\Users\littl\Documents\Codex\2026-08-02\research-c-users-littl-agents-skills\outputs\01-github-spec-kit.md","SHA-256 5CFF97DD1D2087F2D8B7308BEFF00E01C3A2BD5EE89616790DB55C40F0CACE03; covered by the pinned full-file census and the report's exhaustive semantic traversal."
"tests/hooks/plan.md","hook","analyzed","C:\Users\littl\Documents\Codex\2026-08-02\research-c-users-littl-agents-skills\outputs\01-github-spec-kit.md","SHA-256 F562549DA48F6CE54ADF05F50D115583088164497B29ADBFB4CC58C818DF86B6; covered by the pinned full-file census and the report's exhaustive semantic traversal."
"tests/hooks/spec.md","hook","analyzed","C:\Users\littl\Documents\Codex\2026-08-02\research-c-users-littl-agents-skills\outputs\01-github-spec-kit.md","SHA-256 9D9F15E0EA7DA0D8E9463C46A0E801ABCD2113FF8FAB0516E84AEC0D37AA8703; covered by the pinned full-file census and the report's exhaustive semantic traversal."
"tests/hooks/tasks.md","hook","analyzed","C:\Users\littl\Documents\Codex\2026-08-02\research-c-users-littl-agents-skills\outputs\01-github-spec-kit.md","SHA-256 710741DBF12A87AC6D2D3382EB871A9D095869C353DA395E33DB1076DBB5148D; covered by the pinned full-file census and the report's exhaustive semantic traversal."
"tests/hooks/TESTING.md","hook","analyzed","C:\Users\littl\Documents\Codex\2026-08-02\research-c-users-littl-agents-skills\outputs\01-github-spec-kit.md","SHA-256 3BE2CF189D2C7EB718B01FA1C7489ED59A43E5ADEA4343ECF36E547310FA7858; covered by the pinned full-file census and the report's exhaustive semantic traversal."
"tests/http_helpers.py","executable_source","analyzed","C:\Users\littl\Documents\Codex\2026-08-02\research-c-users-littl-agents-skills\outputs\01-github-spec-kit.md","SHA-256 2F9809330C8D3C160D3419D2B970261D2C0B059F7ECB08FE46B42C9CEA416F0F; covered by the pinned full-file census and the report's exhaustive semantic traversal."
"tests/integration/test_bundler_catalog_stack.py","executable_source","analyzed","C:\Users\littl\Documents\Codex\2026-08-02\research-c-users-littl-agents-skills\outputs\01-github-spec-kit.md","SHA-256 F32C58F308D96CD705A141A8C422CA6AF8D82308DFDEA22B28FFE15B7EC5A3DA; covered by the pinned full-file census and the report's exhaustive semantic traversal."
"tests/integration/test_bundler_init_install.py","executable_source","analyzed","C:\Users\littl\Documents\Codex\2026-08-02\research-c-users-littl-agents-skills\outputs\01-github-spec-kit.md","SHA-256 30B9900D185BB64C1D2A1F57430192C19C8DD2D202355B2F0FB284F6A6C4B92D; covered by the pinned full-file census and the report's exhaustive semantic traversal."
"tests/integration/test_bundler_install_flow.py","executable_source","analyzed","C:\Users\littl\Documents\Codex\2026-08-02\research-c-users-littl-agents-skills\outputs\01-github-spec-kit.md","SHA-256 1AE3924CDF669566C593169D878B503789D4ACDBC24F2CB14C67E6E4871E4052; covered by the pinned full-file census and the report's exhaustive semantic traversal."
"tests/integration/test_bundler_local_install.py","executable_source","analyzed","C:\Users\littl\Documents\Codex\2026-08-02\research-c-users-littl-agents-skills\outputs\01-github-spec-kit.md","SHA-256 D6C11D82439AB8FC02A25A1763BC0293A8B90C1FA2CF9E6E338560FC9E372991; covered by the pinned full-file census and the report's exhaustive semantic traversal."
"tests/integration/test_bundler_offline.py","executable_source","analyzed","C:\Users\littl\Documents\Codex\2026-08-02\research-c-users-littl-agents-skills\outputs\01-github-spec-kit.md","SHA-256 559E1F3C2A07E9FD1B7E14B62A39DE3ED877902B21B5519C966472E271FC852A; covered by the pinned full-file census and the report's exhaustive semantic traversal."
"tests/integration/test_bundler_security_paths.py","executable_source","analyzed","C:\Users\littl\Documents\Codex\2026-08-02\research-c-users-littl-agents-skills\outputs\01-github-spec-kit.md","SHA-256 D0BA1D66608BDDAC6F8E0DDC2B68D15F77A91F4493B728B053FA7DD585B0D2EC; covered by the pinned full-file census and the report's exhaustive semantic traversal."
"tests/integrations/__init__.py","executable_source","analyzed","C:\Users\littl\Documents\Codex\2026-08-02\research-c-users-littl-agents-skills\outputs\01-github-spec-kit.md","SHA-256 E3B0C44298FC1C149AFBF4C8996FB92427AE41E4649B934CA495991B7852B855; covered by the pinned full-file census and the report's exhaustive semantic traversal."
"tests/integrations/conftest.py","executable_source","analyzed","C:\Users\littl\Documents\Codex\2026-08-02\research-c-users-littl-agents-skills\outputs\01-github-spec-kit.md","SHA-256 D07C549578F3EF903292730F896575C44965987E0C229EBEBAD7ED723C9501CE; covered by the pinned full-file census and the report's exhaustive semantic traversal."
"tests/integrations/test_base.py","executable_source","analyzed","C:\Users\littl\Documents\Codex\2026-08-02\research-c-users-littl-agents-skills\outputs\01-github-spec-kit.md","SHA-256 D86B0781F1AF3E039D4865C1C5766F7BC70CC505173ECB0A225BF4261DD4AA16; covered by the pinned full-file census and the report's exhaustive semantic traversal."
"tests/integrations/test_cli.py","executable_source","analyzed","C:\Users\littl\Documents\Codex\2026-08-02\research-c-users-littl-agents-skills\outputs\01-github-spec-kit.md","SHA-256 13BA714AB55B0C7027F9174158F07A6D3EE1D29F28A731EC4AE4679A5391575A; covered by the pinned full-file census and the report's exhaustive semantic traversal."
"tests/integrations/test_events.py","executable_source","analyzed","C:\Users\littl\Documents\Codex\2026-08-02\research-c-users-littl-agents-skills\outputs\01-github-spec-kit.md","SHA-256 EB1EF1B81FD822997FB1B72E57602C78BE8F7C773F1AE0D5F8B094C0DA55D387; covered by the pinned full-file census and the report's exhaustive semantic traversal."
"tests/integrations/test_extra_args.py","executable_source","analyzed","C:\Users\littl\Documents\Codex\2026-08-02\research-c-users-littl-agents-skills\outputs\01-github-spec-kit.md","SHA-256 2CE6C7D72021318227EF9D8F350F0B92107718707DAD53873CEEC95E0850EF77; covered by the pinned full-file census and the report's exhaustive semantic traversal."
"tests/integrations/test_home_isolation.py","executable_source","analyzed","C:\Users\littl\Documents\Codex\2026-08-02\research-c-users-littl-agents-skills\outputs\01-github-spec-kit.md","SHA-256 569002FB83140C5C9D01A4D5FB7E944EBB2000CE4A74EC90543E336AB804B9DE; covered by the pinned full-file census and the report's exhaustive semantic traversal."
"tests/integrations/test_integration_agy.py","executable_source","analyzed","C:\Users\littl\Documents\Codex\2026-08-02\research-c-users-littl-agents-skills\outputs\01-github-spec-kit.md","SHA-256 EC4305EFDEB943800BD42D574EC1F7628120A61F1D02547BA15A4F834057A25D; covered by the pinned full-file census and the report's exhaustive semantic traversal."
"tests/integrations/test_integration_alquimia.py","executable_source","analyzed","C:\Users\littl\Documents\Codex\2026-08-02\research-c-users-littl-agents-skills\outputs\01-github-spec-kit.md","SHA-256 9096316F689EBEEF7C3DC546D44D318E676EF6192719821900000DD4BB688116; covered by the pinned full-file census and the report's exhaustive semantic traversal."
"tests/integrations/test_integration_amp.py","executable_source","analyzed","C:\Users\littl\Documents\Codex\2026-08-02\research-c-users-littl-agents-skills\outputs\01-github-spec-kit.md","SHA-256 2FD89CD106BB2752488443694A230DBFAC2994BE2A42FFE731CB6058FE6EE348; covered by the pinned full-file census and the report's exhaustive semantic traversal."
"tests/integrations/test_integration_auggie.py","executable_source","analyzed","C:\Users\littl\Documents\Codex\2026-08-02\research-c-users-littl-agents-skills\outputs\01-github-spec-kit.md","SHA-256 82C7949E5BAB616D21BD6F719E7D7FDF73EECC1F92C6EB164F4C50D84FCA0D88; covered by the pinned full-file census and the report's exhaustive semantic traversal."
"tests/integrations/test_integration_base_markdown.py","executable_source","analyzed","C:\Users\littl\Documents\Codex\2026-08-02\research-c-users-littl-agents-skills\outputs\01-github-spec-kit.md","SHA-256 AC1F3EA20D424C4C1A8D416F26C505FC56A15D21565F4D1A160640E88C4A3FA1; covered by the pinned full-file census and the report's exhaustive semantic traversal."
"tests/integrations/test_integration_base_skills.py","executable_source","analyzed","C:\Users\littl\Documents\Codex\2026-08-02\research-c-users-littl-agents-skills\outputs\01-github-spec-kit.md","SHA-256 DBF159B1707DFF79E0837F07866030E8D29B4EEE684FCC309BC4473E4EBAA219; covered by the pinned full-file census and the report's exhaustive semantic traversal."
"tests/integrations/test_integration_base_toml.py","executable_source","analyzed","C:\Users\littl\Documents\Codex\2026-08-02\research-c-users-littl-agents-skills\outputs\01-github-spec-kit.md","SHA-256 936576409ADE0F04F704082C12E95F7ED15057FE03A43BD33166EE0A75CA5ECA; covered by the pinned full-file census and the report's exhaustive semantic traversal."
"tests/integrations/test_integration_base_yaml.py","executable_source","analyzed","C:\Users\littl\Documents\Codex\2026-08-02\research-c-users-littl-agents-skills\outputs\01-github-spec-kit.md","SHA-256 CFD190C1746122F97306F273B0F225677569D8DC445B7E6CCEC38084892F98FF; covered by the pinned full-file census and the report's exhaustive semantic traversal."
"tests/integrations/test_integration_bob.py","executable_source","analyzed","C:\Users\littl\Documents\Codex\2026-08-02\research-c-users-littl-agents-skills\outputs\01-github-spec-kit.md","SHA-256 A4584ACB3933F7623BFAE1A370B0B91060460B5D7F68B9D3467493769D423534; covered by the pinned full-file census and the report's exhaustive semantic traversal."
"tests/integrations/test_integration_catalog.py","executable_source","analyzed","C:\Users\littl\Documents\Codex\2026-08-02\research-c-users-littl-agents-skills\outputs\01-github-spec-kit.md","SHA-256 FB86C13B4A243B9C0897520781845CC743BBF594082D2E31AE03D7AB7F0775C7; covered by the pinned full-file census and the report's exhaustive semantic traversal."
"tests/integrations/test_integration_claude.py","executable_source","analyzed","C:\Users\littl\Documents\Codex\2026-08-02\research-c-users-littl-agents-skills\outputs\01-github-spec-kit.md","SHA-256 E93A09523843DA30B779F425B7CD15A3B4496A413F7721830BE30359BC1B61BB; covered by the pinned full-file census and the report's exhaustive semantic traversal."
"tests/integrations/test_integration_cline.py","executable_source","analyzed","C:\Users\littl\Documents\Codex\2026-08-02\research-c-users-littl-agents-skills\outputs\01-github-spec-kit.md","SHA-256 E8A6DCD7E33217C55CA95A7EEC640574F2D5CF7C41EF2612B73361F2D9ECAB1D; covered by the pinned full-file census and the report's exhaustive semantic traversal."
"tests/integrations/test_integration_codebuddy.py","executable_source","analyzed","C:\Users\littl\Documents\Codex\2026-08-02\research-c-users-littl-agents-skills\outputs\01-github-spec-kit.md","SHA-256 970D40E1D8FB838E6FCBAB40B7D536C397CB53C881EA8B7C11664BC95CE3B35C; covered by the pinned full-file census and the report's exhaustive semantic traversal."
"tests/integrations/test_integration_codex.py","executable_source","analyzed","C:\Users\littl\Documents\Codex\2026-08-02\research-c-users-littl-agents-skills\outputs\01-github-spec-kit.md","SHA-256 322BD79512820B382AF141C31548F3199AE1E7ECBE25F7A077B06E0C10CF6510; covered by the pinned full-file census and the report's exhaustive semantic traversal."
"tests/integrations/test_integration_copilot.py","executable_source","analyzed","C:\Users\littl\Documents\Codex\2026-08-02\research-c-users-littl-agents-skills\outputs\01-github-spec-kit.md","SHA-256 A69393123A43592951D443756DC149EA7A68014239DF4A76F7ACD581A838733D; covered by the pinned full-file census and the report's exhaustive semantic traversal."
"tests/integrations/test_integration_cursor_agent.py","executable_source","analyzed","C:\Users\littl\Documents\Codex\2026-08-02\research-c-users-littl-agents-skills\outputs\01-github-spec-kit.md","SHA-256 7F3936488E130771EC6F76763469194171E2BC507D93EDBE3EF6206AE7F745D4; covered by the pinned full-file census and the report's exhaustive semantic traversal."
"tests/integrations/test_integration_devin.py","executable_source","analyzed","C:\Users\littl\Documents\Codex\2026-08-02\research-c-users-littl-agents-skills\outputs\01-github-spec-kit.md","SHA-256 7FD0F5862B05253817E763313A0CFCEDAE62E37C19E3EA892B4CF62FFFC80BD4; covered by the pinned full-file census and the report's exhaustive semantic traversal."
"tests/integrations/test_integration_droid.py","executable_source","analyzed","C:\Users\littl\Documents\Codex\2026-08-02\research-c-users-littl-agents-skills\outputs\01-github-spec-kit.md","SHA-256 7B5A65A8457CC53A16F3085FD919284F603B31AE3A4C1E17F764F4AC65CFEBD8; covered by the pinned full-file census and the report's exhaustive semantic traversal."
"tests/integrations/test_integration_firebender.py","executable_source","analyzed","C:\Users\littl\Documents\Codex\2026-08-02\research-c-users-littl-agents-skills\outputs\01-github-spec-kit.md","SHA-256 03F43B1DB1D3F26243DF539FBCD2030E4E101932648E331F4796C26B0519CA6F; covered by the pinned full-file census and the report's exhaustive semantic traversal."
"tests/integrations/test_integration_forge.py","executable_source","analyzed","C:\Users\littl\Documents\Codex\2026-08-02\research-c-users-littl-agents-skills\outputs\01-github-spec-kit.md","SHA-256 41BA8620B37216A00D251BC8785A06ACEE79E1915E358CAD1A2552D4E7AA3097; covered by the pinned full-file census and the report's exhaustive semantic traversal."
"tests/integrations/test_integration_gemini.py","executable_source","analyzed","C:\Users\littl\Documents\Codex\2026-08-02\research-c-users-littl-agents-skills\outputs\01-github-spec-kit.md","SHA-256 813241A1126374A64969A2FB3E80C3BC6B7E653DDB3F9DEDFF25247B6B200D9F; covered by the pinned full-file census and the report's exhaustive semantic traversal."
"tests/integrations/test_integration_generic.py","executable_source","analyzed","C:\Users\littl\Documents\Codex\2026-08-02\research-c-users-littl-agents-skills\outputs\01-github-spec-kit.md","SHA-256 37CC19EA5BB5B398FACCD4FF4116633CAFD929E6FB1475BF80026D23B4CAE3F1; covered by the pinned full-file census and the report's exhaustive semantic traversal."
"tests/integrations/test_integration_goose.py","executable_source","analyzed","C:\Users\littl\Documents\Codex\2026-08-02\research-c-users-littl-agents-skills\outputs\01-github-spec-kit.md","SHA-256 13A5957A007C0EBB52959BC7EF4048B26DE38610A0049DA6082B7C809A313BDF; covered by the pinned full-file census and the report's exhaustive semantic traversal."
"tests/integrations/test_integration_grok.py","executable_source","analyzed","C:\Users\littl\Documents\Codex\2026-08-02\research-c-users-littl-agents-skills\outputs\01-github-spec-kit.md","SHA-256 201152867128409021C34944160C115DFB0A7A536DCE5FBBFE0C48D70D28DDFC; covered by the pinned full-file census and the report's exhaustive semantic traversal."
"tests/integrations/test_integration_hermes.py","executable_source","analyzed","C:\Users\littl\Documents\Codex\2026-08-02\research-c-users-littl-agents-skills\outputs\01-github-spec-kit.md","SHA-256 8511A4476B94443C0C692BFDFD9DEAEA54B1B28635664AFBBF5353A9824589F6; covered by the pinned full-file census and the report's exhaustive semantic traversal."
"tests/integrations/test_integration_junie.py","executable_source","analyzed","C:\Users\littl\Documents\Codex\2026-08-02\research-c-users-littl-agents-skills\outputs\01-github-spec-kit.md","SHA-256 C4E884F0E13C2B127FFE6BBF580004C9DED615768007B766828980D3FC897EE3; covered by the pinned full-file census and the report's exhaustive semantic traversal."
"tests/integrations/test_integration_kilocode.py","executable_source","analyzed","C:\Users\littl\Documents\Codex\2026-08-02\research-c-users-littl-agents-skills\outputs\01-github-spec-kit.md","SHA-256 5CB013024126BAA116BB487C3B9BB260542A7F66B7B3EBF30B887FD55D7C0243; covered by the pinned full-file census and the report's exhaustive semantic traversal."
"tests/integrations/test_integration_kimi.py","executable_source","analyzed","C:\Users\littl\Documents\Codex\2026-08-02\research-c-users-littl-agents-skills\outputs\01-github-spec-kit.md","SHA-256 6040FCFAC28EA25B6BA38661441660850E665A1F8C13A41C93517D4BAE652E14; covered by the pinned full-file census and the report's exhaustive semantic traversal."
"tests/integrations/test_integration_kiro_cli.py","executable_source","analyzed","C:\Users\littl\Documents\Codex\2026-08-02\research-c-users-littl-agents-skills\outputs\01-github-spec-kit.md","SHA-256 122DFB581662DA2B63F8C1ACB071402708835545A0BEEC3CA85E46566937CAC3; covered by the pinned full-file census and the report's exhaustive semantic traversal."
"tests/integrations/test_integration_lingma.py","executable_source","analyzed","C:\Users\littl\Documents\Codex\2026-08-02\research-c-users-littl-agents-skills\outputs\01-github-spec-kit.md","SHA-256 7145B82C6BC98D5AF952E8BF56C0E7B8086E5BC679D002667C948BABF2C5D9FC; covered by the pinned full-file census and the report's exhaustive semantic traversal."
"tests/integrations/test_integration_omp.py","executable_source","analyzed","C:\Users\littl\Documents\Codex\2026-08-02\research-c-users-littl-agents-skills\outputs\01-github-spec-kit.md","SHA-256 228F21345E294FF23A0592CE46246F56C0E73DF2BB7916DB16FA290A478FCACD; covered by the pinned full-file census and the report's exhaustive semantic traversal."
"tests/integrations/test_integration_opencode.py","executable_source","analyzed","C:\Users\littl\Documents\Codex\2026-08-02\research-c-users-littl-agents-skills\outputs\01-github-spec-kit.md","SHA-256 B85A0F1314CECB5CA16C22C426E4CED20B6C2F3301541F2770EE8E92EC66D076; covered by the pinned full-file census and the report's exhaustive semantic traversal."
"tests/integrations/test_integration_pi.py","executable_source","analyzed","C:\Users\littl\Documents\Codex\2026-08-02\research-c-users-littl-agents-skills\outputs\01-github-spec-kit.md","SHA-256 6EA23B7F4CE4BBF0B210DD047344D1A235B44E3C3EE997C5BB0BDDDF18F2970B; covered by the pinned full-file census and the report's exhaustive semantic traversal."
"tests/integrations/test_integration_qodercli.py","executable_source","analyzed","C:\Users\littl\Documents\Codex\2026-08-02\research-c-users-littl-agents-skills\outputs\01-github-spec-kit.md","SHA-256 8AC3FBC45518EAE6DD8951FDAA7E303B55B105CE82E2F7E0DB7FAF138029B42D; covered by the pinned full-file census and the report's exhaustive semantic traversal."
"tests/integrations/test_integration_qwen.py","executable_source","analyzed","C:\Users\littl\Documents\Codex\2026-08-02\research-c-users-littl-agents-skills\outputs\01-github-spec-kit.md","SHA-256 B9904772F6729DD57D7C0B249BDD99AA1DF99101DF023A221F70097D2D8B1AE3; covered by the pinned full-file census and the report's exhaustive semantic traversal."
"tests/integrations/test_integration_rovodev.py","executable_source","analyzed","C:\Users\littl\Documents\Codex\2026-08-02\research-c-users-littl-agents-skills\outputs\01-github-spec-kit.md","SHA-256 2F0831580C4E188A7549A58E00F0412E01666C4E8198924BA3956F26E21F2C05; covered by the pinned full-file census and the report's exhaustive semantic traversal."
"tests/integrations/test_integration_scaffold.py","executable_source","analyzed","C:\Users\littl\Documents\Codex\2026-08-02\research-c-users-littl-agents-skills\outputs\01-github-spec-kit.md","SHA-256 56731B29262E037195BF3B767A8A09B84FA7DC300CD8B5D80D94EBB4FA8B8337; covered by the pinned full-file census and the report's exhaustive semantic traversal."
"tests/integrations/test_integration_shai.py","executable_source","analyzed","C:\Users\littl\Documents\Codex\2026-08-02\research-c-users-littl-agents-skills\outputs\01-github-spec-kit.md","SHA-256 815AD02BADC049B040496DAB3B8171C07302CB46304BB5439545766BBACC3BFF; covered by the pinned full-file census and the report's exhaustive semantic traversal."
"tests/integrations/test_integration_state.py","executable_source","analyzed","C:\Users\littl\Documents\Codex\2026-08-02\research-c-users-littl-agents-skills\outputs\01-github-spec-kit.md","SHA-256 1DF6D489A6DF03D226181BE15C09FD6ED92B02E38D4D2A278EF675E8A8E93291; covered by the pinned full-file census and the report's exhaustive semantic traversal."
"tests/integrations/test_integration_subcommand.py","executable_source","analyzed","C:\Users\littl\Documents\Codex\2026-08-02\research-c-users-littl-agents-skills\outputs\01-github-spec-kit.md","SHA-256 D7AD32423E1C5ABFF128BC85B1546DAD0BDF06F80566BEF4BFEF595586CEDA1D; covered by the pinned full-file census and the report's exhaustive semantic traversal."
"tests/integrations/test_integration_tabnine.py","executable_source","analyzed","C:\Users\littl\Documents\Codex\2026-08-02\research-c-users-littl-agents-skills\outputs\01-github-spec-kit.md","SHA-256 F14A187D1A857E7AA7E8114296B484BABC470D831BDFD6BA35090AE08153229E; covered by the pinned full-file census and the report's exhaustive semantic traversal."
"tests/integrations/test_integration_trae.py","executable_source","analyzed","C:\Users\littl\Documents\Codex\2026-08-02\research-c-users-littl-agents-skills\outputs\01-github-spec-kit.md","SHA-256 C952B3B3A1B312B97844E40AAD266E61763CA7CA096016D5A8C66BF09971A5BF; covered by the pinned full-file census and the report's exhaustive semantic traversal."
"tests/integrations/test_integration_vibe.py","executable_source","analyzed","C:\Users\littl\Documents\Codex\2026-08-02\research-c-users-littl-agents-skills\outputs\01-github-spec-kit.md","SHA-256 252C9C3800AC3A17EC7987C1EB81DEC81C495AA6D7511136E727559EB3F09457; covered by the pinned full-file census and the report's exhaustive semantic traversal."
"tests/integrations/test_integration_zcode.py","executable_source","analyzed","C:\Users\littl\Documents\Codex\2026-08-02\research-c-users-littl-agents-skills\outputs\01-github-spec-kit.md","SHA-256 9B32043F532C1FB52C97CB35F8F6A48CD564D1D65D992B9055CE60E6648C2C39; covered by the pinned full-file census and the report's exhaustive semantic traversal."
"tests/integrations/test_integration_zed.py","executable_source","analyzed","C:\Users\littl\Documents\Codex\2026-08-02\research-c-users-littl-agents-skills\outputs\01-github-spec-kit.md","SHA-256 CFE4990FA50C0FC2C87EE164561F6F680D5DD37C9D224C199761BC13A297B518; covered by the pinned full-file census and the report's exhaustive semantic traversal."
"tests/integrations/test_manifest.py","executable_source","analyzed","C:\Users\littl\Documents\Codex\2026-08-02\research-c-users-littl-agents-skills\outputs\01-github-spec-kit.md","SHA-256 6E7BE59FDD8F4FC38BDD06A9A42574AFADB75AD0997007B4B8452CF651E27DD4; covered by the pinned full-file census and the report's exhaustive semantic traversal."
"tests/integrations/test_registry.py","executable_source","analyzed","C:\Users\littl\Documents\Codex\2026-08-02\research-c-users-littl-agents-skills\outputs\01-github-spec-kit.md","SHA-256 C2B10BD56CAA8E92A795EF94209B25B6A7B3C896D5E3B5AF235A7180650E8393; covered by the pinned full-file census and the report's exhaustive semantic traversal."
"tests/integrations/test_skill_frontmatter_quoting.py","executable_source","analyzed","C:\Users\littl\Documents\Codex\2026-08-02\research-c-users-littl-agents-skills\outputs\01-github-spec-kit.md","SHA-256 BC479C780BEFA9605234E46D901792AEF2EEDD1C82663C05CAF3F8E1C3A8A09E; covered by the pinned full-file census and the report's exhaustive semantic traversal."
"tests/parity_helpers.py","executable_source","analyzed","C:\Users\littl\Documents\Codex\2026-08-02\research-c-users-littl-agents-skills\outputs\01-github-spec-kit.md","SHA-256 83973906C190EDD5CDCB3064D6946A75DF66F1238BE9696162D65BC7AC8DB9F8; covered by the pinned full-file census and the report's exhaustive semantic traversal."
"tests/self_upgrade_helpers.py","executable_source","analyzed","C:\Users\littl\Documents\Codex\2026-08-02\research-c-users-littl-agents-skills\outputs\01-github-spec-kit.md","SHA-256 E5D80D22672C9A3771261E46BA4062E59ED5B78670F2C0BAD7CD8417D55E936E; covered by the pinned full-file census and the report's exhaustive semantic traversal."
"tests/test_agent_config_consistency.py","executable_source","analyzed","C:\Users\littl\Documents\Codex\2026-08-02\research-c-users-littl-agents-skills\outputs\01-github-spec-kit.md","SHA-256 A98EF75AC383E3BEE1231994BBA1C009BCB4CAACBAB9E7A581DD8563BBBEAD19; covered by the pinned full-file census and the report's exhaustive semantic traversal."
"tests/test_authentication.py","executable_source","analyzed","C:\Users\littl\Documents\Codex\2026-08-02\research-c-users-littl-agents-skills\outputs\01-github-spec-kit.md","SHA-256 3D962814E9924854485267E72D4F102241CFC360E82076E1F688A0E7BEB7CD11; covered by the pinned full-file census and the report's exhaustive semantic traversal."
"tests/test_branch_numbering.py","executable_source","analyzed","C:\Users\littl\Documents\Codex\2026-08-02\research-c-users-littl-agents-skills\outputs\01-github-spec-kit.md","SHA-256 2FE3C5F9D79B18DAD0A5EFACC7F7955E7D8F23C01355CF087A7E7657E7C47072; covered by the pinned full-file census and the report's exhaustive semantic traversal."
"tests/test_check_prerequisites_paths_only.py","executable_source","analyzed","C:\Users\littl\Documents\Codex\2026-08-02\research-c-users-littl-agents-skills\outputs\01-github-spec-kit.md","SHA-256 03B94E46DDE71E7B7509D650F1C27AB17B84D8706ACB7FA33EA3D37AA5BDD300; covered by the pinned full-file census and the report's exhaustive semantic traversal."
"tests/test_check_prerequisites_python_parity.py","executable_source","analyzed","C:\Users\littl\Documents\Codex\2026-08-02\research-c-users-littl-agents-skills\outputs\01-github-spec-kit.md","SHA-256 221B40A0AF13644D179DDEED4BD1567B9A2891870568909E4E55C226B1C6CF87; covered by the pinned full-file census and the report's exhaustive semantic traversal."
"tests/test_check_tool.py","executable_source","analyzed","C:\Users\littl\Documents\Codex\2026-08-02\research-c-users-littl-agents-skills\outputs\01-github-spec-kit.md","SHA-256 0B34D0D711A856EF80EA2DE6B9037CBF359B77F5E183D850DCFCB82F07E398E5; covered by the pinned full-file census and the report's exhaustive semantic traversal."
"tests/test_cli_version.py","executable_source","analyzed","C:\Users\littl\Documents\Codex\2026-08-02\research-c-users-littl-agents-skills\outputs\01-github-spec-kit.md","SHA-256 0ADB136E1119427228B7FFF272ED5A7CDE935CE3724670CA59CC7D31C18E2A65; covered by the pinned full-file census and the report's exhaustive semantic traversal."
"tests/test_command_template_py_scripts.py","executable_source","analyzed","C:\Users\littl\Documents\Codex\2026-08-02\research-c-users-littl-agents-skills\outputs\01-github-spec-kit.md","SHA-256 E52B45BC4B200430A5A7333634F736F7D384879FC40F76437A13EDC2347D7323; covered by the pinned full-file census and the report's exhaustive semantic traversal."
"tests/test_commands_package.py","executable_source","analyzed","C:\Users\littl\Documents\Codex\2026-08-02\research-c-users-littl-agents-skills\outputs\01-github-spec-kit.md","SHA-256 31D35CDDB3C5890976C74CB93B6611B5996EC9F04ED88AD361072E7CB2B5A7E8; covered by the pinned full-file census and the report's exhaustive semantic traversal."
"tests/test_console_imports.py","executable_source","analyzed","C:\Users\littl\Documents\Codex\2026-08-02\research-c-users-littl-agents-skills\outputs\01-github-spec-kit.md","SHA-256 64353984C8D43C4F2039CAB8FD76770945EBD9CE01009DDE3B23C99A3B108418; covered by the pinned full-file census and the report's exhaustive semantic traversal."
"tests/test_create_new_feature_python_parity.py","executable_source","analyzed","C:\Users\littl\Documents\Codex\2026-08-02\research-c-users-littl-agents-skills\outputs\01-github-spec-kit.md","SHA-256 850CFC62FD110B1EB899BA9FEFADFDB88FC868FF46EE99973AEDCB2FD1F991A6; covered by the pinned full-file census and the report's exhaustive semantic traversal."
"tests/test_download_security.py","executable_source","analyzed","C:\Users\littl\Documents\Codex\2026-08-02\research-c-users-littl-agents-skills\outputs\01-github-spec-kit.md","SHA-256 CF59431D3A57AC3E10BE44D0D1A9CCFC31CD436F5512EBD7D7DEA6203F136F0C; covered by the pinned full-file census and the report's exhaustive semantic traversal."
"tests/test_extension_add_path_traversal.py","executable_source","analyzed","C:\Users\littl\Documents\Codex\2026-08-02\research-c-users-littl-agents-skills\outputs\01-github-spec-kit.md","SHA-256 5A936C32E7203F021C61B8F6413966E2D457361030CDB0201A3FCB960082407C; covered by the pinned full-file census and the report's exhaustive semantic traversal."
"tests/test_extension_registration.py","executable_source","analyzed","C:\Users\littl\Documents\Codex\2026-08-02\research-c-users-littl-agents-skills\outputs\01-github-spec-kit.md","SHA-256 47D3A45358BE5A45F9764191AFECA22899C5940ACB5F1D8C2AA5FE07C8E50DD1; covered by the pinned full-file census and the report's exhaustive semantic traversal."
"tests/test_extension_skills.py","executable_source","analyzed","C:\Users\littl\Documents\Codex\2026-08-02\research-c-users-littl-agents-skills\outputs\01-github-spec-kit.md","SHA-256 C0BD6542373AE89D7AF13538533AC6B8146F120D3DEB444CD351FDA752A6C320; covered by the pinned full-file census and the report's exhaustive semantic traversal."
"tests/test_extension_update_hardening.py","executable_source","analyzed","C:\Users\littl\Documents\Codex\2026-08-02\research-c-users-littl-agents-skills\outputs\01-github-spec-kit.md","SHA-256 09B123D567DA69DD749D18DF2C6FAB652E2D57EDD00F2A2DCC5376C90A742AA0; covered by the pinned full-file census and the report's exhaustive semantic traversal."
"tests/test_extensions.py","executable_source","analyzed","C:\Users\littl\Documents\Codex\2026-08-02\research-c-users-littl-agents-skills\outputs\01-github-spec-kit.md","SHA-256 9F8FE52A224C028A0A7AF635141A7F3BC43010DED0097E27102DF7AFE18651CC; covered by the pinned full-file census and the report's exhaustive semantic traversal."
"tests/test_github_http.py","executable_source","analyzed","C:\Users\littl\Documents\Codex\2026-08-02\research-c-users-littl-agents-skills\outputs\01-github-spec-kit.md","SHA-256 BA6DE22022D22BEDABC89F3069870524CC06EE5285303349A9FF4E78A81B9A47; covered by the pinned full-file census and the report's exhaustive semantic traversal."
"tests/test_github_workflows.py","executable_source","analyzed","C:\Users\littl\Documents\Codex\2026-08-02\research-c-users-littl-agents-skills\outputs\01-github-spec-kit.md","SHA-256 42F0FED829B910436C697577ABA034248D96E415A3497F64067BC15C3EE783E6; covered by the pinned full-file census and the report's exhaustive semantic traversal."
"tests/test_init_dir_cli.py","executable_source","analyzed","C:\Users\littl\Documents\Codex\2026-08-02\research-c-users-littl-agents-skills\outputs\01-github-spec-kit.md","SHA-256 D15CA733695C42ED5C8B4C42E3EEDD65D3421A1F163427D89BAA7FAEC19A9CBF; covered by the pinned full-file census and the report's exhaustive semantic traversal."
"tests/test_init_dir.py","executable_source","analyzed","C:\Users\littl\Documents\Codex\2026-08-02\research-c-users-littl-agents-skills\outputs\01-github-spec-kit.md","SHA-256 928249012C5917ADAB1C75C8AE331C84EAE1240F031A90276423CF1B9274AFB1; covered by the pinned full-file census and the report's exhaustive semantic traversal."
"tests/test_live_transient_windows.py","executable_source","analyzed","C:\Users\littl\Documents\Codex\2026-08-02\research-c-users-littl-agents-skills\outputs\01-github-spec-kit.md","SHA-256 C7F249465E12CAB8D560CE58F48DF1C98936082E6C98D201B09E87E995B21C2D; covered by the pinned full-file census and the report's exhaustive semantic traversal."
"tests/test_merge.py","executable_source","analyzed","C:\Users\littl\Documents\Codex\2026-08-02\research-c-users-littl-agents-skills\outputs\01-github-spec-kit.md","SHA-256 80EC1AC5322015B4A268C125B2DB293174774A3FA961F38AE014F5D21E699638; covered by the pinned full-file census and the report's exhaustive semantic traversal."
"tests/test_post_process.py","executable_source","analyzed","C:\Users\littl\Documents\Codex\2026-08-02\research-c-users-littl-agents-skills\outputs\01-github-spec-kit.md","SHA-256 6FE2380FCCE864F7060C0AA8438C7C36B5E073752E0423242448D485392C42B6; covered by the pinned full-file census and the report's exhaustive semantic traversal."
"tests/test_presets.py","executable_source","analyzed","C:\Users\littl\Documents\Codex\2026-08-02\research-c-users-littl-agents-skills\outputs\01-github-spec-kit.md","SHA-256 0EADD71A2AAE43F45E9391FF2CDB358B7C6C487FFAFE713ED2E811FA4309A9E6; covered by the pinned full-file census and the report's exhaustive semantic traversal."
"tests/test_ps1_encoding.py","executable_source","analyzed","C:\Users\littl\Documents\Codex\2026-08-02\research-c-users-littl-agents-skills\outputs\01-github-spec-kit.md","SHA-256 99B896864AFAEC865AD02469E813D320F871FF19B1215F21C90E9112F75D4707; covered by the pinned full-file census and the report's exhaustive semantic traversal."
"tests/test_registrar_path_traversal.py","executable_source","analyzed","C:\Users\littl\Documents\Codex\2026-08-02\research-c-users-littl-agents-skills\outputs\01-github-spec-kit.md","SHA-256 19D4FF36464222CFB82F84874ABCD802AC96D3746729472092645E843896447B; covered by the pinned full-file census and the report's exhaustive semantic traversal."
"tests/test_security_workflow.py","executable_source","analyzed","C:\Users\littl\Documents\Codex\2026-08-02\research-c-users-littl-agents-skills\outputs\01-github-spec-kit.md","SHA-256 D9BBCB6BB1508986FA6C23B4A6D81BD1F1C0A65A3A8F64443B49C03AFD3C145E; covered by the pinned full-file census and the report's exhaustive semantic traversal."
"tests/test_self_upgrade_detection.py","executable_source","analyzed","C:\Users\littl\Documents\Codex\2026-08-02\research-c-users-littl-agents-skills\outputs\01-github-spec-kit.md","SHA-256 5319B6543FC1013A71442D7226EBF113318F76B37341CA3C46CDCF40D0CBDF46; covered by the pinned full-file census and the report's exhaustive semantic traversal."
"tests/test_self_upgrade_execution.py","executable_source","analyzed","C:\Users\littl\Documents\Codex\2026-08-02\research-c-users-littl-agents-skills\outputs\01-github-spec-kit.md","SHA-256 3DFD092C145FD8FD3C834C802F1B7E0D2C63BEFAD15BAD4C1B27F925D3478AF8; covered by the pinned full-file census and the report's exhaustive semantic traversal."
"tests/test_self_upgrade_guidance.py","executable_source","analyzed","C:\Users\littl\Documents\Codex\2026-08-02\research-c-users-littl-agents-skills\outputs\01-github-spec-kit.md","SHA-256 BE98D8A274986C6B06FBB596AE0E344B54FC2ED278B0B633CE5B593F98F0CA87; covered by the pinned full-file census and the report's exhaustive semantic traversal."
"tests/test_self_upgrade_verification.py","executable_source","analyzed","C:\Users\littl\Documents\Codex\2026-08-02\research-c-users-littl-agents-skills\outputs\01-github-spec-kit.md","SHA-256 BFE33362EC7FF94E2BC9A8B573A0C134BA1B0CE274ACD127364AC64FC2EF90B0; covered by the pinned full-file census and the report's exhaustive semantic traversal."
"tests/test_setup_plan_feature_json.py","executable_source","analyzed","C:\Users\littl\Documents\Codex\2026-08-02\research-c-users-littl-agents-skills\outputs\01-github-spec-kit.md","SHA-256 1D9F6ED06B932DD682C37AC4A7ECDB6AFFEA7FC22762D0FAA83C7C4F939D48CE; covered by the pinned full-file census and the report's exhaustive semantic traversal."
"tests/test_setup_plan_no_overwrite.py","executable_source","analyzed","C:\Users\littl\Documents\Codex\2026-08-02\research-c-users-littl-agents-skills\outputs\01-github-spec-kit.md","SHA-256 5E7578CB4EDA881ECD68E8D3AFA5C696C69EBB87F0F3138B7F0C3EEDF5A54FC3; covered by the pinned full-file census and the report's exhaustive semantic traversal."
"tests/test_setup_plan_python_parity.py","executable_source","analyzed","C:\Users\littl\Documents\Codex\2026-08-02\research-c-users-littl-agents-skills\outputs\01-github-spec-kit.md","SHA-256 C43B2A1AD9336B3D0E91327D85047FD42363FDFA47F7B555E39512A6268D2217; covered by the pinned full-file census and the report's exhaustive semantic traversal."
"tests/test_setup_tasks_python_parity.py","executable_source","analyzed","C:\Users\littl\Documents\Codex\2026-08-02\research-c-users-littl-agents-skills\outputs\01-github-spec-kit.md","SHA-256 64C3B3AF355E3C8728F8CB4799147EDEA8F3FEFBEEA2DF7A9D6DDAFBFED1BF64; covered by the pinned full-file census and the report's exhaustive semantic traversal."
"tests/test_setup_tasks.py","executable_source","analyzed","C:\Users\littl\Documents\Codex\2026-08-02\research-c-users-littl-agents-skills\outputs\01-github-spec-kit.md","SHA-256 F1C9059F943DDCBFFBAEA8C47188ABF8BC70AE62DBCFC8B118341939FECACC15; covered by the pinned full-file census and the report's exhaustive semantic traversal."
"tests/test_shared_infra_integrity.py","executable_source","analyzed","C:\Users\littl\Documents\Codex\2026-08-02\research-c-users-littl-agents-skills\outputs\01-github-spec-kit.md","SHA-256 BB43149250FECF85A0FC262B5A6AFF7B159A8A682597563ACA29CE08CC8C177C; covered by the pinned full-file census and the report's exhaustive semantic traversal."
"tests/test_skill_placeholder_py.py","executable_source","analyzed","C:\Users\littl\Documents\Codex\2026-08-02\research-c-users-littl-agents-skills\outputs\01-github-spec-kit.md","SHA-256 8D9B00507AC176899ED48584AE8EFFAB849BF64E932BC27D7407CF0A9679A210; covered by the pinned full-file census and the report's exhaustive semantic traversal."
"tests/test_specify_template_numbering.py","executable_source","analyzed","C:\Users\littl\Documents\Codex\2026-08-02\research-c-users-littl-agents-skills\outputs\01-github-spec-kit.md","SHA-256 CF919CA9C5551E92B44A310BD239D77EC4701B686B0FE20B430E183C4C12AD34; covered by the pinned full-file census and the report's exhaustive semantic traversal."
"tests/test_timestamp_branches.py","executable_source","analyzed","C:\Users\littl\Documents\Codex\2026-08-02\research-c-users-littl-agents-skills\outputs\01-github-spec-kit.md","SHA-256 A7E3E6565DC26B70B7FBDAD2D3B00CD6DDA1B78759F3A36F3645BC2F4548FDA8; covered by the pinned full-file census and the report's exhaustive semantic traversal."
"tests/test_upgrade.py","executable_source","analyzed","C:\Users\littl\Documents\Codex\2026-08-02\research-c-users-littl-agents-skills\outputs\01-github-spec-kit.md","SHA-256 684BB43E0F3B2A721E12DDB24C0623EAC886D8C8816C24816878A5314B7C7992; covered by the pinned full-file census and the report's exhaustive semantic traversal."
"tests/test_utils_assets_imports.py","executable_source","analyzed","C:\Users\littl\Documents\Codex\2026-08-02\research-c-users-littl-agents-skills\outputs\01-github-spec-kit.md","SHA-256 8CFF6ED2EAFB9FB126BB735E034D5E70C9D9AE14CF8DAC2AD957BC15E3C07830; covered by the pinned full-file census and the report's exhaustive semantic traversal."
"tests/test_utils.py","executable_source","analyzed","C:\Users\littl\Documents\Codex\2026-08-02\research-c-users-littl-agents-skills\outputs\01-github-spec-kit.md","SHA-256 089784664447DA3E22F46B706E12A1FA85E2F00F15A6A4D7F2719648A1CD7408; covered by the pinned full-file census and the report's exhaustive semantic traversal."
"tests/test_version_imports.py","executable_source","analyzed","C:\Users\littl\Documents\Codex\2026-08-02\research-c-users-littl-agents-skills\outputs\01-github-spec-kit.md","SHA-256 DA96A3FE26382D750A6B69E0B5B6A8AA7553DF2FECBE6FC76E60DEEDE5525280; covered by the pinned full-file census and the report's exhaustive semantic traversal."
"tests/test_workflow_run_without_project.py","executable_source","analyzed","C:\Users\littl\Documents\Codex\2026-08-02\research-c-users-littl-agents-skills\outputs\01-github-spec-kit.md","SHA-256 29CEA4B477BC329AE9A08D435FB40581BFFB4664C4DB2B23093DC47325E1DA9F; covered by the pinned full-file census and the report's exhaustive semantic traversal."
"tests/test_workflows.py","executable_source","analyzed","C:\Users\littl\Documents\Codex\2026-08-02\research-c-users-littl-agents-skills\outputs\01-github-spec-kit.md","SHA-256 15EC51D182F47B30B426D1A3BCBC692B033625A060F38598822C64F5B8B483B4; covered by the pinned full-file census and the report's exhaustive semantic traversal."
"tests/unit/test_bundle_download_url.py","executable_source","analyzed","C:\Users\littl\Documents\Codex\2026-08-02\research-c-users-littl-agents-skills\outputs\01-github-spec-kit.md","SHA-256 E18172BFE833624DEFB31065135B87EFC44E5E99512B706077E61FEC76E14D26; covered by the pinned full-file census and the report's exhaustive semantic traversal."
"tests/unit/test_bundler_adapters.py","executable_source","analyzed","C:\Users\littl\Documents\Codex\2026-08-02\research-c-users-littl-agents-skills\outputs\01-github-spec-kit.md","SHA-256 AB6D2604D3093D46C1395EEB781F0755C9C5B4F76F0F093D395020998F29A1E8; covered by the pinned full-file census and the report's exhaustive semantic traversal."
"tests/unit/test_bundler_catalog_config.py","executable_source","analyzed","C:\Users\littl\Documents\Codex\2026-08-02\research-c-users-littl-agents-skills\outputs\01-github-spec-kit.md","SHA-256 801711A4F9D22C30E8380712297FF278546A7B2D5E5AC666DC90D1330A80CB91; covered by the pinned full-file census and the report's exhaustive semantic traversal."
"tests/unit/test_bundler_conflict.py","executable_source","analyzed","C:\Users\littl\Documents\Codex\2026-08-02\research-c-users-littl-agents-skills\outputs\01-github-spec-kit.md","SHA-256 729420F29FD0346F5CD3C45E490C3255CA32D1C6E9259F0955FA407BBF3D7201; covered by the pinned full-file census and the report's exhaustive semantic traversal."
"tests/unit/test_bundler_packager.py","executable_source","analyzed","C:\Users\littl\Documents\Codex\2026-08-02\research-c-users-littl-agents-skills\outputs\01-github-spec-kit.md","SHA-256 9881B7D6FD9821BD51A7487AC60CDFEB7B0CA495320F44B6E166DA2DFE668159; covered by the pinned full-file census and the report's exhaustive semantic traversal."
"tests/unit/test_bundler_primitives.py","executable_source","analyzed","C:\Users\littl\Documents\Codex\2026-08-02\research-c-users-littl-agents-skills\outputs\01-github-spec-kit.md","SHA-256 75D92441C5756259AC9C61D652EE520FEAC2CCA573CBFB13C765DCE14DCF5E25; covered by the pinned full-file census and the report's exhaustive semantic traversal."
"tests/unit/test_bundler_records.py","executable_source","analyzed","C:\Users\littl\Documents\Codex\2026-08-02\research-c-users-littl-agents-skills\outputs\01-github-spec-kit.md","SHA-256 E07D4B651D09147D16FD0A459EC82E04CD7E61E1317E257FF3557593E6B07CC6; covered by the pinned full-file census and the report's exhaustive semantic traversal."
"tests/unit/test_bundler_references.py","executable_source","analyzed","C:\Users\littl\Documents\Codex\2026-08-02\research-c-users-littl-agents-skills\outputs\01-github-spec-kit.md","SHA-256 F3B2C5AFC52EA262AD7CAB83C3BC03115C87ACBD18B2F4D0ACA5815FA23FB094; covered by the pinned full-file census and the report's exhaustive semantic traversal."
"tests/unit/test_bundler_resolver.py","executable_source","analyzed","C:\Users\littl\Documents\Codex\2026-08-02\research-c-users-littl-agents-skills\outputs\01-github-spec-kit.md","SHA-256 5420A13E16FFFC5547B64F0E3FBBF1BEBE48062474C4FDCB74F984B3201D3DD2; covered by the pinned full-file census and the report's exhaustive semantic traversal."
"tests/unit/test_bundler_validator.py","executable_source","analyzed","C:\Users\littl\Documents\Codex\2026-08-02\research-c-users-littl-agents-skills\outputs\01-github-spec-kit.md","SHA-256 836BCF003C4C2DD6BAA8AC3F78763BB3D5916FADAB9D8AD94FDEC08B1DB2A907; covered by the pinned full-file census and the report's exhaustive semantic traversal."
"tests/unit/test_bundler_versioning.py","executable_source","analyzed","C:\Users\littl\Documents\Codex\2026-08-02\research-c-users-littl-agents-skills\outputs\01-github-spec-kit.md","SHA-256 3AD8A737F18BD7BEB6FB8528458FA03F9A49B26D4A44416B2FDA11D48F86EE73; covered by the pinned full-file census and the report's exhaustive semantic traversal."
"tests/unit/test_bundler_yamlio.py","executable_source","analyzed","C:\Users\littl\Documents\Codex\2026-08-02\research-c-users-littl-agents-skills\outputs\01-github-spec-kit.md","SHA-256 BC15156BCF82704F26C06ABCBE4D51666A858CEAEC81CF0BF7CD3969DE82C367; covered by the pinned full-file census and the report's exhaustive semantic traversal."
"tests/workflows/conftest.py","orchestration_asset","analyzed","C:\Users\littl\Documents\Codex\2026-08-02\research-c-users-littl-agents-skills\outputs\01-github-spec-kit.md","SHA-256 514BFE0D92D72F46DB8EED8AFA02D19A3D1D81A82FDC4877A4C47975BDAE0EF6; covered by the pinned full-file census and the report's exhaustive semantic traversal."
"tests/workflows/test_overlay_commands.py","orchestration_asset","analyzed","C:\Users\littl\Documents\Codex\2026-08-02\research-c-users-littl-agents-skills\outputs\01-github-spec-kit.md","SHA-256 AC14C9CF67CE3B2B2B8145D69BA96B3075AA1DB6A9D2A672A1ACF557AD914A85; covered by the pinned full-file census and the report's exhaustive semantic traversal."
"tests/workflows/test_overlay_composer.py","orchestration_asset","analyzed","C:\Users\littl\Documents\Codex\2026-08-02\research-c-users-littl-agents-skills\outputs\01-github-spec-kit.md","SHA-256 07C72BFC6736ACA78727B72334039BA6E1444CA43BD351463787B9F103C521DF; covered by the pinned full-file census and the report's exhaustive semantic traversal."
"tests/workflows/test_overlay_layer_sources.py","orchestration_asset","analyzed","C:\Users\littl\Documents\Codex\2026-08-02\research-c-users-littl-agents-skills\outputs\01-github-spec-kit.md","SHA-256 A9AEC238DC471B0D63E618C82EF9664054B18C56547E27467EF61062238B8288; covered by the pinned full-file census and the report's exhaustive semantic traversal."
"tests/workflows/test_overlay_merge.py","orchestration_asset","analyzed","C:\Users\littl\Documents\Codex\2026-08-02\research-c-users-littl-agents-skills\outputs\01-github-spec-kit.md","SHA-256 F55A99F84E90B7C8D7760FDE0EE8D5368A3704A942EF1DD9A870E1C78310EC1E; covered by the pinned full-file census and the report's exhaustive semantic traversal."
"tests/workflows/test_overlay_schema.py","orchestration_asset","analyzed","C:\Users\littl\Documents\Codex\2026-08-02\research-c-users-littl-agents-skills\outputs\01-github-spec-kit.md","SHA-256 5D6EF4A7B79A48C5B033FDD7BD3BFCB3EA365AF109982DC5CEE6FE1B33C575DB; covered by the pinned full-file census and the report's exhaustive semantic traversal."
"tests/workflows/test_overlay_security.py","orchestration_asset","analyzed","C:\Users\littl\Documents\Codex\2026-08-02\research-c-users-littl-agents-skills\outputs\01-github-spec-kit.md","SHA-256 A86A89DF6BB00E4E9238ED08C109CB021E4472DA7ED8E14EB02D01240729D101; covered by the pinned full-file census and the report's exhaustive semantic traversal."
"tests/workflows/test_resolver_integration.py","orchestration_asset","analyzed","C:\Users\littl\Documents\Codex\2026-08-02\research-c-users-littl-agents-skills\outputs\01-github-spec-kit.md","SHA-256 EE174BF6C0BC1C9C03D3C092E05E6E54AF08EB1A6C40341E827FED89868160D5; covered by the pinned full-file census and the report's exhaustive semantic traversal."
"workflows/ARCHITECTURE.md","orchestration_asset","analyzed","C:\Users\littl\Documents\Codex\2026-08-02\research-c-users-littl-agents-skills\outputs\01-github-spec-kit.md","SHA-256 1A9391D1C42AA8EBC00DEC868DEBA7FB68A526DE88A6AF23DBD8E52ADA9D74C8; covered by the pinned full-file census and the report's exhaustive semantic traversal."
"workflows/catalog.community.json","orchestration_asset","analyzed","C:\Users\littl\Documents\Codex\2026-08-02\research-c-users-littl-agents-skills\outputs\01-github-spec-kit.md","SHA-256 53B7F0045A37A8AC5FCEA5134D731DB4566494BCF2D5A0F128B47F5C0D792249; covered by the pinned full-file census and the report's exhaustive semantic traversal."
"workflows/catalog.json","orchestration_asset","analyzed","C:\Users\littl\Documents\Codex\2026-08-02\research-c-users-littl-agents-skills\outputs\01-github-spec-kit.md","SHA-256 482BD98E6A614A989C55A72E957AC0D7E78325F42F7754E3445412387AF76CF6; covered by the pinned full-file census and the report's exhaustive semantic traversal."
"workflows/PUBLISHING.md","orchestration_asset","analyzed","C:\Users\littl\Documents\Codex\2026-08-02\research-c-users-littl-agents-skills\outputs\01-github-spec-kit.md","SHA-256 061FB0CDFEBF836B5B669235C904D5DBD4B122F97C3409217AFDF988843B8616; covered by the pinned full-file census and the report's exhaustive semantic traversal."
"workflows/README.md","orchestration_asset","analyzed","C:\Users\littl\Documents\Codex\2026-08-02\research-c-users-littl-agents-skills\outputs\01-github-spec-kit.md","SHA-256 1E97F4DBF4D1C35B82D2F15AC5F2BCD271313B8EB1B984C9A92B8637BA732B3C; covered by the pinned full-file census and the report's exhaustive semantic traversal."
"workflows/speckit/workflow.yml","orchestration_asset","analyzed","C:\Users\littl\Documents\Codex\2026-08-02\research-c-users-littl-agents-skills\outputs\01-github-spec-kit.md","SHA-256 B9A2A3C3D1E5F022D0369BE7C83802A656C64E2D95306A7870A1F59B90C0E307; covered by the pinned full-file census and the report's exhaustive semantic traversal."
"workflows/step-catalog.community.json","orchestration_asset","analyzed","C:\Users\littl\Documents\Codex\2026-08-02\research-c-users-littl-agents-skills\outputs\01-github-spec-kit.md","SHA-256 417092FEDA9980253776A20BEA49774CBE7F89024CE2BBCE83AE637FBF034FF3; covered by the pinned full-file census and the report's exhaustive semantic traversal."
"workflows/step-catalog.json","orchestration_asset","analyzed","C:\Users\littl\Documents\Codex\2026-08-02\research-c-users-littl-agents-skills\outputs\01-github-spec-kit.md","SHA-256 74D11FA9B538B00D76C10B284F81DE9595A1F451BDE76CD19F67C64A45FB95CD; covered by the pinned full-file census and the report's exhaustive semantic traversal."
