"SourcePath","SourceLine","ReferenceType","RawTarget","NormalizedTarget","Resolution","TerminalClass","Notes"
".agents/skills/release-openspec/SKILL.md","150","markdown-link","references/release-notes.md",".agents/skills/release-openspec/references/release-notes.md","resolved","tracked-file","resolved to pinned tracked file"
".changeset/README.md","3","markdown-link","https://github.com/changesets/changesets","https://github.com/changesets/changesets","classified","external-dependency","external endpoint inventoried but not fetched"
".devcontainer/README.md","23","markdown-link","https://code.visualstudio.com/","https://code.visualstudio.com/","classified","external-dependency","external endpoint inventoried but not fetched"
".devcontainer/README.md","24","markdown-link","https://www.docker.com/products/docker-desktop","https://www.docker.com/products/docker-desktop","classified","external-dependency","external endpoint inventoried but not fetched"
".devcontainer/README.md","25","markdown-link","https://marketplace.visualstudio.com/items?itemName=ms-vscode-remote.remote-containers","https://marketplace.visualstudio.com/items?itemName=ms-vscode-remote.remote-containers","classified","external-dependency","external endpoint inventoried but not fetched"
".github/workflows/ci.yml","28","github-action","actions/checkout@3d3c42e5aac5ba805825da76410c181273ba90b1","actions/checkout@3d3c42e5aac5ba805825da76410c181273ba90b1","classified","external-action-pinned","action dependency pinned by commit SHA"
".github/workflows/ci.yml","33","github-action","dorny/paths-filter@7b450fff21473bca461d4b92ce414b9d0420d706","dorny/paths-filter@7b450fff21473bca461d4b92ce414b9d0420d706","classified","external-action-pinned","action dependency pinned by commit SHA"
".github/workflows/ci.yml","73","github-action","actions/checkout@3d3c42e5aac5ba805825da76410c181273ba90b1","actions/checkout@3d3c42e5aac5ba805825da76410c181273ba90b1","classified","external-action-pinned","action dependency pinned by commit SHA"
".github/workflows/ci.yml","79","github-action","pnpm/action-setup@0ebf47130e4866e96fce0953f49152a61190b271","pnpm/action-setup@0ebf47130e4866e96fce0953f49152a61190b271","classified","external-action-pinned","action dependency pinned by commit SHA"
".github/workflows/ci.yml","82","github-action","actions/setup-node@820762786026740c76f36085b0efc47a31fe5020","actions/setup-node@820762786026740c76f36085b0efc47a31fe5020","classified","external-action-pinned","action dependency pinned by commit SHA"
".github/workflows/ci.yml","104","github-action","actions/upload-artifact@043fb46d1a93c77aae656e7c1c64a875d1fc6a0a","actions/upload-artifact@043fb46d1a93c77aae656e7c1c64a875d1fc6a0a","classified","external-action-pinned","action dependency pinned by commit SHA"
".github/workflows/ci.yml","129","github-action","actions/checkout@3d3c42e5aac5ba805825da76410c181273ba90b1","actions/checkout@3d3c42e5aac5ba805825da76410c181273ba90b1","classified","external-action-pinned","action dependency pinned by commit SHA"
".github/workflows/ci.yml","134","github-action","pnpm/action-setup@0ebf47130e4866e96fce0953f49152a61190b271","pnpm/action-setup@0ebf47130e4866e96fce0953f49152a61190b271","classified","external-action-pinned","action dependency pinned by commit SHA"
".github/workflows/ci.yml","137","github-action","actions/setup-node@820762786026740c76f36085b0efc47a31fe5020","actions/setup-node@820762786026740c76f36085b0efc47a31fe5020","classified","external-action-pinned","action dependency pinned by commit SHA"
".github/workflows/ci.yml","173","github-action","actions/checkout@3d3c42e5aac5ba805825da76410c181273ba90b1","actions/checkout@3d3c42e5aac5ba805825da76410c181273ba90b1","classified","external-action-pinned","action dependency pinned by commit SHA"
".github/workflows/ci.yml","178","github-action","DeterminateSystems/nix-installer-action@ef8a148080ab6020fd15196c2084a2eea5ff2d25","DeterminateSystems/nix-installer-action@ef8a148080ab6020fd15196c2084a2eea5ff2d25","classified","external-action-pinned","action dependency pinned by commit SHA"
".github/workflows/ci.yml","181","github-action","DeterminateSystems/magic-nix-cache-action@908b263ff629f4cc17666315b7fd3ec127c6244d","DeterminateSystems/magic-nix-cache-action@908b263ff629f4cc17666315b7fd3ec127c6244d","classified","external-action-pinned","action dependency pinned by commit SHA"
".github/workflows/ci.yml","233","github-action","actions/checkout@3d3c42e5aac5ba805825da76410c181273ba90b1","actions/checkout@3d3c42e5aac5ba805825da76410c181273ba90b1","classified","external-action-pinned","action dependency pinned by commit SHA"
".github/workflows/ci.yml","256","github-action","pnpm/action-setup@0ebf47130e4866e96fce0953f49152a61190b271","pnpm/action-setup@0ebf47130e4866e96fce0953f49152a61190b271","classified","external-action-pinned","action dependency pinned by commit SHA"
".github/workflows/ci.yml","260","github-action","actions/setup-node@820762786026740c76f36085b0efc47a31fe5020","actions/setup-node@820762786026740c76f36085b0efc47a31fe5020","classified","external-action-pinned","action dependency pinned by commit SHA"
".github/workflows/README.md","5","markdown-link","https://nektosact.com/","https://nektosact.com/","classified","external-dependency","external endpoint inventoried but not fetched"
".github/workflows/release-prepare.yml","27","github-action","actions/create-github-app-token@bcd2ba49218906704ab6c1aa796996da409d3eb1","actions/create-github-app-token@bcd2ba49218906704ab6c1aa796996da409d3eb1","classified","external-action-pinned","action dependency pinned by commit SHA"
".github/workflows/release-prepare.yml","32","github-action","actions/checkout@3d3c42e5aac5ba805825da76410c181273ba90b1","actions/checkout@3d3c42e5aac5ba805825da76410c181273ba90b1","classified","external-action-pinned","action dependency pinned by commit SHA"
".github/workflows/release-prepare.yml","37","github-action","pnpm/action-setup@0ebf47130e4866e96fce0953f49152a61190b271","pnpm/action-setup@0ebf47130e4866e96fce0953f49152a61190b271","classified","external-action-pinned","action dependency pinned by commit SHA"
".github/workflows/release-prepare.yml","39","github-action","actions/setup-node@820762786026740c76f36085b0efc47a31fe5020","actions/setup-node@820762786026740c76f36085b0efc47a31fe5020","classified","external-action-pinned","action dependency pinned by commit SHA"
".github/workflows/release-prepare.yml","50","github-action","changesets/action@a45c4d594aa4e2c509dc14a9f2b3b67ba3780d0d","changesets/action@a45c4d594aa4e2c509dc14a9f2b3b67ba3780d0d","classified","external-action-pinned","action dependency pinned by commit SHA"
".github/workflows/release-prepare.yml","73","github-action","actions/checkout@3d3c42e5aac5ba805825da76410c181273ba90b1","actions/checkout@3d3c42e5aac5ba805825da76410c181273ba90b1","classified","external-action-pinned","action dependency pinned by commit SHA"
".github/workflows/release-prepare.yml","77","github-action","pnpm/action-setup@0ebf47130e4866e96fce0953f49152a61190b271","pnpm/action-setup@0ebf47130e4866e96fce0953f49152a61190b271","classified","external-action-pinned","action dependency pinned by commit SHA"
".github/workflows/release-prepare.yml","79","github-action","actions/setup-node@820762786026740c76f36085b0efc47a31fe5020","actions/setup-node@820762786026740c76f36085b0efc47a31fe5020","classified","external-action-pinned","action dependency pinned by commit SHA"
".github/workflows/security.yml","32","github-action","actions/checkout@3d3c42e5aac5ba805825da76410c181273ba90b1","actions/checkout@3d3c42e5aac5ba805825da76410c181273ba90b1","classified","external-action-pinned","action dependency pinned by commit SHA"
".github/workflows/security.yml","39","github-action","actions/dependency-review-action@a1d282b36b6f3519aa1f3fc636f609c47dddb294","actions/dependency-review-action@a1d282b36b6f3519aa1f3fc636f609c47dddb294","classified","external-action-pinned","action dependency pinned by commit SHA"
".github/workflows/security.yml","48","github-action","actions/checkout@3d3c42e5aac5ba805825da76410c181273ba90b1","actions/checkout@3d3c42e5aac5ba805825da76410c181273ba90b1","classified","external-action-pinned","action dependency pinned by commit SHA"
".github/workflows/security.yml","53","github-action","pnpm/action-setup@0ebf47130e4866e96fce0953f49152a61190b271","pnpm/action-setup@0ebf47130e4866e96fce0953f49152a61190b271","classified","external-action-pinned","action dependency pinned by commit SHA"
".github/workflows/security.yml","58","github-action","actions/setup-node@820762786026740c76f36085b0efc47a31fe5020","actions/setup-node@820762786026740c76f36085b0efc47a31fe5020","classified","external-action-pinned","action dependency pinned by commit SHA"
"bin/openspec.js","3","module-import","../dist/cli/index.js","dist/cli/index.js","classified","generated-build-artifact","generated by the pinned TypeScript build and excluded from Git"
"build.js","3","module-import","child_process","child_process","classified","external-package","package or runtime module terminal"
"build.js","4","module-import","fs","fs","classified","external-package","package or runtime module terminal"
"build.js","5","module-import","module","module","classified","external-package","package or runtime module terminal"
"CHANGELOG.md","7","markdown-link","https://github.com/clay-good","https://github.com/clay-good","classified","external-dependency","external endpoint inventoried but not fetched"
"CHANGELOG.md","7","markdown-link","https://github.com/Fission-AI/OpenSpec/commit/17af60c66e4c049e3986fdbafcdc16b202cda59f","https://github.com/Fission-AI/OpenSpec/commit/17af60c66e4c049e3986fdbafcdc16b202cda59f","classified","external-dependency","external endpoint inventoried but not fetched"
"CHANGELOG.md","7","markdown-link","https://github.com/Fission-AI/OpenSpec/pull/1475","https://github.com/Fission-AI/OpenSpec/pull/1475","classified","external-dependency","external endpoint inventoried but not fetched"
"CHANGELOG.md","9","markdown-link","https://github.com/clay-good","https://github.com/clay-good","classified","external-dependency","external endpoint inventoried but not fetched"
"CHANGELOG.md","9","markdown-link","https://github.com/Fission-AI/OpenSpec/commit/17af60c66e4c049e3986fdbafcdc16b202cda59f","https://github.com/Fission-AI/OpenSpec/commit/17af60c66e4c049e3986fdbafcdc16b202cda59f","classified","external-dependency","external endpoint inventoried but not fetched"
"CHANGELOG.md","9","markdown-link","https://github.com/Fission-AI/OpenSpec/pull/1475","https://github.com/Fission-AI/OpenSpec/pull/1475","classified","external-dependency","external endpoint inventoried but not fetched"
"CHANGELOG.md","11","markdown-link","https://github.com/clay-good","https://github.com/clay-good","classified","external-dependency","external endpoint inventoried but not fetched"
"CHANGELOG.md","11","markdown-link","https://github.com/Fission-AI/OpenSpec/commit/17af60c66e4c049e3986fdbafcdc16b202cda59f","https://github.com/Fission-AI/OpenSpec/commit/17af60c66e4c049e3986fdbafcdc16b202cda59f","classified","external-dependency","external endpoint inventoried but not fetched"
"CHANGELOG.md","11","markdown-link","https://github.com/Fission-AI/OpenSpec/pull/1475","https://github.com/Fission-AI/OpenSpec/pull/1475","classified","external-dependency","external endpoint inventoried but not fetched"
"CHANGELOG.md","13","markdown-link","https://github.com/clay-good","https://github.com/clay-good","classified","external-dependency","external endpoint inventoried but not fetched"
"CHANGELOG.md","13","markdown-link","https://github.com/Fission-AI/OpenSpec/commit/17af60c66e4c049e3986fdbafcdc16b202cda59f","https://github.com/Fission-AI/OpenSpec/commit/17af60c66e4c049e3986fdbafcdc16b202cda59f","classified","external-dependency","external endpoint inventoried but not fetched"
"CHANGELOG.md","13","markdown-link","https://github.com/Fission-AI/OpenSpec/pull/1475","https://github.com/Fission-AI/OpenSpec/pull/1475","classified","external-dependency","external endpoint inventoried but not fetched"
"CHANGELOG.md","15","markdown-link","https://github.com/Fission-AI/OpenSpec/commit/eac2973819037727b10214f70db2f54d82f2d891","https://github.com/Fission-AI/OpenSpec/commit/eac2973819037727b10214f70db2f54d82f2d891","classified","external-dependency","external endpoint inventoried but not fetched"
"CHANGELOG.md","15","markdown-link","https://github.com/Fission-AI/OpenSpec/pull/1062","https://github.com/Fission-AI/OpenSpec/pull/1062","classified","external-dependency","external endpoint inventoried but not fetched"
"CHANGELOG.md","15","markdown-link","https://github.com/showms","https://github.com/showms","classified","external-dependency","external endpoint inventoried but not fetched"
"CHANGELOG.md","19","markdown-link","https://github.com/clay-good","https://github.com/clay-good","classified","external-dependency","external endpoint inventoried but not fetched"
"CHANGELOG.md","19","markdown-link","https://github.com/Fission-AI/OpenSpec/commit/17af60c66e4c049e3986fdbafcdc16b202cda59f","https://github.com/Fission-AI/OpenSpec/commit/17af60c66e4c049e3986fdbafcdc16b202cda59f","classified","external-dependency","external endpoint inventoried but not fetched"
"CHANGELOG.md","19","markdown-link","https://github.com/Fission-AI/OpenSpec/pull/1475","https://github.com/Fission-AI/OpenSpec/pull/1475","classified","external-dependency","external endpoint inventoried but not fetched"
"CHANGELOG.md","21","markdown-link","https://github.com/clay-good","https://github.com/clay-good","classified","external-dependency","external endpoint inventoried but not fetched"
"CHANGELOG.md","21","markdown-link","https://github.com/Fission-AI/OpenSpec/commit/27b22ab4cbf530fa00e17f0f6b75a44d56777542","https://github.com/Fission-AI/OpenSpec/commit/27b22ab4cbf530fa00e17f0f6b75a44d56777542","classified","external-dependency","external endpoint inventoried but not fetched"
"CHANGELOG.md","21","markdown-link","https://github.com/Fission-AI/OpenSpec/pull/1399","https://github.com/Fission-AI/OpenSpec/pull/1399","classified","external-dependency","external endpoint inventoried but not fetched"
"CHANGELOG.md","23","markdown-link","https://github.com/clay-good","https://github.com/clay-good","classified","external-dependency","external endpoint inventoried but not fetched"
"CHANGELOG.md","23","markdown-link","https://github.com/Fission-AI/OpenSpec/commit/17af60c66e4c049e3986fdbafcdc16b202cda59f","https://github.com/Fission-AI/OpenSpec/commit/17af60c66e4c049e3986fdbafcdc16b202cda59f","classified","external-dependency","external endpoint inventoried but not fetched"
"CHANGELOG.md","23","markdown-link","https://github.com/Fission-AI/OpenSpec/pull/1475","https://github.com/Fission-AI/OpenSpec/pull/1475","classified","external-dependency","external endpoint inventoried but not fetched"
"CHANGELOG.md","25","markdown-link","https://github.com/clay-good","https://github.com/clay-good","classified","external-dependency","external endpoint inventoried but not fetched"
"CHANGELOG.md","25","markdown-link","https://github.com/Fission-AI/OpenSpec/commit/6295515d4da4f7c76eaed00b7f1926771eae92de","https://github.com/Fission-AI/OpenSpec/commit/6295515d4da4f7c76eaed00b7f1926771eae92de","classified","external-dependency","external endpoint inventoried but not fetched"
"CHANGELOG.md","25","markdown-link","https://github.com/Fission-AI/OpenSpec/pull/1470","https://github.com/Fission-AI/OpenSpec/pull/1470","classified","external-dependency","external endpoint inventoried but not fetched"
"CHANGELOG.md","35","markdown-link","https://github.com/Fission-AI/OpenSpec/blob/main/docs/cli.md#openspec-update","https://github.com/Fission-AI/OpenSpec/blob/main/docs/cli.md#openspec-update","classified","external-dependency","external endpoint inventoried but not fetched"
"CHANGELOG.md","39","markdown-link","https://github.com/clay-good","https://github.com/clay-good","classified","external-dependency","external endpoint inventoried but not fetched"
"CHANGELOG.md","39","markdown-link","https://github.com/Fission-AI/OpenSpec/commit/a84ae70e8c6ef6ffaab56599d6f91fa39873e63d","https://github.com/Fission-AI/OpenSpec/commit/a84ae70e8c6ef6ffaab56599d6f91fa39873e63d","classified","external-dependency","external endpoint inventoried but not fetched"
"CHANGELOG.md","39","markdown-link","https://github.com/Fission-AI/OpenSpec/pull/1404","https://github.com/Fission-AI/OpenSpec/pull/1404","classified","external-dependency","external endpoint inventoried but not fetched"
"CHANGELOG.md","41","markdown-link","https://github.com/clay-good","https://github.com/clay-good","classified","external-dependency","external endpoint inventoried but not fetched"
"CHANGELOG.md","41","markdown-link","https://github.com/Fission-AI/OpenSpec/commit/5199f41a5d523b9212dd2854ec5e505d2f80e2e7","https://github.com/Fission-AI/OpenSpec/commit/5199f41a5d523b9212dd2854ec5e505d2f80e2e7","classified","external-dependency","external endpoint inventoried but not fetched"
"CHANGELOG.md","41","markdown-link","https://github.com/Fission-AI/OpenSpec/pull/1363","https://github.com/Fission-AI/OpenSpec/pull/1363","classified","external-dependency","external endpoint inventoried but not fetched"
"CHANGELOG.md","45","markdown-link","https://github.com/clay-good","https://github.com/clay-good","classified","external-dependency","external endpoint inventoried but not fetched"
"CHANGELOG.md","45","markdown-link","https://github.com/Fission-AI/OpenSpec/commit/6a5171e18630db4ed8e78c9edfaae4be532e2af6","https://github.com/Fission-AI/OpenSpec/commit/6a5171e18630db4ed8e78c9edfaae4be532e2af6","classified","external-dependency","external endpoint inventoried but not fetched"
"CHANGELOG.md","45","markdown-link","https://github.com/Fission-AI/OpenSpec/pull/1435","https://github.com/Fission-AI/OpenSpec/pull/1435","classified","external-dependency","external endpoint inventoried but not fetched"
"CHANGELOG.md","47","markdown-link","https://github.com/clay-good","https://github.com/clay-good","classified","external-dependency","external endpoint inventoried but not fetched"
"CHANGELOG.md","47","markdown-link","https://github.com/Fission-AI/OpenSpec/commit/040a86931f5398167137a483b2e8081aec13016e","https://github.com/Fission-AI/OpenSpec/commit/040a86931f5398167137a483b2e8081aec13016e","classified","external-dependency","external endpoint inventoried but not fetched"
"CHANGELOG.md","47","markdown-link","https://github.com/Fission-AI/OpenSpec/pull/1425","https://github.com/Fission-AI/OpenSpec/pull/1425","classified","external-dependency","external endpoint inventoried but not fetched"
"CHANGELOG.md","51","markdown-link","https://github.com/clay-good","https://github.com/clay-good","classified","external-dependency","external endpoint inventoried but not fetched"
"CHANGELOG.md","51","markdown-link","https://github.com/Fission-AI/OpenSpec/commit/6a4f0d7f3384486132cb9c516b635c23cadc1fa2","https://github.com/Fission-AI/OpenSpec/commit/6a4f0d7f3384486132cb9c516b635c23cadc1fa2","classified","external-dependency","external endpoint inventoried but not fetched"
"CHANGELOG.md","51","markdown-link","https://github.com/Fission-AI/OpenSpec/pull/1431","https://github.com/Fission-AI/OpenSpec/pull/1431","classified","external-dependency","external endpoint inventoried but not fetched"
"CHANGELOG.md","61","markdown-link","https://github.com/clay-good","https://github.com/clay-good","classified","external-dependency","external endpoint inventoried but not fetched"
"CHANGELOG.md","61","markdown-link","https://github.com/Fission-AI/OpenSpec/commit/19d41714c8b790488732687443713e406ef5aeef","https://github.com/Fission-AI/OpenSpec/commit/19d41714c8b790488732687443713e406ef5aeef","classified","external-dependency","external endpoint inventoried but not fetched"
"CHANGELOG.md","61","markdown-link","https://github.com/Fission-AI/OpenSpec/pull/1437","https://github.com/Fission-AI/OpenSpec/pull/1437","classified","external-dependency","external endpoint inventoried but not fetched"
"CHANGELOG.md","63","markdown-link","https://github.com/clay-good","https://github.com/clay-good","classified","external-dependency","external endpoint inventoried but not fetched"
"CHANGELOG.md","63","markdown-link","https://github.com/Fission-AI/OpenSpec/commit/c439a4ee48ef02dcdae6ac8101b7d12924695e7e","https://github.com/Fission-AI/OpenSpec/commit/c439a4ee48ef02dcdae6ac8101b7d12924695e7e","classified","external-dependency","external endpoint inventoried but not fetched"
"CHANGELOG.md","63","markdown-link","https://github.com/Fission-AI/OpenSpec/pull/1411","https://github.com/Fission-AI/OpenSpec/pull/1411","classified","external-dependency","external endpoint inventoried but not fetched"
"CHANGELOG.md","69","markdown-link","https://github.com/clay-good","https://github.com/clay-good","classified","external-dependency","external endpoint inventoried but not fetched"
"CHANGELOG.md","69","markdown-link","https://github.com/Fission-AI/OpenSpec/commit/b474f81cb4bebbeff0e447fd78c34a613ebd02fa","https://github.com/Fission-AI/OpenSpec/commit/b474f81cb4bebbeff0e447fd78c34a613ebd02fa","classified","external-dependency","external endpoint inventoried but not fetched"
"CHANGELOG.md","69","markdown-link","https://github.com/Fission-AI/OpenSpec/pull/1394","https://github.com/Fission-AI/OpenSpec/pull/1394","classified","external-dependency","external endpoint inventoried but not fetched"
"CHANGELOG.md","73","markdown-link","https://github.com/clay-good","https://github.com/clay-good","classified","external-dependency","external endpoint inventoried but not fetched"
"CHANGELOG.md","73","markdown-link","https://github.com/Fission-AI/OpenSpec/commit/17af60c66e4c049e3986fdbafcdc16b202cda59f","https://github.com/Fission-AI/OpenSpec/commit/17af60c66e4c049e3986fdbafcdc16b202cda59f","classified","external-dependency","external endpoint inventoried but not fetched"
"CHANGELOG.md","73","markdown-link","https://github.com/Fission-AI/OpenSpec/pull/1475","https://github.com/Fission-AI/OpenSpec/pull/1475","classified","external-dependency","external endpoint inventoried but not fetched"
"CHANGELOG.md","75","markdown-link","https://github.com/clay-good","https://github.com/clay-good","classified","external-dependency","external endpoint inventoried but not fetched"
"CHANGELOG.md","75","markdown-link","https://github.com/Fission-AI/OpenSpec/commit/17af60c66e4c049e3986fdbafcdc16b202cda59f","https://github.com/Fission-AI/OpenSpec/commit/17af60c66e4c049e3986fdbafcdc16b202cda59f","classified","external-dependency","external endpoint inventoried but not fetched"
"CHANGELOG.md","75","markdown-link","https://github.com/Fission-AI/OpenSpec/pull/1475","https://github.com/Fission-AI/OpenSpec/pull/1475","classified","external-dependency","external endpoint inventoried but not fetched"
"CHANGELOG.md","77","markdown-link","https://github.com/clay-good","https://github.com/clay-good","classified","external-dependency","external endpoint inventoried but not fetched"
"CHANGELOG.md","77","markdown-link","https://github.com/Fission-AI/OpenSpec/commit/97d441a8ee2738d3008709e61acfc91925c7ae3a","https://github.com/Fission-AI/OpenSpec/commit/97d441a8ee2738d3008709e61acfc91925c7ae3a","classified","external-dependency","external endpoint inventoried but not fetched"
"CHANGELOG.md","77","markdown-link","https://github.com/Fission-AI/OpenSpec/pull/1398","https://github.com/Fission-AI/OpenSpec/pull/1398","classified","external-dependency","external endpoint inventoried but not fetched"
"CHANGELOG.md","81","markdown-link","https://github.com/clay-good","https://github.com/clay-good","classified","external-dependency","external endpoint inventoried but not fetched"
"CHANGELOG.md","81","markdown-link","https://github.com/Fission-AI/OpenSpec/commit/52a8bce1fd2bc98c51fa35cf0cfa05e799eb4404","https://github.com/Fission-AI/OpenSpec/commit/52a8bce1fd2bc98c51fa35cf0cfa05e799eb4404","classified","external-dependency","external endpoint inventoried but not fetched"
"CHANGELOG.md","81","markdown-link","https://github.com/Fission-AI/OpenSpec/pull/1375","https://github.com/Fission-AI/OpenSpec/pull/1375","classified","external-dependency","external endpoint inventoried but not fetched"
"CHANGELOG.md","83","markdown-link","https://github.com/clay-good","https://github.com/clay-good","classified","external-dependency","external endpoint inventoried but not fetched"
"CHANGELOG.md","83","markdown-link","https://github.com/Fission-AI/OpenSpec/commit/17af60c66e4c049e3986fdbafcdc16b202cda59f","https://github.com/Fission-AI/OpenSpec/commit/17af60c66e4c049e3986fdbafcdc16b202cda59f","classified","external-dependency","external endpoint inventoried but not fetched"
"CHANGELOG.md","83","markdown-link","https://github.com/Fission-AI/OpenSpec/pull/1475","https://github.com/Fission-AI/OpenSpec/pull/1475","classified","external-dependency","external endpoint inventoried but not fetched"
"CHANGELOG.md","85","markdown-link","https://github.com/Fission-AI/OpenSpec/commit/fb196995dad017074415a638824eb546f3321cbc","https://github.com/Fission-AI/OpenSpec/commit/fb196995dad017074415a638824eb546f3321cbc","classified","external-dependency","external endpoint inventoried but not fetched"
"CHANGELOG.md","85","markdown-link","https://github.com/Fission-AI/OpenSpec/pull/1447","https://github.com/Fission-AI/OpenSpec/pull/1447","classified","external-dependency","external endpoint inventoried but not fetched"
"CHANGELOG.md","85","markdown-link","https://github.com/hsusul","https://github.com/hsusul","classified","external-dependency","external endpoint inventoried but not fetched"
"CHANGELOG.md","91","markdown-link","https://github.com/clay-good","https://github.com/clay-good","classified","external-dependency","external endpoint inventoried but not fetched"
"CHANGELOG.md","91","markdown-link","https://github.com/Fission-AI/OpenSpec/commit/9a937cb9b36fb1040bdbde3bab3fa3903944ef10","https://github.com/Fission-AI/OpenSpec/commit/9a937cb9b36fb1040bdbde3bab3fa3903944ef10","classified","external-dependency","external endpoint inventoried but not fetched"
"CHANGELOG.md","91","markdown-link","https://github.com/Fission-AI/OpenSpec/pull/1471","https://github.com/Fission-AI/OpenSpec/pull/1471","classified","external-dependency","external endpoint inventoried but not fetched"
"CHANGELOG.md","93","markdown-link","https://github.com/clay-good","https://github.com/clay-good","classified","external-dependency","external endpoint inventoried but not fetched"
"CHANGELOG.md","93","markdown-link","https://github.com/Fission-AI/OpenSpec/commit/f58b4456925b6331f3e5902a1c57905afe7edbf5","https://github.com/Fission-AI/OpenSpec/commit/f58b4456925b6331f3e5902a1c57905afe7edbf5","classified","external-dependency","external endpoint inventoried but not fetched"
"CHANGELOG.md","93","markdown-link","https://github.com/Fission-AI/OpenSpec/pull/1364","https://github.com/Fission-AI/OpenSpec/pull/1364","classified","external-dependency","external endpoint inventoried but not fetched"
"CHANGELOG.md","98","markdown-link","https://github.com/clay-good","https://github.com/clay-good","classified","external-dependency","external endpoint inventoried but not fetched"
"CHANGELOG.md","98","markdown-link","https://github.com/Fission-AI/OpenSpec/commit/285dfd7d764752b2a1e7e8cc843d613421e62652","https://github.com/Fission-AI/OpenSpec/commit/285dfd7d764752b2a1e7e8cc843d613421e62652","classified","external-dependency","external endpoint inventoried but not fetched"
"CHANGELOG.md","98","markdown-link","https://github.com/Fission-AI/OpenSpec/pull/1377","https://github.com/Fission-AI/OpenSpec/pull/1377","classified","external-dependency","external endpoint inventoried but not fetched"
"CHANGELOG.md","100","markdown-link","https://github.com/Fission-AI/OpenSpec/issues/1322","https://github.com/Fission-AI/OpenSpec/issues/1322","classified","external-dependency","external endpoint inventoried but not fetched"
"CHANGELOG.md","102","markdown-link","https://github.com/clay-good","https://github.com/clay-good","classified","external-dependency","external endpoint inventoried but not fetched"
"CHANGELOG.md","102","markdown-link","https://github.com/Fission-AI/OpenSpec/commit/b33b15d98ae929624c991632c7382ebc234d4ca7","https://github.com/Fission-AI/OpenSpec/commit/b33b15d98ae929624c991632c7382ebc234d4ca7","classified","external-dependency","external endpoint inventoried but not fetched"
"CHANGELOG.md","102","markdown-link","https://github.com/Fission-AI/OpenSpec/issues/1382","https://github.com/Fission-AI/OpenSpec/issues/1382","classified","external-dependency","external endpoint inventoried but not fetched"
"CHANGELOG.md","102","markdown-link","https://github.com/Fission-AI/OpenSpec/pull/1401","https://github.com/Fission-AI/OpenSpec/pull/1401","classified","external-dependency","external endpoint inventoried but not fetched"
"CHANGELOG.md","104","markdown-link","https://github.com/Fission-AI/OpenSpec/commit/1637856c423f2e84457652d1ab58885fe9744fb2","https://github.com/Fission-AI/OpenSpec/commit/1637856c423f2e84457652d1ab58885fe9744fb2","classified","external-dependency","external endpoint inventoried but not fetched"
"CHANGELOG.md","104","markdown-link","https://github.com/Fission-AI/OpenSpec/pull/1167","https://github.com/Fission-AI/OpenSpec/pull/1167","classified","external-dependency","external endpoint inventoried but not fetched"
"CHANGELOG.md","104","markdown-link","https://github.com/mehdishahdoost","https://github.com/mehdishahdoost","classified","external-dependency","external endpoint inventoried but not fetched"
"CHANGELOG.md","110","markdown-link","https://github.com/clay-good","https://github.com/clay-good","classified","external-dependency","external endpoint inventoried but not fetched"
"CHANGELOG.md","110","markdown-link","https://github.com/Fission-AI/OpenSpec/commit/17af60c66e4c049e3986fdbafcdc16b202cda59f","https://github.com/Fission-AI/OpenSpec/commit/17af60c66e4c049e3986fdbafcdc16b202cda59f","classified","external-dependency","external endpoint inventoried but not fetched"
"CHANGELOG.md","110","markdown-link","https://github.com/Fission-AI/OpenSpec/pull/1475","https://github.com/Fission-AI/OpenSpec/pull/1475","classified","external-dependency","external endpoint inventoried but not fetched"
"CHANGELOG.md","112","markdown-link","https://github.com/clay-good","https://github.com/clay-good","classified","external-dependency","external endpoint inventoried but not fetched"
"CHANGELOG.md","112","markdown-link","https://github.com/Fission-AI/OpenSpec/commit/17af60c66e4c049e3986fdbafcdc16b202cda59f","https://github.com/Fission-AI/OpenSpec/commit/17af60c66e4c049e3986fdbafcdc16b202cda59f","classified","external-dependency","external endpoint inventoried but not fetched"
"CHANGELOG.md","112","markdown-link","https://github.com/Fission-AI/OpenSpec/pull/1475","https://github.com/Fission-AI/OpenSpec/pull/1475","classified","external-dependency","external endpoint inventoried but not fetched"
"CHANGELOG.md","114","markdown-link","https://github.com/clay-good","https://github.com/clay-good","classified","external-dependency","external endpoint inventoried but not fetched"
"CHANGELOG.md","114","markdown-link","https://github.com/Fission-AI/OpenSpec/commit/378d468ad348dc1e973ed30c5cfa458fb77c9de3","https://github.com/Fission-AI/OpenSpec/commit/378d468ad348dc1e973ed30c5cfa458fb77c9de3","classified","external-dependency","external endpoint inventoried but not fetched"
"CHANGELOG.md","114","markdown-link","https://github.com/Fission-AI/OpenSpec/pull/1408","https://github.com/Fission-AI/OpenSpec/pull/1408","classified","external-dependency","external endpoint inventoried but not fetched"
"CHANGELOG.md","116","markdown-link","https://github.com/clay-good","https://github.com/clay-good","classified","external-dependency","external endpoint inventoried but not fetched"
"CHANGELOG.md","116","markdown-link","https://github.com/Fission-AI/OpenSpec/commit/17af60c66e4c049e3986fdbafcdc16b202cda59f","https://github.com/Fission-AI/OpenSpec/commit/17af60c66e4c049e3986fdbafcdc16b202cda59f","classified","external-dependency","external endpoint inventoried but not fetched"
"CHANGELOG.md","116","markdown-link","https://github.com/Fission-AI/OpenSpec/pull/1475","https://github.com/Fission-AI/OpenSpec/pull/1475","classified","external-dependency","external endpoint inventoried but not fetched"
"CHANGELOG.md","118","markdown-link","https://github.com/clay-good","https://github.com/clay-good","classified","external-dependency","external endpoint inventoried but not fetched"
"CHANGELOG.md","118","markdown-link","https://github.com/Fission-AI/OpenSpec/commit/60f720c43acd94de7645ac8629c614ede4682b6a","https://github.com/Fission-AI/OpenSpec/commit/60f720c43acd94de7645ac8629c614ede4682b6a","classified","external-dependency","external endpoint inventoried but not fetched"
"CHANGELOG.md","118","markdown-link","https://github.com/Fission-AI/OpenSpec/pull/1396","https://github.com/Fission-AI/OpenSpec/pull/1396","classified","external-dependency","external endpoint inventoried but not fetched"
"CHANGELOG.md","120","markdown-link","https://github.com/Fission-AI/OpenSpec/commit/18cbf5d32ffe1bff4fff692e24568c605cf1e0fa","https://github.com/Fission-AI/OpenSpec/commit/18cbf5d32ffe1bff4fff692e24568c605cf1e0fa","classified","external-dependency","external endpoint inventoried but not fetched"
"CHANGELOG.md","120","markdown-link","https://github.com/Fission-AI/OpenSpec/pull/1151","https://github.com/Fission-AI/OpenSpec/pull/1151","classified","external-dependency","external endpoint inventoried but not fetched"
"CHANGELOG.md","120","markdown-link","https://github.com/javigomez","https://github.com/javigomez","classified","external-dependency","external endpoint inventoried but not fetched"
"CHANGELOG.md","124","markdown-link","https://github.com/clay-good","https://github.com/clay-good","classified","external-dependency","external endpoint inventoried but not fetched"
"CHANGELOG.md","124","markdown-link","https://github.com/Fission-AI/OpenSpec/commit/17af60c66e4c049e3986fdbafcdc16b202cda59f","https://github.com/Fission-AI/OpenSpec/commit/17af60c66e4c049e3986fdbafcdc16b202cda59f","classified","external-dependency","external endpoint inventoried but not fetched"
"CHANGELOG.md","124","markdown-link","https://github.com/Fission-AI/OpenSpec/pull/1475","https://github.com/Fission-AI/OpenSpec/pull/1475","classified","external-dependency","external endpoint inventoried but not fetched"
"CHANGELOG.md","126","markdown-link","https://github.com/Fission-AI/OpenSpec/commit/9b70481df727ab9f7a00dd0118e4e09373a36fb9","https://github.com/Fission-AI/OpenSpec/commit/9b70481df727ab9f7a00dd0118e4e09373a36fb9","classified","external-dependency","external endpoint inventoried but not fetched"
"CHANGELOG.md","126","markdown-link","https://github.com/Fission-AI/OpenSpec/pull/1316","https://github.com/Fission-AI/OpenSpec/pull/1316","classified","external-dependency","external endpoint inventoried but not fetched"
"CHANGELOG.md","126","markdown-link","https://github.com/mc856","https://github.com/mc856","classified","external-dependency","external endpoint inventoried but not fetched"
"CHANGELOG.md","130","markdown-link","https://github.com/clay-good","https://github.com/clay-good","classified","external-dependency","external endpoint inventoried but not fetched"
"CHANGELOG.md","130","markdown-link","https://github.com/Fission-AI/OpenSpec/commit/da3907b8a9170711c8b7f63e18352e8577cf7df5","https://github.com/Fission-AI/OpenSpec/commit/da3907b8a9170711c8b7f63e18352e8577cf7df5","classified","external-dependency","external endpoint inventoried but not fetched"
"CHANGELOG.md","130","markdown-link","https://github.com/Fission-AI/OpenSpec/pull/1374","https://github.com/Fission-AI/OpenSpec/pull/1374","classified","external-dependency","external endpoint inventoried but not fetched"
"CHANGELOG.md","134","markdown-link","https://github.com/Fission-AI/OpenSpec/commit/9b5d2cdd0c1aa4b1b49da4f95c6cec8d7d38b155","https://github.com/Fission-AI/OpenSpec/commit/9b5d2cdd0c1aa4b1b49da4f95c6cec8d7d38b155","classified","external-dependency","external endpoint inventoried but not fetched"
"CHANGELOG.md","134","markdown-link","https://github.com/Fission-AI/OpenSpec/pull/1388","https://github.com/Fission-AI/OpenSpec/pull/1388","classified","external-dependency","external endpoint inventoried but not fetched"
"CHANGELOG.md","134","markdown-link","https://github.com/mc856","https://github.com/mc856","classified","external-dependency","external endpoint inventoried but not fetched"
"CHANGELOG.md","138","markdown-link","https://github.com/clay-good","https://github.com/clay-good","classified","external-dependency","external endpoint inventoried but not fetched"
"CHANGELOG.md","138","markdown-link","https://github.com/Fission-AI/OpenSpec/commit/17af60c66e4c049e3986fdbafcdc16b202cda59f","https://github.com/Fission-AI/OpenSpec/commit/17af60c66e4c049e3986fdbafcdc16b202cda59f","classified","external-dependency","external endpoint inventoried but not fetched"
"CHANGELOG.md","138","markdown-link","https://github.com/Fission-AI/OpenSpec/pull/1475","https://github.com/Fission-AI/OpenSpec/pull/1475","classified","external-dependency","external endpoint inventoried but not fetched"
"CHANGELOG.md","140","markdown-link","https://github.com/clay-good","https://github.com/clay-good","classified","external-dependency","external endpoint inventoried but not fetched"
"CHANGELOG.md","140","markdown-link","https://github.com/Fission-AI/OpenSpec/commit/5bcf05766a70ec0163c3e700a3029b1c1da895d8","https://github.com/Fission-AI/OpenSpec/commit/5bcf05766a70ec0163c3e700a3029b1c1da895d8","classified","external-dependency","external endpoint inventoried but not fetched"
"CHANGELOG.md","140","markdown-link","https://github.com/Fission-AI/OpenSpec/pull/1464","https://github.com/Fission-AI/OpenSpec/pull/1464","classified","external-dependency","external endpoint inventoried but not fetched"
"CHANGELOG.md","142","markdown-link","https://github.com/clay-good","https://github.com/clay-good","classified","external-dependency","external endpoint inventoried but not fetched"
"CHANGELOG.md","142","markdown-link","https://github.com/Fission-AI/OpenSpec/commit/2d6c447100c51fb1e5f65c6f6a35ce02a3196a10","https://github.com/Fission-AI/OpenSpec/commit/2d6c447100c51fb1e5f65c6f6a35ce02a3196a10","classified","external-dependency","external endpoint inventoried but not fetched"
"CHANGELOG.md","142","markdown-link","https://github.com/Fission-AI/OpenSpec/pull/1403","https://github.com/Fission-AI/OpenSpec/pull/1403","classified","external-dependency","external endpoint inventoried but not fetched"
"CHANGELOG.md","146","markdown-link","https://github.com/clay-good","https://github.com/clay-good","classified","external-dependency","external endpoint inventoried but not fetched"
"CHANGELOG.md","146","markdown-link","https://github.com/Fission-AI/OpenSpec/commit/e2f748c64f05efaeac720f83c71fb6f1b6f6e18d","https://github.com/Fission-AI/OpenSpec/commit/e2f748c64f05efaeac720f83c71fb6f1b6f6e18d","classified","external-dependency","external endpoint inventoried but not fetched"
"CHANGELOG.md","146","markdown-link","https://github.com/Fission-AI/OpenSpec/pull/1415","https://github.com/Fission-AI/OpenSpec/pull/1415","classified","external-dependency","external endpoint inventoried but not fetched"
"CHANGELOG.md","152","markdown-link","https://github.com/clay-good","https://github.com/clay-good","classified","external-dependency","external endpoint inventoried but not fetched"
"CHANGELOG.md","152","markdown-link","https://github.com/Fission-AI/OpenSpec/commit/7958924e95654af981437951e967983385da8001","https://github.com/Fission-AI/OpenSpec/commit/7958924e95654af981437951e967983385da8001","classified","external-dependency","external endpoint inventoried but not fetched"
"CHANGELOG.md","152","markdown-link","https://github.com/Fission-AI/OpenSpec/pull/1376","https://github.com/Fission-AI/OpenSpec/pull/1376","classified","external-dependency","external endpoint inventoried but not fetched"
"CHANGELOG.md","154","markdown-link","https://github.com/Fission-AI/OpenSpec/issues/1332","https://github.com/Fission-AI/OpenSpec/issues/1332","classified","external-dependency","external endpoint inventoried but not fetched"
"CHANGELOG.md","156","markdown-link","https://github.com/Fission-AI/OpenSpec/commit/b419e965bbf413cc658bbac37325ebc147b1c869","https://github.com/Fission-AI/OpenSpec/commit/b419e965bbf413cc658bbac37325ebc147b1c869","classified","external-dependency","external endpoint inventoried but not fetched"
"CHANGELOG.md","156","markdown-link","https://github.com/Fission-AI/OpenSpec/pull/1386","https://github.com/Fission-AI/OpenSpec/pull/1386","classified","external-dependency","external endpoint inventoried but not fetched"
"CHANGELOG.md","156","markdown-link","https://github.com/mc856","https://github.com/mc856","classified","external-dependency","external endpoint inventoried but not fetched"
"CHANGELOG.md","160","markdown-link","https://github.com/clay-good","https://github.com/clay-good","classified","external-dependency","external endpoint inventoried but not fetched"
"CHANGELOG.md","160","markdown-link","https://github.com/Fission-AI/OpenSpec/commit/ebf66c7ee1df3f7465d7f480753f952483133a73","https://github.com/Fission-AI/OpenSpec/commit/ebf66c7ee1df3f7465d7f480753f952483133a73","classified","external-dependency","external endpoint inventoried but not fetched"
"CHANGELOG.md","160","markdown-link","https://github.com/Fission-AI/OpenSpec/pull/1462","https://github.com/Fission-AI/OpenSpec/pull/1462","classified","external-dependency","external endpoint inventoried but not fetched"
"CHANGELOG.md","162","markdown-link","https://github.com/clay-good","https://github.com/clay-good","classified","external-dependency","external endpoint inventoried but not fetched"
"CHANGELOG.md","162","markdown-link","https://github.com/Fission-AI/OpenSpec/commit/5dfef4b00c233fbe78f40488bd4ff98f4204684c","https://github.com/Fission-AI/OpenSpec/commit/5dfef4b00c233fbe78f40488bd4ff98f4204684c","classified","external-dependency","external endpoint inventoried but not fetched"
"CHANGELOG.md","162","markdown-link","https://github.com/Fission-AI/OpenSpec/pull/1405","https://github.com/Fission-AI/OpenSpec/pull/1405","classified","external-dependency","external endpoint inventoried but not fetched"
"CHANGELOG.md","164","markdown-link","https://github.com/Fission-AI/OpenSpec/issues/777","https://github.com/Fission-AI/OpenSpec/issues/777","classified","external-dependency","external endpoint inventoried but not fetched"
"CHANGELOG.md","166","markdown-link","https://github.com/clay-good","https://github.com/clay-good","classified","external-dependency","external endpoint inventoried but not fetched"
"CHANGELOG.md","166","markdown-link","https://github.com/Fission-AI/OpenSpec/commit/17af60c66e4c049e3986fdbafcdc16b202cda59f","https://github.com/Fission-AI/OpenSpec/commit/17af60c66e4c049e3986fdbafcdc16b202cda59f","classified","external-dependency","external endpoint inventoried but not fetched"
"CHANGELOG.md","166","markdown-link","https://github.com/Fission-AI/OpenSpec/pull/1475","https://github.com/Fission-AI/OpenSpec/pull/1475","classified","external-dependency","external endpoint inventoried but not fetched"
"CHANGELOG.md","168","markdown-link","https://github.com/clay-good","https://github.com/clay-good","classified","external-dependency","external endpoint inventoried but not fetched"
"CHANGELOG.md","168","markdown-link","https://github.com/Fission-AI/OpenSpec/commit/e2f748c64f05efaeac720f83c71fb6f1b6f6e18d","https://github.com/Fission-AI/OpenSpec/commit/e2f748c64f05efaeac720f83c71fb6f1b6f6e18d","classified","external-dependency","external endpoint inventoried but not fetched"
"CHANGELOG.md","168","markdown-link","https://github.com/Fission-AI/OpenSpec/pull/1415","https://github.com/Fission-AI/OpenSpec/pull/1415","classified","external-dependency","external endpoint inventoried but not fetched"
"CHANGELOG.md","172","markdown-link","https://github.com/clay-good","https://github.com/clay-good","classified","external-dependency","external endpoint inventoried but not fetched"
"CHANGELOG.md","172","markdown-link","https://github.com/Fission-AI/OpenSpec/commit/17af60c66e4c049e3986fdbafcdc16b202cda59f","https://github.com/Fission-AI/OpenSpec/commit/17af60c66e4c049e3986fdbafcdc16b202cda59f","classified","external-dependency","external endpoint inventoried but not fetched"
"CHANGELOG.md","172","markdown-link","https://github.com/Fission-AI/OpenSpec/pull/1475","https://github.com/Fission-AI/OpenSpec/pull/1475","classified","external-dependency","external endpoint inventoried but not fetched"
"CHANGELOG.md","174","markdown-link","https://github.com/clay-good","https://github.com/clay-good","classified","external-dependency","external endpoint inventoried but not fetched"
"CHANGELOG.md","174","markdown-link","https://github.com/Fission-AI/OpenSpec/commit/17af60c66e4c049e3986fdbafcdc16b202cda59f","https://github.com/Fission-AI/OpenSpec/commit/17af60c66e4c049e3986fdbafcdc16b202cda59f","classified","external-dependency","external endpoint inventoried but not fetched"
"CHANGELOG.md","174","markdown-link","https://github.com/Fission-AI/OpenSpec/pull/1475","https://github.com/Fission-AI/OpenSpec/pull/1475","classified","external-dependency","external endpoint inventoried but not fetched"
"CHANGELOG.md","176","markdown-link","https://github.com/Fission-AI/OpenSpec/commit/81d5109b86f16537deb99f84a772a83235dc9e09","https://github.com/Fission-AI/OpenSpec/commit/81d5109b86f16537deb99f84a772a83235dc9e09","classified","external-dependency","external endpoint inventoried but not fetched"
"CHANGELOG.md","176","markdown-link","https://github.com/Fission-AI/OpenSpec/pull/1428","https://github.com/Fission-AI/OpenSpec/pull/1428","classified","external-dependency","external endpoint inventoried but not fetched"
"CHANGELOG.md","176","markdown-link","https://github.com/taltas","https://github.com/taltas","classified","external-dependency","external endpoint inventoried but not fetched"
"CHANGELOG.md","178","markdown-link","https://github.com/clay-good","https://github.com/clay-good","classified","external-dependency","external endpoint inventoried but not fetched"
"CHANGELOG.md","178","markdown-link","https://github.com/Fission-AI/OpenSpec/commit/17af60c66e4c049e3986fdbafcdc16b202cda59f","https://github.com/Fission-AI/OpenSpec/commit/17af60c66e4c049e3986fdbafcdc16b202cda59f","classified","external-dependency","external endpoint inventoried but not fetched"
"CHANGELOG.md","178","markdown-link","https://github.com/Fission-AI/OpenSpec/pull/1475","https://github.com/Fission-AI/OpenSpec/pull/1475","classified","external-dependency","external endpoint inventoried but not fetched"
"CHANGELOG.md","180","markdown-link","https://github.com/clay-good","https://github.com/clay-good","classified","external-dependency","external endpoint inventoried but not fetched"
"CHANGELOG.md","180","markdown-link","https://github.com/Fission-AI/OpenSpec/commit/17af60c66e4c049e3986fdbafcdc16b202cda59f","https://github.com/Fission-AI/OpenSpec/commit/17af60c66e4c049e3986fdbafcdc16b202cda59f","classified","external-dependency","external endpoint inventoried but not fetched"
"CHANGELOG.md","180","markdown-link","https://github.com/Fission-AI/OpenSpec/pull/1475","https://github.com/Fission-AI/OpenSpec/pull/1475","classified","external-dependency","external endpoint inventoried but not fetched"
"CHANGELOG.md","182","markdown-link","https://github.com/clay-good","https://github.com/clay-good","classified","external-dependency","external endpoint inventoried but not fetched"
"CHANGELOG.md","182","markdown-link","https://github.com/Fission-AI/OpenSpec/commit/17af60c66e4c049e3986fdbafcdc16b202cda59f","https://github.com/Fission-AI/OpenSpec/commit/17af60c66e4c049e3986fdbafcdc16b202cda59f","classified","external-dependency","external endpoint inventoried but not fetched"
"CHANGELOG.md","182","markdown-link","https://github.com/Fission-AI/OpenSpec/pull/1475","https://github.com/Fission-AI/OpenSpec/pull/1475","classified","external-dependency","external endpoint inventoried but not fetched"
"CHANGELOG.md","184","markdown-link","https://github.com/clay-good","https://github.com/clay-good","classified","external-dependency","external endpoint inventoried but not fetched"
"CHANGELOG.md","184","markdown-link","https://github.com/Fission-AI/OpenSpec/commit/b3b05e1abeb312caefd57e60be799aeb466c1d0e","https://github.com/Fission-AI/OpenSpec/commit/b3b05e1abeb312caefd57e60be799aeb466c1d0e","classified","external-dependency","external endpoint inventoried but not fetched"
"CHANGELOG.md","184","markdown-link","https://github.com/Fission-AI/OpenSpec/pull/1410","https://github.com/Fission-AI/OpenSpec/pull/1410","classified","external-dependency","external endpoint inventoried but not fetched"
"CHANGELOG.md","186","markdown-link","https://github.com/clay-good","https://github.com/clay-good","classified","external-dependency","external endpoint inventoried but not fetched"
"CHANGELOG.md","186","markdown-link","https://github.com/Fission-AI/OpenSpec/commit/1dc670deea741b8313b8a22fb975741f84677b3f","https://github.com/Fission-AI/OpenSpec/commit/1dc670deea741b8313b8a22fb975741f84677b3f","classified","external-dependency","external endpoint inventoried but not fetched"
"CHANGELOG.md","186","markdown-link","https://github.com/Fission-AI/OpenSpec/pull/1412","https://github.com/Fission-AI/OpenSpec/pull/1412","classified","external-dependency","external endpoint inventoried but not fetched"
"CHANGELOG.md","188","markdown-link","https://github.com/Fission-AI/OpenSpec/issues/1260","https://github.com/Fission-AI/OpenSpec/issues/1260","classified","external-dependency","external endpoint inventoried but not fetched"
"CHANGELOG.md","188","markdown-link","https://github.com/Fission-AI/OpenSpec/issues/788","https://github.com/Fission-AI/OpenSpec/issues/788","classified","external-dependency","external endpoint inventoried but not fetched"
"CHANGELOG.md","194","markdown-link","https://github.com/Fission-AI/OpenSpec/commit/7704702d61fa71e4f553c21a06bdf8e4ee803b4a","https://github.com/Fission-AI/OpenSpec/commit/7704702d61fa71e4f553c21a06bdf8e4ee803b4a","classified","external-dependency","external endpoint inventoried but not fetched"
"CHANGELOG.md","194","markdown-link","https://github.com/Fission-AI/OpenSpec/pull/1191","https://github.com/Fission-AI/OpenSpec/pull/1191","classified","external-dependency","external endpoint inventoried but not fetched"
"CHANGELOG.md","194","markdown-link","https://github.com/mc856","https://github.com/mc856","classified","external-dependency","external endpoint inventoried but not fetched"
"CHANGELOG.md","196","markdown-link","https://github.com/clay-good","https://github.com/clay-good","classified","external-dependency","external endpoint inventoried but not fetched"
"CHANGELOG.md","196","markdown-link","https://github.com/Fission-AI/OpenSpec/commit/17af60c66e4c049e3986fdbafcdc16b202cda59f","https://github.com/Fission-AI/OpenSpec/commit/17af60c66e4c049e3986fdbafcdc16b202cda59f","classified","external-dependency","external endpoint inventoried but not fetched"
"CHANGELOG.md","196","markdown-link","https://github.com/Fission-AI/OpenSpec/pull/1475","https://github.com/Fission-AI/OpenSpec/pull/1475","classified","external-dependency","external endpoint inventoried but not fetched"
"CHANGELOG.md","198","markdown-link","https://github.com/clay-good","https://github.com/clay-good","classified","external-dependency","external endpoint inventoried but not fetched"
"CHANGELOG.md","198","markdown-link","https://github.com/Fission-AI/OpenSpec/commit/de78c31ffd885a0558ae55d332f74d5485dc01c0","https://github.com/Fission-AI/OpenSpec/commit/de78c31ffd885a0558ae55d332f74d5485dc01c0","classified","external-dependency","external endpoint inventoried but not fetched"
"CHANGELOG.md","198","markdown-link","https://github.com/Fission-AI/OpenSpec/pull/1368","https://github.com/Fission-AI/OpenSpec/pull/1368","classified","external-dependency","external endpoint inventoried but not fetched"
"CHANGELOG.md","202","markdown-link","https://github.com/clay-good","https://github.com/clay-good","classified","external-dependency","external endpoint inventoried but not fetched"
"CHANGELOG.md","202","markdown-link","https://github.com/Fission-AI/OpenSpec/commit/17af60c66e4c049e3986fdbafcdc16b202cda59f","https://github.com/Fission-AI/OpenSpec/commit/17af60c66e4c049e3986fdbafcdc16b202cda59f","classified","external-dependency","external endpoint inventoried but not fetched"
"CHANGELOG.md","202","markdown-link","https://github.com/Fission-AI/OpenSpec/pull/1475","https://github.com/Fission-AI/OpenSpec/pull/1475","classified","external-dependency","external endpoint inventoried but not fetched"
"CHANGELOG.md","204","markdown-link","https://github.com/clay-good","https://github.com/clay-good","classified","external-dependency","external endpoint inventoried but not fetched"
"CHANGELOG.md","204","markdown-link","https://github.com/Fission-AI/OpenSpec/commit/a13abeac47d419462b0193dbf9423dd466ffe6c7","https://github.com/Fission-AI/OpenSpec/commit/a13abeac47d419462b0193dbf9423dd466ffe6c7","classified","external-dependency","external endpoint inventoried but not fetched"
"CHANGELOG.md","204","markdown-link","https://github.com/Fission-AI/OpenSpec/pull/1392","https://github.com/Fission-AI/OpenSpec/pull/1392","classified","external-dependency","external endpoint inventoried but not fetched"
"CHANGELOG.md","208","markdown-link","https://github.com/clay-good","https://github.com/clay-good","classified","external-dependency","external endpoint inventoried but not fetched"
"CHANGELOG.md","208","markdown-link","https://github.com/Fission-AI/OpenSpec/commit/f917b8be5e1100189ef62320ba9322763053640e","https://github.com/Fission-AI/OpenSpec/commit/f917b8be5e1100189ef62320ba9322763053640e","classified","external-dependency","external endpoint inventoried but not fetched"
"CHANGELOG.md","208","markdown-link","https://github.com/Fission-AI/OpenSpec/pull/1465","https://github.com/Fission-AI/OpenSpec/pull/1465","classified","external-dependency","external endpoint inventoried but not fetched"
"CHANGELOG.md","214","markdown-link","https://github.com/Fission-AI/OpenSpec/commit/5348da930c4038ffd5b5a521702b71315dcd0019","https://github.com/Fission-AI/OpenSpec/commit/5348da930c4038ffd5b5a521702b71315dcd0019","classified","external-dependency","external endpoint inventoried but not fetched"
"CHANGELOG.md","214","markdown-link","https://github.com/Fission-AI/OpenSpec/pull/1446","https://github.com/Fission-AI/OpenSpec/pull/1446","classified","external-dependency","external endpoint inventoried but not fetched"
"CHANGELOG.md","214","markdown-link","https://github.com/showms","https://github.com/showms","classified","external-dependency","external endpoint inventoried but not fetched"
"CHANGELOG.md","218","markdown-link","https://github.com/clay-good","https://github.com/clay-good","classified","external-dependency","external endpoint inventoried but not fetched"
"CHANGELOG.md","218","markdown-link","https://github.com/Fission-AI/OpenSpec/commit/26f009d940f311b99db7f310816bb166a99fb3ef","https://github.com/Fission-AI/OpenSpec/commit/26f009d940f311b99db7f310816bb166a99fb3ef","classified","external-dependency","external endpoint inventoried but not fetched"
"CHANGELOG.md","218","markdown-link","https://github.com/Fission-AI/OpenSpec/pull/1433","https://github.com/Fission-AI/OpenSpec/pull/1433","classified","external-dependency","external endpoint inventoried but not fetched"
"CHANGELOG.md","222","markdown-link","https://github.com/clay-good","https://github.com/clay-good","classified","external-dependency","external endpoint inventoried but not fetched"
"CHANGELOG.md","222","markdown-link","https://github.com/Fission-AI/OpenSpec/commit/fc886af7f93068482bbf2c66fd1eb76b40c6a22f","https://github.com/Fission-AI/OpenSpec/commit/fc886af7f93068482bbf2c66fd1eb76b40c6a22f","classified","external-dependency","external endpoint inventoried but not fetched"
"CHANGELOG.md","222","markdown-link","https://github.com/Fission-AI/OpenSpec/pull/1468","https://github.com/Fission-AI/OpenSpec/pull/1468","classified","external-dependency","external endpoint inventoried but not fetched"
"CHANGELOG.md","224","markdown-link","https://github.com/Fission-AI/OpenSpec/commit/b7c85c741ca56748a4ae095b573fe4550c5c977f","https://github.com/Fission-AI/OpenSpec/commit/b7c85c741ca56748a4ae095b573fe4550c5c977f","classified","external-dependency","external endpoint inventoried but not fetched"
"CHANGELOG.md","224","markdown-link","https://github.com/Fission-AI/OpenSpec/pull/1194","https://github.com/Fission-AI/OpenSpec/pull/1194","classified","external-dependency","external endpoint inventoried but not fetched"
"CHANGELOG.md","224","markdown-link","https://github.com/mc856","https://github.com/mc856","classified","external-dependency","external endpoint inventoried but not fetched"
"CHANGELOG.md","226","markdown-link","https://github.com/clay-good","https://github.com/clay-good","classified","external-dependency","external endpoint inventoried but not fetched"
"CHANGELOG.md","226","markdown-link","https://github.com/Fission-AI/OpenSpec/commit/17af60c66e4c049e3986fdbafcdc16b202cda59f","https://github.com/Fission-AI/OpenSpec/commit/17af60c66e4c049e3986fdbafcdc16b202cda59f","classified","external-dependency","external endpoint inventoried but not fetched"
"CHANGELOG.md","226","markdown-link","https://github.com/Fission-AI/OpenSpec/pull/1475","https://github.com/Fission-AI/OpenSpec/pull/1475","classified","external-dependency","external endpoint inventoried but not fetched"
"CHANGELOG.md","228","markdown-link","https://github.com/clay-good","https://github.com/clay-good","classified","external-dependency","external endpoint inventoried but not fetched"
"CHANGELOG.md","228","markdown-link","https://github.com/Fission-AI/OpenSpec/commit/17af60c66e4c049e3986fdbafcdc16b202cda59f","https://github.com/Fission-AI/OpenSpec/commit/17af60c66e4c049e3986fdbafcdc16b202cda59f","classified","external-dependency","external endpoint inventoried but not fetched"
"CHANGELOG.md","228","markdown-link","https://github.com/Fission-AI/OpenSpec/pull/1475","https://github.com/Fission-AI/OpenSpec/pull/1475","classified","external-dependency","external endpoint inventoried but not fetched"
"CHANGELOG.md","230","markdown-link","https://github.com/clay-good","https://github.com/clay-good","classified","external-dependency","external endpoint inventoried but not fetched"
"CHANGELOG.md","230","markdown-link","https://github.com/Fission-AI/OpenSpec/commit/17af60c66e4c049e3986fdbafcdc16b202cda59f","https://github.com/Fission-AI/OpenSpec/commit/17af60c66e4c049e3986fdbafcdc16b202cda59f","classified","external-dependency","external endpoint inventoried but not fetched"
"CHANGELOG.md","230","markdown-link","https://github.com/Fission-AI/OpenSpec/pull/1475","https://github.com/Fission-AI/OpenSpec/pull/1475","classified","external-dependency","external endpoint inventoried but not fetched"
"CHANGELOG.md","232","markdown-link","https://github.com/clay-good","https://github.com/clay-good","classified","external-dependency","external endpoint inventoried but not fetched"
"CHANGELOG.md","232","markdown-link","https://github.com/Fission-AI/OpenSpec/commit/0da5f98e147543a44379e32295e2e9798d775d83","https://github.com/Fission-AI/OpenSpec/commit/0da5f98e147543a44379e32295e2e9798d775d83","classified","external-dependency","external endpoint inventoried but not fetched"
"CHANGELOG.md","232","markdown-link","https://github.com/Fission-AI/OpenSpec/issues/1120","https://github.com/Fission-AI/OpenSpec/issues/1120","classified","external-dependency","external endpoint inventoried but not fetched"
"CHANGELOG.md","232","markdown-link","https://github.com/Fission-AI/OpenSpec/pull/1402","https://github.com/Fission-AI/OpenSpec/pull/1402","classified","external-dependency","external endpoint inventoried but not fetched"
"CHANGELOG.md","234","markdown-link","https://github.com/clay-good","https://github.com/clay-good","classified","external-dependency","external endpoint inventoried but not fetched"
"CHANGELOG.md","234","markdown-link","https://github.com/Fission-AI/OpenSpec/commit/87312900f532c6c13ea556d4badaff2efdfa9602","https://github.com/Fission-AI/OpenSpec/commit/87312900f532c6c13ea556d4badaff2efdfa9602","classified","external-dependency","external endpoint inventoried but not fetched"
"CHANGELOG.md","234","markdown-link","https://github.com/Fission-AI/OpenSpec/issues/1390","https://github.com/Fission-AI/OpenSpec/issues/1390","classified","external-dependency","external endpoint inventoried but not fetched"
"CHANGELOG.md","234","markdown-link","https://github.com/Fission-AI/OpenSpec/pull/1476","https://github.com/Fission-AI/OpenSpec/pull/1476","classified","external-dependency","external endpoint inventoried but not fetched"
"CHANGELOG.md","236","markdown-link","https://github.com/clay-good","https://github.com/clay-good","classified","external-dependency","external endpoint inventoried but not fetched"
"CHANGELOG.md","236","markdown-link","https://github.com/Fission-AI/OpenSpec/commit/17af60c66e4c049e3986fdbafcdc16b202cda59f","https://github.com/Fission-AI/OpenSpec/commit/17af60c66e4c049e3986fdbafcdc16b202cda59f","classified","external-dependency","external endpoint inventoried but not fetched"
"CHANGELOG.md","236","markdown-link","https://github.com/Fission-AI/OpenSpec/pull/1475","https://github.com/Fission-AI/OpenSpec/pull/1475","classified","external-dependency","external endpoint inventoried but not fetched"
"CHANGELOG.md","238","markdown-link","https://github.com/clay-good","https://github.com/clay-good","classified","external-dependency","external endpoint inventoried but not fetched"
"CHANGELOG.md","238","markdown-link","https://github.com/Fission-AI/OpenSpec/commit/17af60c66e4c049e3986fdbafcdc16b202cda59f","https://github.com/Fission-AI/OpenSpec/commit/17af60c66e4c049e3986fdbafcdc16b202cda59f","classified","external-dependency","external endpoint inventoried but not fetched"
"CHANGELOG.md","238","markdown-link","https://github.com/Fission-AI/OpenSpec/pull/1475","https://github.com/Fission-AI/OpenSpec/pull/1475","classified","external-dependency","external endpoint inventoried but not fetched"
"CHANGELOG.md","240","markdown-link","https://github.com/Fission-AI/OpenSpec/commit/10fa39b1c3a3e88c02ae7d3053864c03a793ff47","https://github.com/Fission-AI/OpenSpec/commit/10fa39b1c3a3e88c02ae7d3053864c03a793ff47","classified","external-dependency","external endpoint inventoried but not fetched"
"CHANGELOG.md","240","markdown-link","https://github.com/Fission-AI/OpenSpec/pull/1442","https://github.com/Fission-AI/OpenSpec/pull/1442","classified","external-dependency","external endpoint inventoried but not fetched"
"CHANGELOG.md","240","markdown-link","https://github.com/hsusul","https://github.com/hsusul","classified","external-dependency","external endpoint inventoried but not fetched"
"CHANGELOG.md","242","markdown-link","https://github.com/clay-good","https://github.com/clay-good","classified","external-dependency","external endpoint inventoried but not fetched"
"CHANGELOG.md","242","markdown-link","https://github.com/Fission-AI/OpenSpec/commit/17af60c66e4c049e3986fdbafcdc16b202cda59f","https://github.com/Fission-AI/OpenSpec/commit/17af60c66e4c049e3986fdbafcdc16b202cda59f","classified","external-dependency","external endpoint inventoried but not fetched"
"CHANGELOG.md","242","markdown-link","https://github.com/Fission-AI/OpenSpec/pull/1475","https://github.com/Fission-AI/OpenSpec/pull/1475","classified","external-dependency","external endpoint inventoried but not fetched"
"CHANGELOG.md","244","markdown-link","https://github.com/clay-good","https://github.com/clay-good","classified","external-dependency","external endpoint inventoried but not fetched"
"CHANGELOG.md","244","markdown-link","https://github.com/Fission-AI/OpenSpec/commit/17af60c66e4c049e3986fdbafcdc16b202cda59f","https://github.com/Fission-AI/OpenSpec/commit/17af60c66e4c049e3986fdbafcdc16b202cda59f","classified","external-dependency","external endpoint inventoried but not fetched"
"CHANGELOG.md","244","markdown-link","https://github.com/Fission-AI/OpenSpec/pull/1475","https://github.com/Fission-AI/OpenSpec/pull/1475","classified","external-dependency","external endpoint inventoried but not fetched"
"CHANGELOG.md","246","markdown-link","https://github.com/c4patino","https://github.com/c4patino","classified","external-dependency","external endpoint inventoried but not fetched"
"CHANGELOG.md","246","markdown-link","https://github.com/Fission-AI/OpenSpec/commit/6b3623a39e96f49995d38d642738b31f68e92039","https://github.com/Fission-AI/OpenSpec/commit/6b3623a39e96f49995d38d642738b31f68e92039","classified","external-dependency","external endpoint inventoried but not fetched"
"CHANGELOG.md","246","markdown-link","https://github.com/Fission-AI/OpenSpec/pull/1455","https://github.com/Fission-AI/OpenSpec/pull/1455","classified","external-dependency","external endpoint inventoried but not fetched"
"CHANGELOG.md","248","markdown-link","https://github.com/clay-good","https://github.com/clay-good","classified","external-dependency","external endpoint inventoried but not fetched"
"CHANGELOG.md","248","markdown-link","https://github.com/Fission-AI/OpenSpec/commit/17af60c66e4c049e3986fdbafcdc16b202cda59f","https://github.com/Fission-AI/OpenSpec/commit/17af60c66e4c049e3986fdbafcdc16b202cda59f","classified","external-dependency","external endpoint inventoried but not fetched"
"CHANGELOG.md","248","markdown-link","https://github.com/Fission-AI/OpenSpec/pull/1475","https://github.com/Fission-AI/OpenSpec/pull/1475","classified","external-dependency","external endpoint inventoried but not fetched"
"CHANGELOG.md","250","markdown-link","https://github.com/clay-good","https://github.com/clay-good","classified","external-dependency","external endpoint inventoried but not fetched"
"CHANGELOG.md","250","markdown-link","https://github.com/Fission-AI/OpenSpec/commit/17af60c66e4c049e3986fdbafcdc16b202cda59f","https://github.com/Fission-AI/OpenSpec/commit/17af60c66e4c049e3986fdbafcdc16b202cda59f","classified","external-dependency","external endpoint inventoried but not fetched"
"CHANGELOG.md","250","markdown-link","https://github.com/Fission-AI/OpenSpec/pull/1475","https://github.com/Fission-AI/OpenSpec/pull/1475","classified","external-dependency","external endpoint inventoried but not fetched"
"CHANGELOG.md","256","markdown-link","https://github.com/Fission-AI/OpenSpec/commit/3f0ca3f6ce6f2ec41260c5cbe7954b7e46adcf43","https://github.com/Fission-AI/OpenSpec/commit/3f0ca3f6ce6f2ec41260c5cbe7954b7e46adcf43","classified","external-dependency","external endpoint inventoried but not fetched"
"CHANGELOG.md","256","markdown-link","https://github.com/Fission-AI/OpenSpec/pull/1090","https://github.com/Fission-AI/OpenSpec/pull/1090","classified","external-dependency","external endpoint inventoried but not fetched"
"CHANGELOG.md","256","markdown-link","https://github.com/jjxyxsjr","https://github.com/jjxyxsjr","classified","external-dependency","external endpoint inventoried but not fetched"
"CHANGELOG.md","260","markdown-link","https://github.com/Fission-AI/OpenSpec/commit/15527310f9be13cc9a4035ea01b93ba85873d956","https://github.com/Fission-AI/OpenSpec/commit/15527310f9be13cc9a4035ea01b93ba85873d956","classified","external-dependency","external endpoint inventoried but not fetched"
"CHANGELOG.md","260","markdown-link","https://github.com/Fission-AI/OpenSpec/pull/1340","https://github.com/Fission-AI/OpenSpec/pull/1340","classified","external-dependency","external endpoint inventoried but not fetched"
"CHANGELOG.md","260","markdown-link","https://github.com/TabishB","https://github.com/TabishB","classified","external-dependency","external endpoint inventoried but not fetched"
"CHANGELOG.md","272","markdown-link","https://github.com/clay-good","https://github.com/clay-good","classified","external-dependency","external endpoint inventoried but not fetched"
"CHANGELOG.md","272","markdown-link","https://github.com/Fission-AI/OpenSpec/commit/a5bfedafc8b3d914fe01d05eb36ad9ad3fbe35a2","https://github.com/Fission-AI/OpenSpec/commit/a5bfedafc8b3d914fe01d05eb36ad9ad3fbe35a2","classified","external-dependency","external endpoint inventoried but not fetched"
"CHANGELOG.md","272","markdown-link","https://github.com/Fission-AI/OpenSpec/pull/1300","https://github.com/Fission-AI/OpenSpec/pull/1300","classified","external-dependency","external endpoint inventoried but not fetched"
"CHANGELOG.md","276","markdown-link","https://github.com/danilopopeye","https://github.com/danilopopeye","classified","external-dependency","external endpoint inventoried but not fetched"
"CHANGELOG.md","276","markdown-link","https://github.com/Fission-AI/OpenSpec/commit/5956a8e872f41a8f690922b5c9b6927970252b2a","https://github.com/Fission-AI/OpenSpec/commit/5956a8e872f41a8f690922b5c9b6927970252b2a","classified","external-dependency","external endpoint inventoried but not fetched"
"CHANGELOG.md","276","markdown-link","https://github.com/Fission-AI/OpenSpec/pull/1311","https://github.com/Fission-AI/OpenSpec/pull/1311","classified","external-dependency","external endpoint inventoried but not fetched"
"CHANGELOG.md","280","markdown-link","https://github.com/clay-good","https://github.com/clay-good","classified","external-dependency","external endpoint inventoried but not fetched"
"CHANGELOG.md","280","markdown-link","https://github.com/Fission-AI/OpenSpec/commit/a3253051ea1934fd0d76620addb855dfce801742","https://github.com/Fission-AI/OpenSpec/commit/a3253051ea1934fd0d76620addb855dfce801742","classified","external-dependency","external endpoint inventoried but not fetched"
"CHANGELOG.md","280","markdown-link","https://github.com/Fission-AI/OpenSpec/pull/1280","https://github.com/Fission-AI/OpenSpec/pull/1280","classified","external-dependency","external endpoint inventoried but not fetched"
"CHANGELOG.md","286","markdown-link","https://github.com/clay-good","https://github.com/clay-good","classified","external-dependency","external endpoint inventoried but not fetched"
"CHANGELOG.md","286","markdown-link","https://github.com/Fission-AI/OpenSpec/commit/9a0dfb5cd136b423c9f13c0b29ec3ea69761b4e6","https://github.com/Fission-AI/OpenSpec/commit/9a0dfb5cd136b423c9f13c0b29ec3ea69761b4e6","classified","external-dependency","external endpoint inventoried but not fetched"
"CHANGELOG.md","286","markdown-link","https://github.com/Fission-AI/OpenSpec/pull/1281","https://github.com/Fission-AI/OpenSpec/pull/1281","classified","external-dependency","external endpoint inventoried but not fetched"
"CHANGELOG.md","304","markdown-link","https://github.com/Fission-AI/OpenSpec/commit/96f6cacb206c65bee30066f6a1f4e9b855a0d783","https://github.com/Fission-AI/OpenSpec/commit/96f6cacb206c65bee30066f6a1f4e9b855a0d783","classified","external-dependency","external endpoint inventoried but not fetched"
"CHANGELOG.md","304","markdown-link","https://github.com/Fission-AI/OpenSpec/pull/1267","https://github.com/Fission-AI/OpenSpec/pull/1267","classified","external-dependency","external endpoint inventoried but not fetched"
"CHANGELOG.md","304","markdown-link","https://github.com/TabishB","https://github.com/TabishB","classified","external-dependency","external endpoint inventoried but not fetched"
"CHANGELOG.md","314","markdown-link","https://github.com/Fission-AI/OpenSpec/commit/cbf386bd6888f103f8ff7d59b3eab98ce5b57998","https://github.com/Fission-AI/OpenSpec/commit/cbf386bd6888f103f8ff7d59b3eab98ce5b57998","classified","external-dependency","external endpoint inventoried but not fetched"
"CHANGELOG.md","314","markdown-link","https://github.com/Fission-AI/OpenSpec/pull/1240","https://github.com/Fission-AI/OpenSpec/pull/1240","classified","external-dependency","external endpoint inventoried but not fetched"
"CHANGELOG.md","314","markdown-link","https://github.com/zied-jlassi","https://github.com/zied-jlassi","classified","external-dependency","external endpoint inventoried but not fetched"
"CHANGELOG.md","322","markdown-link","https://github.com/Fission-AI/OpenSpec/commit/0a01146c181a3af8dbf645547bcbe20c0d48d615","https://github.com/Fission-AI/OpenSpec/commit/0a01146c181a3af8dbf645547bcbe20c0d48d615","classified","external-dependency","external endpoint inventoried but not fetched"
"CHANGELOG.md","322","markdown-link","https://github.com/Fission-AI/OpenSpec/pull/1165","https://github.com/Fission-AI/OpenSpec/pull/1165","classified","external-dependency","external endpoint inventoried but not fetched"
"CHANGELOG.md","322","markdown-link","https://github.com/TabishB","https://github.com/TabishB","classified","external-dependency","external endpoint inventoried but not fetched"
"CHANGELOG.md","328","markdown-link","https://github.com/Fission-AI/OpenSpec/commit/342ed43e694abba65a3ea275f94ba3b77df85da3","https://github.com/Fission-AI/OpenSpec/commit/342ed43e694abba65a3ea275f94ba3b77df85da3","classified","external-dependency","external endpoint inventoried but not fetched"
"CHANGELOG.md","328","markdown-link","https://github.com/Fission-AI/OpenSpec/pull/1003","https://github.com/Fission-AI/OpenSpec/pull/1003","classified","external-dependency","external endpoint inventoried but not fetched"
"CHANGELOG.md","328","markdown-link","https://github.com/Miss-you","https://github.com/Miss-you","classified","external-dependency","external endpoint inventoried but not fetched"
"CHANGELOG.md","336","markdown-link","https://github.com/Fission-AI/OpenSpec/commit/aa16080d16b70f7b26cebd465334b2e16c0e7a43","https://github.com/Fission-AI/OpenSpec/commit/aa16080d16b70f7b26cebd465334b2e16c0e7a43","classified","external-dependency","external endpoint inventoried but not fetched"
"CHANGELOG.md","336","markdown-link","https://github.com/Fission-AI/OpenSpec/pull/1154","https://github.com/Fission-AI/OpenSpec/pull/1154","classified","external-dependency","external endpoint inventoried but not fetched"
"CHANGELOG.md","336","markdown-link","https://github.com/TabishB","https://github.com/TabishB","classified","external-dependency","external endpoint inventoried but not fetched"
"CHANGELOG.md","349","markdown-link","https://github.com/Fission-AI/OpenSpec/commit/485c97e97d766e35dd16c02370baee2044abc4f4","https://github.com/Fission-AI/OpenSpec/commit/485c97e97d766e35dd16c02370baee2044abc4f4","classified","external-dependency","external endpoint inventoried but not fetched"
"CHANGELOG.md","349","markdown-link","https://github.com/Fission-AI/OpenSpec/pull/1030","https://github.com/Fission-AI/OpenSpec/pull/1030","classified","external-dependency","external endpoint inventoried but not fetched"
"CHANGELOG.md","349","markdown-link","https://github.com/TabishB","https://github.com/TabishB","classified","external-dependency","external endpoint inventoried but not fetched"
"CHANGELOG.md","355","markdown-link","https://github.com/Fission-AI/OpenSpec/commit/7fdb1771585b1688597d73dde5a8bc906084d0de","https://github.com/Fission-AI/OpenSpec/commit/7fdb1771585b1688597d73dde5a8bc906084d0de","classified","external-dependency","external endpoint inventoried but not fetched"
"CHANGELOG.md","355","markdown-link","https://github.com/Fission-AI/OpenSpec/pull/1111","https://github.com/Fission-AI/OpenSpec/pull/1111","classified","external-dependency","external endpoint inventoried but not fetched"
"CHANGELOG.md","355","markdown-link","https://github.com/TabishB","https://github.com/TabishB","classified","external-dependency","external endpoint inventoried but not fetched"
"CHANGELOG.md","363","markdown-link","https://github.com/Fission-AI/OpenSpec/commit/d1f3861d9ec694cc924b042b5da01963dcf93137","https://github.com/Fission-AI/OpenSpec/commit/d1f3861d9ec694cc924b042b5da01963dcf93137","classified","external-dependency","external endpoint inventoried but not fetched"
"CHANGELOG.md","363","markdown-link","https://github.com/Fission-AI/OpenSpec/pull/995","https://github.com/Fission-AI/OpenSpec/pull/995","classified","external-dependency","external endpoint inventoried but not fetched"
"CHANGELOG.md","363","markdown-link","https://github.com/TabishB","https://github.com/TabishB","classified","external-dependency","external endpoint inventoried but not fetched"
"CHANGELOG.md","375","markdown-link","https://github.com/Fission-AI/OpenSpec/commit/cce787ec4083da2b27781f6786f5ce0002909a7b","https://github.com/Fission-AI/OpenSpec/commit/cce787ec4083da2b27781f6786f5ce0002909a7b","classified","external-dependency","external endpoint inventoried but not fetched"
"CHANGELOG.md","375","markdown-link","https://github.com/Fission-AI/OpenSpec/pull/952","https://github.com/Fission-AI/OpenSpec/pull/952","classified","external-dependency","external endpoint inventoried but not fetched"
"CHANGELOG.md","375","markdown-link","https://github.com/TabishB","https://github.com/TabishB","classified","external-dependency","external endpoint inventoried but not fetched"
"CHANGELOG.md","390","markdown-link","https://github.com/Fission-AI/OpenSpec/commit/61eb999f7c6c0fc98d2e7f3678756fce6a3f4378","https://github.com/Fission-AI/OpenSpec/commit/61eb999f7c6c0fc98d2e7f3678756fce6a3f4378","classified","external-dependency","external endpoint inventoried but not fetched"
"CHANGELOG.md","390","markdown-link","https://github.com/Fission-AI/OpenSpec/pull/760","https://github.com/Fission-AI/OpenSpec/pull/760","classified","external-dependency","external endpoint inventoried but not fetched"
"CHANGELOG.md","390","markdown-link","https://github.com/fsilvaortiz","https://github.com/fsilvaortiz","classified","external-dependency","external endpoint inventoried but not fetched"
"CHANGELOG.md","392","markdown-link","https://github.com/Fission-AI/OpenSpec/commit/afdca0d5dab1aa109cfd8848b2512333ccad60c3","https://github.com/Fission-AI/OpenSpec/commit/afdca0d5dab1aa109cfd8848b2512333ccad60c3","classified","external-dependency","external endpoint inventoried but not fetched"
"CHANGELOG.md","392","markdown-link","https://github.com/Fission-AI/OpenSpec/pull/759","https://github.com/Fission-AI/OpenSpec/pull/759","classified","external-dependency","external endpoint inventoried but not fetched"
"CHANGELOG.md","392","markdown-link","https://github.com/fsilvaortiz","https://github.com/fsilvaortiz","classified","external-dependency","external endpoint inventoried but not fetched"
"CHANGELOG.md","398","markdown-link","https://github.com/Fission-AI/OpenSpec/commit/1e94443a3551b228eecbc89e95d96d3b9600a192","https://github.com/Fission-AI/OpenSpec/commit/1e94443a3551b228eecbc89e95d96d3b9600a192","classified","external-dependency","external endpoint inventoried but not fetched"
"CHANGELOG.md","398","markdown-link","https://github.com/Fission-AI/OpenSpec/pull/747","https://github.com/Fission-AI/OpenSpec/pull/747","classified","external-dependency","external endpoint inventoried but not fetched"
"CHANGELOG.md","398","markdown-link","https://github.com/TabishB","https://github.com/TabishB","classified","external-dependency","external endpoint inventoried but not fetched"
"CHANGELOG.md","418","markdown-link","https://github.com/Fission-AI/OpenSpec/commit/afb73cf9ec59c6f8b26d0c538c0218c203ba3c56","https://github.com/Fission-AI/OpenSpec/commit/afb73cf9ec59c6f8b26d0c538c0218c203ba3c56","classified","external-dependency","external endpoint inventoried but not fetched"
"CHANGELOG.md","418","markdown-link","https://github.com/Fission-AI/OpenSpec/pull/627","https://github.com/Fission-AI/OpenSpec/pull/627","classified","external-dependency","external endpoint inventoried but not fetched"
"CHANGELOG.md","418","markdown-link","https://github.com/TabishB","https://github.com/TabishB","classified","external-dependency","external endpoint inventoried but not fetched"
"CHANGELOG.md","426","markdown-link","https://github.com/Fission-AI/OpenSpec/commit/53081fb2a26ec66d2950ae0474b9a56cbc5b5a76","https://github.com/Fission-AI/OpenSpec/commit/53081fb2a26ec66d2950ae0474b9a56cbc5b5a76","classified","external-dependency","external endpoint inventoried but not fetched"
"CHANGELOG.md","426","markdown-link","https://github.com/Fission-AI/OpenSpec/pull/625","https://github.com/Fission-AI/OpenSpec/pull/625","classified","external-dependency","external endpoint inventoried but not fetched"
"CHANGELOG.md","426","markdown-link","https://github.com/TabishB","https://github.com/TabishB","classified","external-dependency","external endpoint inventoried but not fetched"
"CHANGELOG.md","435","markdown-link","https://github.com/Fission-AI/OpenSpec/commit/86d2e04cae76a999dbd1b4571f52fa720036be0c","https://github.com/Fission-AI/OpenSpec/commit/86d2e04cae76a999dbd1b4571f52fa720036be0c","classified","external-dependency","external endpoint inventoried but not fetched"
"CHANGELOG.md","435","markdown-link","https://github.com/Fission-AI/OpenSpec/pull/550","https://github.com/Fission-AI/OpenSpec/pull/550","classified","external-dependency","external endpoint inventoried but not fetched"
"CHANGELOG.md","435","markdown-link","https://github.com/jerome-benoit","https://github.com/jerome-benoit","classified","external-dependency","external endpoint inventoried but not fetched"
"CHANGELOG.md","449","markdown-link","https://github.com/Fission-AI/OpenSpec/commit/e91568deb948073f3e9d9bb2d2ab5bf8080d6cf4","https://github.com/Fission-AI/OpenSpec/commit/e91568deb948073f3e9d9bb2d2ab5bf8080d6cf4","classified","external-dependency","external endpoint inventoried but not fetched"
"CHANGELOG.md","449","markdown-link","https://github.com/Fission-AI/OpenSpec/pull/596","https://github.com/Fission-AI/OpenSpec/pull/596","classified","external-dependency","external endpoint inventoried but not fetched"
"CHANGELOG.md","449","markdown-link","https://github.com/TabishB","https://github.com/TabishB","classified","external-dependency","external endpoint inventoried but not fetched"
"CHANGELOG.md","458","markdown-link","https://github.com/Fission-AI/OpenSpec/commit/943e0d41026d034de66b9442d1276c01b293eb2b","https://github.com/Fission-AI/OpenSpec/commit/943e0d41026d034de66b9442d1276c01b293eb2b","classified","external-dependency","external endpoint inventoried but not fetched"
"CHANGELOG.md","458","markdown-link","https://github.com/Fission-AI/OpenSpec/pull/587","https://github.com/Fission-AI/OpenSpec/pull/587","classified","external-dependency","external endpoint inventoried but not fetched"
"CHANGELOG.md","458","markdown-link","https://github.com/TabishB","https://github.com/TabishB","classified","external-dependency","external endpoint inventoried but not fetched"
"CHANGELOG.md","466","markdown-link","https://github.com/Fission-AI/OpenSpec/commit/0cc9d9025af367faa1688a7b2606a2549053cd3f","https://github.com/Fission-AI/OpenSpec/commit/0cc9d9025af367faa1688a7b2606a2549053cd3f","classified","external-dependency","external endpoint inventoried but not fetched"
"CHANGELOG.md","466","markdown-link","https://github.com/Fission-AI/OpenSpec/pull/578","https://github.com/Fission-AI/OpenSpec/pull/578","classified","external-dependency","external endpoint inventoried but not fetched"
"CHANGELOG.md","466","markdown-link","https://github.com/TabishB","https://github.com/TabishB","classified","external-dependency","external endpoint inventoried but not fetched"
"CHANGELOG.md","552","markdown-link","https://github.com/Fission-AI/OpenSpec/commit/c4cfdc7c499daef30d8a218f5f59b8d9e5adb754","https://github.com/Fission-AI/OpenSpec/commit/c4cfdc7c499daef30d8a218f5f59b8d9e5adb754","classified","external-dependency","external endpoint inventoried but not fetched"
"CHANGELOG.md","552","markdown-link","https://github.com/Fission-AI/OpenSpec/pull/540","https://github.com/Fission-AI/OpenSpec/pull/540","classified","external-dependency","external endpoint inventoried but not fetched"
"CHANGELOG.md","552","markdown-link","https://github.com/TabishB","https://github.com/TabishB","classified","external-dependency","external endpoint inventoried but not fetched"
"CHANGELOG.md","564","markdown-link","https://github.com/Fission-AI/OpenSpec/commit/33466b1e2a6798bdd6d0e19149173585b0612e6f","https://github.com/Fission-AI/OpenSpec/commit/33466b1e2a6798bdd6d0e19149173585b0612e6f","classified","external-dependency","external endpoint inventoried but not fetched"
"CHANGELOG.md","564","markdown-link","https://github.com/Fission-AI/OpenSpec/pull/530","https://github.com/Fission-AI/OpenSpec/pull/530","classified","external-dependency","external endpoint inventoried but not fetched"
"CHANGELOG.md","564","markdown-link","https://github.com/TabishB","https://github.com/TabishB","classified","external-dependency","external endpoint inventoried but not fetched"
"CHANGELOG.md","580","markdown-link","https://github.com/Fission-AI/OpenSpec/commit/b5a884748be6156a7bb140b4941cfec4f20a9fc8","https://github.com/Fission-AI/OpenSpec/commit/b5a884748be6156a7bb140b4941cfec4f20a9fc8","classified","external-dependency","external endpoint inventoried but not fetched"
"CHANGELOG.md","580","markdown-link","https://github.com/Fission-AI/OpenSpec/pull/516","https://github.com/Fission-AI/OpenSpec/pull/516","classified","external-dependency","external endpoint inventoried but not fetched"
"CHANGELOG.md","580","markdown-link","https://github.com/TabishB","https://github.com/TabishB","classified","external-dependency","external endpoint inventoried but not fetched"
"CHANGELOG.md","600","markdown-link","https://github.com/Fission-AI/OpenSpec/commit/9db74aa5ac6547efadaed795217cfa17444f2004","https://github.com/Fission-AI/OpenSpec/commit/9db74aa5ac6547efadaed795217cfa17444f2004","classified","external-dependency","external endpoint inventoried but not fetched"
"CHANGELOG.md","600","markdown-link","https://github.com/Fission-AI/OpenSpec/pull/502","https://github.com/Fission-AI/OpenSpec/pull/502","classified","external-dependency","external endpoint inventoried but not fetched"
"CHANGELOG.md","600","markdown-link","https://github.com/TabishB","https://github.com/TabishB","classified","external-dependency","external endpoint inventoried but not fetched"
"CHANGELOG.md","620","markdown-link","https://continue.dev/","https://continue.dev/","classified","external-dependency","external endpoint inventoried but not fetched"
"docs/cli.md","3","markdown-link","commands.md","docs/commands.md","resolved","tracked-file","resolved to pinned tracked file"
"docs/cli.md","112","markdown-link","supported-tools.md","docs/supported-tools.md","resolved","tracked-file","resolved to pinned tracked file"
"docs/cli.md","221","markdown-link","stores-beta/user-guide.md","docs/stores-beta/user-guide.md","resolved","tracked-file","resolved to pinned tracked file"
"docs/cli.md","391","markdown-link","stores-beta/user-guide.md#worksets-reopen-the-folders-you-work-on-together","docs/stores-beta/user-guide.md","resolved","tracked-file","resolved to pinned tracked file"
"docs/cli.md","536","markdown-link","examples.md#recipe-5-a-refactor-with-no-behavior-change","docs/examples.md","resolved","tracked-file","resolved to pinned tracked file"
"docs/cli.md","1262","markdown-link","commands.md","docs/commands.md","resolved","tracked-file","resolved to pinned tracked file"
"docs/cli.md","1263","markdown-link","workflows.md","docs/workflows.md","resolved","tracked-file","resolved to pinned tracked file"
"docs/cli.md","1264","markdown-link","customization.md","docs/customization.md","resolved","tracked-file","resolved to pinned tracked file"
"docs/cli.md","1265","markdown-link","getting-started.md","docs/getting-started.md","resolved","tracked-file","resolved to pinned tracked file"
"docs/commands.md","5","markdown-link","cli.md","docs/cli.md","resolved","tracked-file","resolved to pinned tracked file"
"docs/commands.md","5","markdown-link","workflows.md","docs/workflows.md","resolved","tracked-file","resolved to pinned tracked file"
"docs/commands.md","9","markdown-link","supported-tools.md#how-to-invoke","docs/supported-tools.md","resolved","tracked-file","resolved to pinned tracked file"
"docs/commands.md","81","markdown-link","explore.md","docs/explore.md","resolved","tracked-file","resolved to pinned tracked file"
"docs/commands.md","371","markdown-link","opsx.md#when-to-update-vs-start-fresh","docs/opsx.md","resolved","tracked-file","resolved to pinned tracked file"
"docs/commands.md","685","markdown-link","supported-tools.md#how-to-invoke","docs/supported-tools.md","resolved","tracked-file","resolved to pinned tracked file"
"docs/commands.md","687","markdown-link","supported-tools.md","docs/supported-tools.md","resolved","tracked-file","resolved to pinned tracked file"
"docs/commands.md","764","markdown-link","workflows.md","docs/workflows.md","resolved","tracked-file","resolved to pinned tracked file"
"docs/commands.md","765","markdown-link","cli.md","docs/cli.md","resolved","tracked-file","resolved to pinned tracked file"
"docs/commands.md","766","markdown-link","customization.md","docs/customization.md","resolved","tracked-file","resolved to pinned tracked file"
"docs/concepts.md","3","markdown-link","getting-started.md","docs/getting-started.md","resolved","tracked-file","resolved to pinned tracked file"
"docs/concepts.md","3","markdown-link","workflows.md","docs/workflows.md","resolved","tracked-file","resolved to pinned tracked file"
"docs/concepts.md","267","markdown-link","#delta-specs","docs/concepts.md#delta-specs","classified","document-anchor","same-document anchor; anchor spelling not treated as a filesystem edge"
"docs/concepts.md","501","markdown-link","customization.md","docs/customization.md","resolved","tracked-file","resolved to pinned tracked file"
"docs/concepts.md","626","markdown-link","getting-started.md","docs/getting-started.md","resolved","tracked-file","resolved to pinned tracked file"
"docs/concepts.md","627","markdown-link","workflows.md","docs/workflows.md","resolved","tracked-file","resolved to pinned tracked file"
"docs/concepts.md","628","markdown-link","commands.md","docs/commands.md","resolved","tracked-file","resolved to pinned tracked file"
"docs/concepts.md","629","markdown-link","customization.md","docs/customization.md","resolved","tracked-file","resolved to pinned tracked file"
"docs/customization.md","409","markdown-link","https://github.com/github/spec-kit/tree/main/extensions","https://github.com/github/spec-kit/tree/main/extensions","classified","external-dependency","external endpoint inventoried but not fetched"
"docs/customization.md","415","markdown-link","https://github.com/intent-driven-dev/openspec-schemas/tree/main/openspec/schemas/intent-driven","https://github.com/intent-driven-dev/openspec-schemas/tree/main/openspec/schemas/intent-driven","classified","external-dependency","external endpoint inventoried but not fetched"
"docs/customization.md","416","markdown-link","https://github.com/JiangWay/openspec-schemas/tree/main/superpowers-bridge","https://github.com/JiangWay/openspec-schemas/tree/main/superpowers-bridge","classified","external-dependency","external endpoint inventoried but not fetched"
"docs/customization.md","416","markdown-link","https://github.com/obra/superpowers","https://github.com/obra/superpowers","classified","external-dependency","external endpoint inventoried but not fetched"
"docs/customization.md","417","markdown-link","https://github.com/nmrtn/nanopm","https://github.com/nmrtn/nanopm","classified","external-dependency","external endpoint inventoried but not fetched"
"docs/customization.md","417","markdown-link","https://github.com/nmrtn/nanopm/tree/main/openspec-schema","https://github.com/nmrtn/nanopm/tree/main/openspec-schema","classified","external-dependency","external endpoint inventoried but not fetched"
"docs/customization.md","418","markdown-link","https://github.com/Lukk17/openspec-schemas/tree/master/openspec/schemas/e2e-runbooks","https://github.com/Lukk17/openspec-schemas/tree/master/openspec/schemas/e2e-runbooks","classified","external-dependency","external endpoint inventoried but not fetched"
"docs/customization.md","419","markdown-link","https://github.com/jikkujoyce/openspec-schemas/tree/main/schemas/anvil","https://github.com/jikkujoyce/openspec-schemas/tree/main/schemas/anvil","classified","external-dependency","external endpoint inventoried but not fetched"
"docs/customization.md","427","markdown-link","cli.md#schema-commands","docs/cli.md","resolved","tracked-file","resolved to pinned tracked file"
"docs/editing-changes.md","46","markdown-link","workflows.md#verify-check-your-work","docs/workflows.md","resolved","tracked-file","resolved to pinned tracked file"
"docs/editing-changes.md","66","markdown-link","explore.md","docs/explore.md","resolved","tracked-file","resolved to pinned tracked file"
"docs/editing-changes.md","79","markdown-link","opsx.md#when-to-update-vs-start-fresh","docs/opsx.md","resolved","tracked-file","resolved to pinned tracked file"
"docs/editing-changes.md","79","markdown-link","workflows.md#when-to-update-vs-start-fresh","docs/workflows.md","resolved","tracked-file","resolved to pinned tracked file"
"docs/editing-changes.md","87","markdown-link","workflows.md","docs/workflows.md","resolved","tracked-file","resolved to pinned tracked file"
"docs/editing-changes.md","88","markdown-link","reviewing-changes.md","docs/reviewing-changes.md","resolved","tracked-file","resolved to pinned tracked file"
"docs/editing-changes.md","89","markdown-link","explore.md","docs/explore.md","resolved","tracked-file","resolved to pinned tracked file"
"docs/editing-changes.md","90","markdown-link","commands.md","docs/commands.md","resolved","tracked-file","resolved to pinned tracked file"
"docs/editing-changes.md","91","markdown-link","concepts.md#artifacts","docs/concepts.md","resolved","tracked-file","resolved to pinned tracked file"
"docs/examples.md","5","markdown-link","how-commands-work.md","docs/how-commands-work.md","resolved","tracked-file","resolved to pinned tracked file"
"docs/examples.md","7","markdown-link","#recipe-3-exploring-before-you-commit","docs/examples.md#recipe-3-exploring-before-you-commit","classified","document-anchor","same-document anchor; anchor spelling not treated as a filesystem edge"
"docs/examples.md","7","markdown-link","explore.md","docs/explore.md","resolved","tracked-file","resolved to pinned tracked file"
"docs/examples.md","126","markdown-link","workflows.md#parallel-changes","docs/workflows.md","resolved","tracked-file","resolved to pinned tracked file"
"docs/examples.md","158","markdown-link","concepts.md#what-a-spec-is-and-is-not","docs/concepts.md","resolved","tracked-file","resolved to pinned tracked file"
"docs/examples.md","187","markdown-link","workflows.md#opsxff-vs-opsxcontinue","docs/workflows.md","resolved","tracked-file","resolved to pinned tracked file"
"docs/examples.md","203","markdown-link","commands.md#opsxonboard","docs/commands.md","resolved","tracked-file","resolved to pinned tracked file"
"docs/examples.md","216","markdown-link","cli.md","docs/cli.md","resolved","tracked-file","resolved to pinned tracked file"
"docs/examples.md","220","markdown-link","explore.md","docs/explore.md","resolved","tracked-file","resolved to pinned tracked file"
"docs/examples.md","221","markdown-link","workflows.md","docs/workflows.md","resolved","tracked-file","resolved to pinned tracked file"
"docs/examples.md","222","markdown-link","commands.md","docs/commands.md","resolved","tracked-file","resolved to pinned tracked file"
"docs/examples.md","223","markdown-link","getting-started.md","docs/getting-started.md","resolved","tracked-file","resolved to pinned tracked file"
"docs/examples.md","224","markdown-link","concepts.md","docs/concepts.md","resolved","tracked-file","resolved to pinned tracked file"
"docs/existing-projects.md","35","markdown-link","concepts.md#delta-specs","docs/concepts.md","resolved","tracked-file","resolved to pinned tracked file"
"docs/existing-projects.md","57","markdown-link","explore.md","docs/explore.md","resolved","tracked-file","resolved to pinned tracked file"
"docs/existing-projects.md","84","markdown-link","commands.md#opsxonboard","docs/commands.md","resolved","tracked-file","resolved to pinned tracked file"
"docs/existing-projects.md","113","markdown-link","concepts.md#specs","docs/concepts.md","resolved","tracked-file","resolved to pinned tracked file"
"docs/existing-projects.md","119","markdown-link","stores-beta/user-guide.md","docs/stores-beta/user-guide.md","resolved","tracked-file","resolved to pinned tracked file"
"docs/existing-projects.md","126","markdown-link","customization.md#project-configuration","docs/customization.md","resolved","tracked-file","resolved to pinned tracked file"
"docs/existing-projects.md","130","markdown-link","explore.md","docs/explore.md","resolved","tracked-file","resolved to pinned tracked file"
"docs/existing-projects.md","131","markdown-link","getting-started.md","docs/getting-started.md","resolved","tracked-file","resolved to pinned tracked file"
"docs/existing-projects.md","132","markdown-link","editing-changes.md","docs/editing-changes.md","resolved","tracked-file","resolved to pinned tracked file"
"docs/existing-projects.md","133","markdown-link","concepts.md#delta-specs","docs/concepts.md","resolved","tracked-file","resolved to pinned tracked file"
"docs/existing-projects.md","134","markdown-link","customization.md","docs/customization.md","resolved","tracked-file","resolved to pinned tracked file"
"docs/explore.md","19","markdown-link","commands.md#opsxpropose","docs/commands.md","resolved","tracked-file","resolved to pinned tracked file"
"docs/explore.md","41","markdown-link","how-commands-work.md","docs/how-commands-work.md","resolved","tracked-file","resolved to pinned tracked file"
"docs/explore.md","98","markdown-link","workflows.md","docs/workflows.md","resolved","tracked-file","resolved to pinned tracked file"
"docs/explore.md","118","markdown-link","commands.md#opsxexplore","docs/commands.md","resolved","tracked-file","resolved to pinned tracked file"
"docs/explore.md","119","markdown-link","workflows.md","docs/workflows.md","resolved","tracked-file","resolved to pinned tracked file"
"docs/explore.md","120","markdown-link","examples.md#recipe-3-exploring-before-you-commit","docs/examples.md","resolved","tracked-file","resolved to pinned tracked file"
"docs/explore.md","121","markdown-link","getting-started.md","docs/getting-started.md","resolved","tracked-file","resolved to pinned tracked file"
"docs/faq.md","3","markdown-link","glossary.md","docs/glossary.md","resolved","tracked-file","resolved to pinned tracked file"
"docs/faq.md","3","markdown-link","troubleshooting.md","docs/troubleshooting.md","resolved","tracked-file","resolved to pinned tracked file"
"docs/faq.md","13","markdown-link","overview.md","docs/overview.md","resolved","tracked-file","resolved to pinned tracked file"
"docs/faq.md","21","markdown-link","existing-projects.md","docs/existing-projects.md","resolved","tracked-file","resolved to pinned tracked file"
"docs/faq.md","25","markdown-link","supported-tools.md","docs/supported-tools.md","resolved","tracked-file","resolved to pinned tracked file"
"docs/faq.md","31","markdown-link","how-commands-work.md","docs/how-commands-work.md","resolved","tracked-file","resolved to pinned tracked file"
"docs/faq.md","35","markdown-link","how-commands-work.md","docs/how-commands-work.md","resolved","tracked-file","resolved to pinned tracked file"
"docs/faq.md","39","markdown-link","supported-tools.md#how-to-invoke","docs/supported-tools.md","resolved","tracked-file","resolved to pinned tracked file"
"docs/faq.md","39","markdown-link","troubleshooting.md#commands-dont-show-up","docs/troubleshooting.md","resolved","tracked-file","resolved to pinned tracked file"
"docs/faq.md","43","markdown-link","supported-tools.md#how-to-invoke","docs/supported-tools.md","resolved","tracked-file","resolved to pinned tracked file"
"docs/faq.md","53","markdown-link","explore.md","docs/explore.md","resolved","tracked-file","resolved to pinned tracked file"
"docs/faq.md","65","markdown-link","commands.md","docs/commands.md","resolved","tracked-file","resolved to pinned tracked file"
"docs/faq.md","73","markdown-link","commands.md#opsxsync","docs/commands.md","resolved","tracked-file","resolved to pinned tracked file"
"docs/faq.md","77","markdown-link","editing-changes.md","docs/editing-changes.md","resolved","tracked-file","resolved to pinned tracked file"
"docs/faq.md","81","markdown-link","editing-changes.md#how-do-i-go-back-to-review-after-implementing","docs/editing-changes.md","resolved","tracked-file","resolved to pinned tracked file"
"docs/faq.md","85","markdown-link","editing-changes.md#i-edited-the-code-by-hand-how-do-i-reconcile-that-with-openspec","docs/editing-changes.md","resolved","tracked-file","resolved to pinned tracked file"
"docs/faq.md","89","markdown-link","workflows.md#when-to-update-vs-start-fresh","docs/workflows.md","resolved","tracked-file","resolved to pinned tracked file"
"docs/faq.md","103","markdown-link","concepts.md#what-a-spec-is-and-is-not","docs/concepts.md","resolved","tracked-file","resolved to pinned tracked file"
"docs/faq.md","107","markdown-link","concepts.md#delta-specs","docs/concepts.md","resolved","tracked-file","resolved to pinned tracked file"
"docs/faq.md","117","markdown-link","customization.md#project-configuration","docs/customization.md","resolved","tracked-file","resolved to pinned tracked file"
"docs/faq.md","121","markdown-link","multi-language.md","docs/multi-language.md","resolved","tracked-file","resolved to pinned tracked file"
"docs/faq.md","125","markdown-link","customization.md#custom-schemas","docs/customization.md","resolved","tracked-file","resolved to pinned tracked file"
"docs/faq.md","143","markdown-link","installation.md#uninstalling","docs/installation.md","resolved","tracked-file","resolved to pinned tracked file"
"docs/faq.md","149","markdown-link","https://discord.gg/YctCnvvshC","https://discord.gg/YctCnvvshC","classified","external-dependency","external endpoint inventoried but not fetched"
"docs/faq.md","150","markdown-link","https://github.com/Fission-AI/OpenSpec/issues","https://github.com/Fission-AI/OpenSpec/issues","classified","external-dependency","external endpoint inventoried but not fetched"
"docs/getting-started.md","3","markdown-link","../README.md#quick-start","README.md","resolved","tracked-file","resolved to pinned tracked file"
"docs/getting-started.md","3","markdown-link","installation.md","docs/installation.md","resolved","tracked-file","resolved to pinned tracked file"
"docs/getting-started.md","3","markdown-link","README.md","docs/README.md","resolved","tracked-file","resolved to pinned tracked file"
"docs/getting-started.md","10","markdown-link","how-commands-work.md","docs/how-commands-work.md","resolved","tracked-file","resolved to pinned tracked file"
"docs/getting-started.md","27","markdown-link","installation.md#install-with-your-ai-assistant","docs/installation.md","resolved","tracked-file","resolved to pinned tracked file"
"docs/getting-started.md","29","markdown-link","explore.md","docs/explore.md","resolved","tracked-file","resolved to pinned tracked file"
"docs/getting-started.md","279","markdown-link","explore.md","docs/explore.md","resolved","tracked-file","resolved to pinned tracked file"
"docs/getting-started.md","280","markdown-link","reviewing-changes.md","docs/reviewing-changes.md","resolved","tracked-file","resolved to pinned tracked file"
"docs/getting-started.md","281","markdown-link","writing-specs.md","docs/writing-specs.md","resolved","tracked-file","resolved to pinned tracked file"
"docs/getting-started.md","282","markdown-link","existing-projects.md","docs/existing-projects.md","resolved","tracked-file","resolved to pinned tracked file"
"docs/getting-started.md","283","markdown-link","editing-changes.md","docs/editing-changes.md","resolved","tracked-file","resolved to pinned tracked file"
"docs/getting-started.md","284","markdown-link","overview.md","docs/overview.md","resolved","tracked-file","resolved to pinned tracked file"
"docs/getting-started.md","285","markdown-link","examples.md","docs/examples.md","resolved","tracked-file","resolved to pinned tracked file"
"docs/getting-started.md","286","markdown-link","workflows.md","docs/workflows.md","resolved","tracked-file","resolved to pinned tracked file"
"docs/getting-started.md","287","markdown-link","commands.md","docs/commands.md","resolved","tracked-file","resolved to pinned tracked file"
"docs/getting-started.md","288","markdown-link","concepts.md","docs/concepts.md","resolved","tracked-file","resolved to pinned tracked file"
"docs/getting-started.md","289","markdown-link","customization.md","docs/customization.md","resolved","tracked-file","resolved to pinned tracked file"
"docs/getting-started.md","290","markdown-link","stores-beta/user-guide.md","docs/stores-beta/user-guide.md","resolved","tracked-file","resolved to pinned tracked file"
"docs/getting-started.md","291","markdown-link","faq.md","docs/faq.md","resolved","tracked-file","resolved to pinned tracked file"
"docs/getting-started.md","291","markdown-link","troubleshooting.md","docs/troubleshooting.md","resolved","tracked-file","resolved to pinned tracked file"
"docs/glossary.md","9","markdown-link","concepts.md#specs","docs/concepts.md","resolved","tracked-file","resolved to pinned tracked file"
"docs/glossary.md","17","markdown-link","concepts.md#delta-specs","docs/concepts.md","resolved","tracked-file","resolved to pinned tracked file"
"docs/glossary.md","39","markdown-link","concepts.md#archive","docs/concepts.md","resolved","tracked-file","resolved to pinned tracked file"
"docs/glossary.md","41","markdown-link","commands.md#opsxsync","docs/commands.md","resolved","tracked-file","resolved to pinned tracked file"
"docs/glossary.md","45","markdown-link","opsx.md","docs/opsx.md","resolved","tracked-file","resolved to pinned tracked file"
"docs/glossary.md","47","markdown-link","how-commands-work.md","docs/how-commands-work.md","resolved","tracked-file","resolved to pinned tracked file"
"docs/glossary.md","49","markdown-link","explore.md","docs/explore.md","resolved","tracked-file","resolved to pinned tracked file"
"docs/glossary.md","51","markdown-link","cli.md","docs/cli.md","resolved","tracked-file","resolved to pinned tracked file"
"docs/glossary.md","63","markdown-link","customization.md#custom-schemas","docs/customization.md","resolved","tracked-file","resolved to pinned tracked file"
"docs/glossary.md","67","markdown-link","customization.md#project-configuration","docs/customization.md","resolved","tracked-file","resolved to pinned tracked file"
"docs/glossary.md","73","markdown-link","overview.md#enablers-not-gates","docs/overview.md","resolved","tracked-file","resolved to pinned tracked file"
"docs/glossary.md","77","markdown-link","stores-beta/user-guide.md","docs/stores-beta/user-guide.md","resolved","tracked-file","resolved to pinned tracked file"
"docs/glossary.md","89","markdown-link","overview.md","docs/overview.md","resolved","tracked-file","resolved to pinned tracked file"
"docs/glossary.md","90","markdown-link","concepts.md","docs/concepts.md","resolved","tracked-file","resolved to pinned tracked file"
"docs/glossary.md","91","markdown-link","how-commands-work.md","docs/how-commands-work.md","resolved","tracked-file","resolved to pinned tracked file"
"docs/how-commands-work.md","92","markdown-link","supported-tools.md#how-to-invoke","docs/supported-tools.md","resolved","tracked-file","resolved to pinned tracked file"
"docs/how-commands-work.md","111","markdown-link","migration-guide.md","docs/migration-guide.md","resolved","tracked-file","resolved to pinned tracked file"
"docs/how-commands-work.md","111","markdown-link","supported-tools.md","docs/supported-tools.md","resolved","tracked-file","resolved to pinned tracked file"
"docs/how-commands-work.md","118","markdown-link","supported-tools.md","docs/supported-tools.md","resolved","tracked-file","resolved to pinned tracked file"
"docs/how-commands-work.md","133","markdown-link","explore.md","docs/explore.md","resolved","tracked-file","resolved to pinned tracked file"
"docs/how-commands-work.md","139","markdown-link","commands.md","docs/commands.md","resolved","tracked-file","resolved to pinned tracked file"
"docs/how-commands-work.md","139","markdown-link","workflows.md","docs/workflows.md","resolved","tracked-file","resolved to pinned tracked file"
"docs/how-commands-work.md","168","markdown-link","getting-started.md","docs/getting-started.md","resolved","tracked-file","resolved to pinned tracked file"
"docs/how-commands-work.md","169","markdown-link","commands.md","docs/commands.md","resolved","tracked-file","resolved to pinned tracked file"
"docs/how-commands-work.md","170","markdown-link","cli.md","docs/cli.md","resolved","tracked-file","resolved to pinned tracked file"
"docs/how-commands-work.md","171","markdown-link","supported-tools.md","docs/supported-tools.md","resolved","tracked-file","resolved to pinned tracked file"
"docs/how-commands-work.md","172","markdown-link","faq.md","docs/faq.md","resolved","tracked-file","resolved to pinned tracked file"
"docs/how-commands-work.md","173","markdown-link","troubleshooting.md","docs/troubleshooting.md","resolved","tracked-file","resolved to pinned tracked file"
"docs/installation.md","9","markdown-link","supported-tools.md","docs/supported-tools.md","resolved","tracked-file","resolved to pinned tracked file"
"docs/installation.md","11","markdown-link","#package-managers","docs/installation.md#package-managers","classified","document-anchor","same-document anchor; anchor spelling not treated as a filesystem edge"
"docs/installation.md","11","markdown-link","troubleshooting.md","docs/troubleshooting.md","resolved","tracked-file","resolved to pinned tracked file"
"docs/installation.md","173","markdown-link","cli.md#openspec-update","docs/cli.md","resolved","tracked-file","resolved to pinned tracked file"
"docs/installation.md","193","markdown-link","supported-tools.md","docs/supported-tools.md","resolved","tracked-file","resolved to pinned tracked file"
"docs/installation.md","206","markdown-link","getting-started.md","docs/getting-started.md","resolved","tracked-file","resolved to pinned tracked file"
"docs/migration-guide.md","508","markdown-link","customization.md","docs/customization.md","resolved","tracked-file","resolved to pinned tracked file"
"docs/migration-guide.md","602","markdown-link","https://discord.gg/YctCnvvshC","https://discord.gg/YctCnvvshC","classified","external-dependency","external endpoint inventoried but not fetched"
"docs/migration-guide.md","603","markdown-link","https://github.com/Fission-AI/OpenSpec/issues","https://github.com/Fission-AI/OpenSpec/issues","classified","external-dependency","external endpoint inventoried but not fetched"
"docs/migration-guide.md","604","markdown-link","opsx.md","docs/opsx.md","resolved","tracked-file","resolved to pinned tracked file"
"docs/multi-language.md","114","markdown-link","./customization.md","docs/customization.md","resolved","tracked-file","resolved to pinned tracked file"
"docs/multi-language.md","115","markdown-link","./workflows.md","docs/workflows.md","resolved","tracked-file","resolved to pinned tracked file"
"docs/opsx.md","3","markdown-link","https://discord.gg/YctCnvvshC","https://discord.gg/YctCnvvshC","classified","external-dependency","external endpoint inventoried but not fetched"
"docs/opsx.md","216","markdown-link","#when-to-update-vs-start-fresh","docs/opsx.md#when-to-update-vs-start-fresh","classified","document-anchor","same-document anchor; anchor spelling not treated as a filesystem edge"
"docs/opsx.md","667","markdown-link","https://discord.gg/YctCnvvshC","https://discord.gg/YctCnvvshC","classified","external-dependency","external endpoint inventoried but not fetched"
"docs/opsx.md","667","markdown-link","https://github.com/Fission-AI/openspec/issues","https://github.com/Fission-AI/openspec/issues","classified","external-dependency","external endpoint inventoried but not fetched"
"docs/overview.md","3","markdown-link","concepts.md","docs/concepts.md","resolved","tracked-file","resolved to pinned tracked file"
"docs/overview.md","59","markdown-link","explore.md","docs/explore.md","resolved","tracked-file","resolved to pinned tracked file"
"docs/overview.md","61","markdown-link","how-commands-work.md","docs/how-commands-work.md","resolved","tracked-file","resolved to pinned tracked file"
"docs/overview.md","71","markdown-link","workflows.md","docs/workflows.md","resolved","tracked-file","resolved to pinned tracked file"
"docs/overview.md","86","markdown-link","getting-started.md","docs/getting-started.md","resolved","tracked-file","resolved to pinned tracked file"
"docs/overview.md","87","markdown-link","explore.md","docs/explore.md","resolved","tracked-file","resolved to pinned tracked file"
"docs/overview.md","88","markdown-link","how-commands-work.md","docs/how-commands-work.md","resolved","tracked-file","resolved to pinned tracked file"
"docs/overview.md","89","markdown-link","concepts.md","docs/concepts.md","resolved","tracked-file","resolved to pinned tracked file"
"docs/overview.md","90","markdown-link","examples.md","docs/examples.md","resolved","tracked-file","resolved to pinned tracked file"
"docs/overview.md","91","markdown-link","glossary.md","docs/glossary.md","resolved","tracked-file","resolved to pinned tracked file"
"docs/README.md","9","markdown-link","getting-started.md","docs/getting-started.md","resolved","tracked-file","resolved to pinned tracked file"
"docs/README.md","10","markdown-link","how-commands-work.md","docs/how-commands-work.md","resolved","tracked-file","resolved to pinned tracked file"
"docs/README.md","14","markdown-link","explore.md","docs/explore.md","resolved","tracked-file","resolved to pinned tracked file"
"docs/README.md","18","markdown-link","faq.md","docs/faq.md","resolved","tracked-file","resolved to pinned tracked file"
"docs/README.md","18","markdown-link","getting-started.md","docs/getting-started.md","resolved","tracked-file","resolved to pinned tracked file"
"docs/README.md","18","markdown-link","glossary.md","docs/glossary.md","resolved","tracked-file","resolved to pinned tracked file"
"docs/README.md","18","markdown-link","overview.md","docs/overview.md","resolved","tracked-file","resolved to pinned tracked file"
"docs/README.md","20","markdown-link","explore.md","docs/explore.md","resolved","tracked-file","resolved to pinned tracked file"
"docs/README.md","22","markdown-link","existing-projects.md","docs/existing-projects.md","resolved","tracked-file","resolved to pinned tracked file"
"docs/README.md","24","markdown-link","how-commands-work.md","docs/how-commands-work.md","resolved","tracked-file","resolved to pinned tracked file"
"docs/README.md","24","markdown-link","installation.md","docs/installation.md","resolved","tracked-file","resolved to pinned tracked file"
"docs/README.md","24","markdown-link","installation.md#install-with-your-ai-assistant","docs/installation.md","resolved","tracked-file","resolved to pinned tracked file"
"docs/README.md","26","markdown-link","examples.md","docs/examples.md","resolved","tracked-file","resolved to pinned tracked file"
"docs/README.md","28","markdown-link","reviewing-changes.md","docs/reviewing-changes.md","resolved","tracked-file","resolved to pinned tracked file"
"docs/README.md","28","markdown-link","writing-specs.md","docs/writing-specs.md","resolved","tracked-file","resolved to pinned tracked file"
"docs/README.md","30","markdown-link","team-workflow.md","docs/team-workflow.md","resolved","tracked-file","resolved to pinned tracked file"
"docs/README.md","32","markdown-link","migration-guide.md","docs/migration-guide.md","resolved","tracked-file","resolved to pinned tracked file"
"docs/README.md","34","markdown-link","customization.md","docs/customization.md","resolved","tracked-file","resolved to pinned tracked file"
"docs/README.md","36","markdown-link","troubleshooting.md","docs/troubleshooting.md","resolved","tracked-file","resolved to pinned tracked file"
"docs/README.md","44","markdown-link","getting-started.md","docs/getting-started.md","resolved","tracked-file","resolved to pinned tracked file"
"docs/README.md","45","markdown-link","explore.md","docs/explore.md","resolved","tracked-file","resolved to pinned tracked file"
"docs/README.md","46","markdown-link","how-commands-work.md","docs/how-commands-work.md","resolved","tracked-file","resolved to pinned tracked file"
"docs/README.md","47","markdown-link","overview.md","docs/overview.md","resolved","tracked-file","resolved to pinned tracked file"
"docs/README.md","48","markdown-link","installation.md","docs/installation.md","resolved","tracked-file","resolved to pinned tracked file"
"docs/README.md","54","markdown-link","workflows.md","docs/workflows.md","resolved","tracked-file","resolved to pinned tracked file"
"docs/README.md","55","markdown-link","examples.md","docs/examples.md","resolved","tracked-file","resolved to pinned tracked file"
"docs/README.md","56","markdown-link","writing-specs.md","docs/writing-specs.md","resolved","tracked-file","resolved to pinned tracked file"
"docs/README.md","57","markdown-link","reviewing-changes.md","docs/reviewing-changes.md","resolved","tracked-file","resolved to pinned tracked file"
"docs/README.md","58","markdown-link","team-workflow.md","docs/team-workflow.md","resolved","tracked-file","resolved to pinned tracked file"
"docs/README.md","59","markdown-link","existing-projects.md","docs/existing-projects.md","resolved","tracked-file","resolved to pinned tracked file"
"docs/README.md","60","markdown-link","editing-changes.md","docs/editing-changes.md","resolved","tracked-file","resolved to pinned tracked file"
"docs/README.md","61","markdown-link","commands.md","docs/commands.md","resolved","tracked-file","resolved to pinned tracked file"
"docs/README.md","62","markdown-link","cli.md","docs/cli.md","resolved","tracked-file","resolved to pinned tracked file"
"docs/README.md","68","markdown-link","concepts.md","docs/concepts.md","resolved","tracked-file","resolved to pinned tracked file"
"docs/README.md","69","markdown-link","opsx.md","docs/opsx.md","resolved","tracked-file","resolved to pinned tracked file"
"docs/README.md","70","markdown-link","glossary.md","docs/glossary.md","resolved","tracked-file","resolved to pinned tracked file"
"docs/README.md","76","markdown-link","customization.md","docs/customization.md","resolved","tracked-file","resolved to pinned tracked file"
"docs/README.md","77","markdown-link","multi-language.md","docs/multi-language.md","resolved","tracked-file","resolved to pinned tracked file"
"docs/README.md","78","markdown-link","supported-tools.md","docs/supported-tools.md","resolved","tracked-file","resolved to pinned tracked file"
"docs/README.md","84","markdown-link","faq.md","docs/faq.md","resolved","tracked-file","resolved to pinned tracked file"
"docs/README.md","85","markdown-link","troubleshooting.md","docs/troubleshooting.md","resolved","tracked-file","resolved to pinned tracked file"
"docs/README.md","86","markdown-link","migration-guide.md","docs/migration-guide.md","resolved","tracked-file","resolved to pinned tracked file"
"docs/README.md","92","markdown-link","stores-beta/user-guide.md","docs/stores-beta/user-guide.md","resolved","tracked-file","resolved to pinned tracked file"
"docs/README.md","93","markdown-link","agent-contract.md","docs/agent-contract.md","resolved","tracked-file","resolved to pinned tracked file"
"docs/README.md","106","markdown-link","how-commands-work.md","docs/how-commands-work.md","resolved","tracked-file","resolved to pinned tracked file"
"docs/README.md","110","markdown-link","https://discord.gg/YctCnvvshC","https://discord.gg/YctCnvvshC","classified","external-dependency","external endpoint inventoried but not fetched"
"docs/README.md","111","markdown-link","https://github.com/Fission-AI/OpenSpec/issues","https://github.com/Fission-AI/OpenSpec/issues","classified","external-dependency","external endpoint inventoried but not fetched"
"docs/reviewing-changes.md","47","markdown-link","#pushing-back-is-cheap","docs/reviewing-changes.md#pushing-back-is-cheap","classified","document-anchor","same-document anchor; anchor spelling not treated as a filesystem edge"
"docs/reviewing-changes.md","91","markdown-link","editing-changes.md","docs/editing-changes.md","resolved","tracked-file","resolved to pinned tracked file"
"docs/reviewing-changes.md","141","markdown-link","writing-specs.md","docs/writing-specs.md","resolved","tracked-file","resolved to pinned tracked file"
"docs/reviewing-changes.md","142","markdown-link","editing-changes.md","docs/editing-changes.md","resolved","tracked-file","resolved to pinned tracked file"
"docs/reviewing-changes.md","143","markdown-link","workflows.md","docs/workflows.md","resolved","tracked-file","resolved to pinned tracked file"
"docs/stores-beta/user-guide.md","348","markdown-link","../agent-contract.md","docs/agent-contract.md","resolved","tracked-file","resolved to pinned tracked file"
"docs/stores-beta/user-guide.md","367","markdown-link","../cli.md","docs/cli.md","resolved","tracked-file","resolved to pinned tracked file"
"docs/stores-beta/user-guide.md","368","markdown-link","../agent-contract.md","docs/agent-contract.md","resolved","tracked-file","resolved to pinned tracked file"
"docs/supported-tools.md","28","markdown-link","#tool-directory-reference","docs/supported-tools.md#tool-directory-reference","classified","document-anchor","same-document anchor; anchor spelling not treated as a filesystem edge"
"docs/supported-tools.md","38","markdown-link","https://github.com/openai/codex/issues/11817","https://github.com/openai/codex/issues/11817","classified","external-dependency","external endpoint inventoried but not fetched"
"docs/supported-tools.md","51","markdown-link","#generated-skill-names","docs/supported-tools.md#generated-skill-names","classified","document-anchor","same-document anchor; anchor spelling not treated as a filesystem edge"
"docs/supported-tools.md","98","markdown-link","https://github.com/Zoo-Code-Org/Zoo-Code","https://github.com/Zoo-Code-Org/Zoo-Code","classified","external-dependency","external endpoint inventoried but not fetched"
"docs/supported-tools.md","107","markdown-link","https://docs.devin.ai/desktop/devin-desktop-faq","https://docs.devin.ai/desktop/devin-desktop-faq","classified","external-dependency","external endpoint inventoried but not fetched"
"docs/supported-tools.md","107","markdown-link","https://docs.devin.ai/desktop/devin-local","https://docs.devin.ai/desktop/devin-local","classified","external-dependency","external endpoint inventoried but not fetched"
"docs/supported-tools.md","137","markdown-link","migration-guide.md","docs/migration-guide.md","resolved","tracked-file","resolved to pinned tracked file"
"docs/supported-tools.md","192","markdown-link","cli.md","docs/cli.md","resolved","tracked-file","resolved to pinned tracked file"
"docs/supported-tools.md","192","markdown-link","commands.md","docs/commands.md","resolved","tracked-file","resolved to pinned tracked file"
"docs/supported-tools.md","196","markdown-link","cli.md","docs/cli.md","resolved","tracked-file","resolved to pinned tracked file"
"docs/supported-tools.md","197","markdown-link","commands.md","docs/commands.md","resolved","tracked-file","resolved to pinned tracked file"
"docs/supported-tools.md","198","markdown-link","getting-started.md","docs/getting-started.md","resolved","tracked-file","resolved to pinned tracked file"
"docs/team-workflow.md","9","markdown-link","stores-beta/user-guide.md","docs/stores-beta/user-guide.md","resolved","tracked-file","resolved to pinned tracked file"
"docs/team-workflow.md","11","markdown-link","faq.md#should-i-commit-the-openspec-folder-to-git","docs/faq.md","resolved","tracked-file","resolved to pinned tracked file"
"docs/team-workflow.md","44","markdown-link","reviewing-changes.md","docs/reviewing-changes.md","resolved","tracked-file","resolved to pinned tracked file"
"docs/team-workflow.md","63","markdown-link","writing-specs.md#right-size-the-change","docs/writing-specs.md","resolved","tracked-file","resolved to pinned tracked file"
"docs/team-workflow.md","68","markdown-link","stores-beta/user-guide.md","docs/stores-beta/user-guide.md","resolved","tracked-file","resolved to pinned tracked file"
"docs/team-workflow.md","72","markdown-link","reviewing-changes.md","docs/reviewing-changes.md","resolved","tracked-file","resolved to pinned tracked file"
"docs/team-workflow.md","73","markdown-link","writing-specs.md","docs/writing-specs.md","resolved","tracked-file","resolved to pinned tracked file"
"docs/team-workflow.md","74","markdown-link","stores-beta/user-guide.md","docs/stores-beta/user-guide.md","resolved","tracked-file","resolved to pinned tracked file"
"docs/troubleshooting.md","3","markdown-link","faq.md","docs/faq.md","resolved","tracked-file","resolved to pinned tracked file"
"docs/troubleshooting.md","3","markdown-link","https://discord.gg/YctCnvvshC","https://discord.gg/YctCnvvshC","classified","external-dependency","external endpoint inventoried but not fetched"
"docs/troubleshooting.md","18","markdown-link","installation.md#install-with-your-ai-assistant","docs/installation.md","resolved","tracked-file","resolved to pinned tracked file"
"docs/troubleshooting.md","28","markdown-link","installation.md","docs/installation.md","resolved","tracked-file","resolved to pinned tracked file"
"docs/troubleshooting.md","38","markdown-link","supported-tools.md","docs/supported-tools.md","resolved","tracked-file","resolved to pinned tracked file"
"docs/troubleshooting.md","44","markdown-link","how-commands-work.md","docs/how-commands-work.md","resolved","tracked-file","resolved to pinned tracked file"
"docs/troubleshooting.md","58","markdown-link","supported-tools.md","docs/supported-tools.md","resolved","tracked-file","resolved to pinned tracked file"
"docs/troubleshooting.md","62","markdown-link","supported-tools.md#how-to-invoke","docs/supported-tools.md","resolved","tracked-file","resolved to pinned tracked file"
"docs/troubleshooting.md","97","markdown-link","cli.md#openspec-validate","docs/cli.md","resolved","tracked-file","resolved to pinned tracked file"
"docs/troubleshooting.md","111","markdown-link","customization.md#project-configuration","docs/customization.md","resolved","tracked-file","resolved to pinned tracked file"
"docs/troubleshooting.md","164","markdown-link","customization.md#custom-schemas","docs/customization.md","resolved","tracked-file","resolved to pinned tracked file"
"docs/troubleshooting.md","180","markdown-link","supported-tools.md","docs/supported-tools.md","resolved","tracked-file","resolved to pinned tracked file"
"docs/troubleshooting.md","184","markdown-link","migration-guide.md#migrating-projectmd-to-configyaml","docs/migration-guide.md","resolved","tracked-file","resolved to pinned tracked file"
"docs/troubleshooting.md","188","markdown-link","https://discord.gg/YctCnvvshC","https://discord.gg/YctCnvvshC","classified","external-dependency","external endpoint inventoried but not fetched"
"docs/troubleshooting.md","189","markdown-link","https://github.com/Fission-AI/OpenSpec/issues","https://github.com/Fission-AI/OpenSpec/issues","classified","external-dependency","external endpoint inventoried but not fetched"
"docs/workflows.md","3","markdown-link","commands.md","docs/commands.md","resolved","tracked-file","resolved to pinned tracked file"
"docs/workflows.md","3","markdown-link","getting-started.md","docs/getting-started.md","resolved","tracked-file","resolved to pinned tracked file"
"docs/workflows.md","29","markdown-link","customization.md","docs/customization.md","resolved","tracked-file","resolved to pinned tracked file"
"docs/workflows.md","74","markdown-link","explore.md","docs/explore.md","resolved","tracked-file","resolved to pinned tracked file"
"docs/workflows.md","461","markdown-link","commands.md","docs/commands.md","resolved","tracked-file","resolved to pinned tracked file"
"docs/workflows.md","478","markdown-link","writing-specs.md","docs/writing-specs.md","resolved","tracked-file","resolved to pinned tracked file"
"docs/workflows.md","479","markdown-link","reviewing-changes.md","docs/reviewing-changes.md","resolved","tracked-file","resolved to pinned tracked file"
"docs/workflows.md","480","markdown-link","team-workflow.md","docs/team-workflow.md","resolved","tracked-file","resolved to pinned tracked file"
"docs/workflows.md","481","markdown-link","commands.md","docs/commands.md","resolved","tracked-file","resolved to pinned tracked file"
"docs/workflows.md","482","markdown-link","concepts.md","docs/concepts.md","resolved","tracked-file","resolved to pinned tracked file"
"docs/workflows.md","483","markdown-link","customization.md","docs/customization.md","resolved","tracked-file","resolved to pinned tracked file"
"docs/writing-specs.md","5","markdown-link","reviewing-changes.md","docs/reviewing-changes.md","resolved","tracked-file","resolved to pinned tracked file"
"docs/writing-specs.md","76","markdown-link","editing-changes.md","docs/editing-changes.md","resolved","tracked-file","resolved to pinned tracked file"
"docs/writing-specs.md","76","markdown-link","workflows.md","docs/workflows.md","resolved","tracked-file","resolved to pinned tracked file"
"docs/writing-specs.md","101","markdown-link","reviewing-changes.md","docs/reviewing-changes.md","resolved","tracked-file","resolved to pinned tracked file"
"docs/writing-specs.md","102","markdown-link","concepts.md","docs/concepts.md","resolved","tracked-file","resolved to pinned tracked file"
"docs/writing-specs.md","103","markdown-link","examples.md","docs/examples.md","resolved","tracked-file","resolved to pinned tracked file"
"eslint.config.js","1","module-import","typescript-eslint","typescript-eslint","classified","external-package","package or runtime module terminal"
"MAINTAINERS.md","9","markdown-link","https://github.com/TabishB","https://github.com/TabishB","classified","external-dependency","external endpoint inventoried but not fetched"
"MAINTAINERS.md","10","markdown-link","https://github.com/clay-good","https://github.com/clay-good","classified","external-dependency","external endpoint inventoried but not fetched"
"MAINTAINERS.md","16","markdown-link","https://github.com/alfred-openspec","https://github.com/alfred-openspec","classified","external-dependency","external endpoint inventoried but not fetched"
"MAINTAINERS.md","24","markdown-link","https://github.com/harikrishnan83","https://github.com/harikrishnan83","classified","external-dependency","external endpoint inventoried but not fetched"
"openspec/changes/add-devin-desktop-support/proposal.md","3","markdown-link","https://docs.devin.ai/desktop/devin-desktop-faq","https://docs.devin.ai/desktop/devin-desktop-faq","classified","external-dependency","external endpoint inventoried but not fetched"
"openspec/changes/add-devin-desktop-support/proposal.md","5","markdown-link","https://docs.devin.ai/desktop/devin-local","https://docs.devin.ai/desktop/devin-local","classified","external-dependency","external endpoint inventoried but not fetched"
"openspec/changes/add-update-workflow/design.md","5","markdown-link","../../../schemas/spec-driven/schema.yaml","schemas/spec-driven/schema.yaml","resolved","tracked-file","resolved to pinned tracked file"
"openspec/changes/add-update-workflow/design.md","5","markdown-link","../../../src/core/artifact-graph/graph.ts","src/core/artifact-graph/graph.ts","resolved","tracked-file","resolved to pinned tracked file"
"openspec/changes/add-update-workflow/design.md","9","markdown-link","https://github.com/Fission-AI/OpenSpec/pull/1278","https://github.com/Fission-AI/OpenSpec/pull/1278","classified","external-dependency","external endpoint inventoried but not fetched"
"openspec/changes/add-update-workflow/design.md","24","markdown-link","https://github.com/Fission-AI/OpenSpec/issues/247","https://github.com/Fission-AI/OpenSpec/issues/247","classified","external-dependency","external endpoint inventoried but not fetched"
"openspec/changes/add-update-workflow/design.md","75","markdown-link","https://github.com/Fission-AI/OpenSpec/issues/777","https://github.com/Fission-AI/OpenSpec/issues/777","classified","external-dependency","external endpoint inventoried but not fetched"
"openspec/changes/add-update-workflow/design.md","90","markdown-link","https://github.com/Fission-AI/OpenSpec/issues/247","https://github.com/Fission-AI/OpenSpec/issues/247","classified","external-dependency","external endpoint inventoried but not fetched"
"openspec/changes/add-update-workflow/design.md","90","markdown-link","https://github.com/Fission-AI/OpenSpec/issues/846","https://github.com/Fission-AI/OpenSpec/issues/846","classified","external-dependency","external endpoint inventoried but not fetched"
"openspec/changes/add-update-workflow/design.md","95","markdown-link","../../../src/cli/index.ts","src/cli/index.ts","resolved","tracked-file","resolved to pinned tracked file"
"openspec/changes/add-update-workflow/design.md","95","markdown-link","https://github.com/Fission-AI/OpenSpec/issues/705","https://github.com/Fission-AI/OpenSpec/issues/705","classified","external-dependency","external endpoint inventoried but not fetched"
"openspec/changes/add-update-workflow/design.md","100","markdown-link","https://github.com/Fission-AI/OpenSpec/issues/1188","https://github.com/Fission-AI/OpenSpec/issues/1188","classified","external-dependency","external endpoint inventoried but not fetched"
"openspec/changes/add-update-workflow/design.md","101","markdown-link","https://github.com/Fission-AI/OpenSpec/issues/666","https://github.com/Fission-AI/OpenSpec/issues/666","classified","external-dependency","external endpoint inventoried but not fetched"
"openspec/changes/add-update-workflow/design.md","101","markdown-link","https://github.com/Fission-AI/OpenSpec/issues/777","https://github.com/Fission-AI/OpenSpec/issues/777","classified","external-dependency","external endpoint inventoried but not fetched"
"openspec/changes/add-update-workflow/design.md","103","markdown-link","../../../docs/opsx.md","docs/opsx.md","resolved","tracked-file","resolved to pinned tracked file"
"openspec/changes/add-update-workflow/proposal.md","3","markdown-link","../../../docs/opsx.md","docs/opsx.md","resolved","tracked-file","resolved to pinned tracked file"
"openspec/changes/add-update-workflow/proposal.md","3","markdown-link","https://github.com/Fission-AI/OpenSpec/issues/1188","https://github.com/Fission-AI/OpenSpec/issues/1188","classified","external-dependency","external endpoint inventoried but not fetched"
"openspec/changes/add-update-workflow/proposal.md","19","markdown-link","https://github.com/Fission-AI/OpenSpec/issues/1188","https://github.com/Fission-AI/OpenSpec/issues/1188","classified","external-dependency","external endpoint inventoried but not fetched"
"openspec/changes/add-update-workflow/proposal.md","20","markdown-link","https://github.com/Fission-AI/OpenSpec/issues/666","https://github.com/Fission-AI/OpenSpec/issues/666","classified","external-dependency","external endpoint inventoried but not fetched"
"openspec/changes/add-update-workflow/proposal.md","20","markdown-link","https://github.com/Fission-AI/OpenSpec/issues/777","https://github.com/Fission-AI/OpenSpec/issues/777","classified","external-dependency","external endpoint inventoried but not fetched"
"openspec/changes/add-update-workflow/proposal.md","37","markdown-link","../../../src/core/profiles.ts","src/core/profiles.ts","resolved","tracked-file","resolved to pinned tracked file"
"openspec/changes/add-update-workflow/proposal.md","48","markdown-link","https://github.com/Fission-AI/OpenSpec/issues/1188","https://github.com/Fission-AI/OpenSpec/issues/1188","classified","external-dependency","external endpoint inventoried but not fetched"
"openspec/changes/add-update-workflow/proposal.md","49","markdown-link","https://github.com/Fission-AI/OpenSpec/issues/705","https://github.com/Fission-AI/OpenSpec/issues/705","classified","external-dependency","external endpoint inventoried but not fetched"
"openspec/changes/add-update-workflow/proposal.md","50","markdown-link","https://github.com/Fission-AI/OpenSpec/issues/673","https://github.com/Fission-AI/OpenSpec/issues/673","classified","external-dependency","external endpoint inventoried but not fetched"
"openspec/changes/add-update-workflow/proposal.md","51","markdown-link","https://github.com/Fission-AI/OpenSpec/issues/247","https://github.com/Fission-AI/OpenSpec/issues/247","classified","external-dependency","external endpoint inventoried but not fetched"
"openspec/changes/add-update-workflow/proposal.md","55","markdown-link","https://github.com/Fission-AI/OpenSpec/issues/618","https://github.com/Fission-AI/OpenSpec/issues/618","classified","external-dependency","external endpoint inventoried but not fetched"
"openspec/changes/add-update-workflow/proposal.md","55","markdown-link","https://github.com/Fission-AI/OpenSpec/issues/684","https://github.com/Fission-AI/OpenSpec/issues/684","classified","external-dependency","external endpoint inventoried but not fetched"
"openspec/changes/add-update-workflow/proposal.md","55","markdown-link","https://github.com/Fission-AI/OpenSpec/issues/694","https://github.com/Fission-AI/OpenSpec/issues/694","classified","external-dependency","external endpoint inventoried but not fetched"
"openspec/changes/add-update-workflow/proposal.md","56","markdown-link","https://github.com/Fission-AI/OpenSpec/discussions/1206","https://github.com/Fission-AI/OpenSpec/discussions/1206","classified","external-dependency","external endpoint inventoried but not fetched"
"openspec/changes/add-update-workflow/proposal.md","64","markdown-link","https://github.com/Fission-AI/OpenSpec/pull/702","https://github.com/Fission-AI/OpenSpec/pull/702","classified","external-dependency","external endpoint inventoried but not fetched"
"openspec/changes/add-update-workflow/proposal.md","65","markdown-link","https://github.com/Fission-AI/OpenSpec/issues/880","https://github.com/Fission-AI/OpenSpec/issues/880","classified","external-dependency","external endpoint inventoried but not fetched"
"openspec/changes/add-update-workflow/proposal.md","65","markdown-link","https://github.com/Fission-AI/OpenSpec/pull/1251","https://github.com/Fission-AI/OpenSpec/pull/1251","classified","external-dependency","external endpoint inventoried but not fetched"
"openspec/changes/add-update-workflow/proposal.md","66","markdown-link","https://github.com/Fission-AI/OpenSpec/issues/783","https://github.com/Fission-AI/OpenSpec/issues/783","classified","external-dependency","external endpoint inventoried but not fetched"
"openspec/changes/archive/2025-08-11-add-complexity-guidelines/specs/openspec-docs/README.md","342","markdown-link","../docs/capability-organization.md","openspec/changes/archive/2025-08-11-add-complexity-guidelines/specs/docs/capability-organization.md","confirmed-broken","broken-internal-reference","local-looking target does not resolve to a tracked file"
"openspec/changes/archive/2025-10-14-add-kilocode-workflows/proposal.md","3","markdown-link","https://kilocode.ai/docs/features/slash-commands/workflows","https://kilocode.ai/docs/features/slash-commands/workflows","classified","external-dependency","external endpoint inventoried but not fetched"
"openspec/changes/archive/2025-10-14-add-windsurf-workflows/proposal.md","3","markdown-link","https://docs.windsurf.com/windsurf/cascade/workflows","https://docs.windsurf.com/windsurf/cascade/workflows","classified","external-dependency","external endpoint inventoried but not fetched"
"openspec/changes/archive/2025-10-14-add-windsurf-workflows/proposal.md","5","markdown-link","https://windsurf.com/changelog","https://windsurf.com/changelog","classified","external-dependency","external endpoint inventoried but not fetched"
"openspec/changes/archive/2025-11-06-add-shell-completions/design.md","521","markdown-link","https://www.gnu.org/software/bash/manual/html_node/Programmable-Completion.html","https://www.gnu.org/software/bash/manual/html_node/Programmable-Completion.html","classified","external-dependency","external endpoint inventoried but not fetched"
"openspec/changes/archive/2025-11-06-add-shell-completions/design.md","522","markdown-link","https://zsh.sourceforge.io/Doc/Release/Completion-System.html","https://zsh.sourceforge.io/Doc/Release/Completion-System.html","classified","external-dependency","external endpoint inventoried but not fetched"
"openspec/changes/archive/2025-11-06-add-shell-completions/design.md","523","markdown-link","https://fishshell.com/docs/current/completions.html","https://fishshell.com/docs/current/completions.html","classified","external-dependency","external endpoint inventoried but not fetched"
"openspec/changes/archive/2025-11-06-add-shell-completions/design.md","524","markdown-link","https://docs.microsoft.com/en-us/powershell/module/microsoft.powershell.core/register-argumentcompleter","https://docs.microsoft.com/en-us/powershell/module/microsoft.powershell.core/register-argumentcompleter","classified","external-dependency","external endpoint inventoried but not fetched"
"openspec/changes/archive/2025-11-06-add-shell-completions/design.md","525","markdown-link","https://github.com/ohmyzsh/ohmyzsh/wiki/Customization#adding-custom-completions","https://github.com/ohmyzsh/ohmyzsh/wiki/Customization#adding-custom-completions","classified","external-dependency","external endpoint inventoried but not fetched"
"openspec/changes/archive/2026-02-17-project-config/specs/context-injection/spec.md","50","markdown-link","url","openspec/changes/archive/2026-02-17-project-config/specs/context-injection/url","classified","prose-or-code-example","literal teaching/code example; not a repository file reference"
"openspec/changes/fix-opencode-commands-directory/proposal.md","3","markdown-link","https://github.com/Fission-AI/OpenSpec/issues/748","https://github.com/Fission-AI/OpenSpec/issues/748","classified","external-dependency","external endpoint inventoried but not fetched"
"openspec/changes/fix-validate-view-resolution-parity/proposal.md","54","markdown-link","https://github.com/Fission-AI/OpenSpec/issues/1182","https://github.com/Fission-AI/OpenSpec/issues/1182","classified","external-dependency","external endpoint inventoried but not fetched"
"openspec/changes/fix-validate-view-resolution-parity/proposal.md","55","markdown-link","https://github.com/Fission-AI/OpenSpec/issues/1202","https://github.com/Fission-AI/OpenSpec/issues/1202","classified","external-dependency","external endpoint inventoried but not fetched"
"openspec/changes/fix-validate-view-resolution-parity/proposal.md","56","markdown-link","https://github.com/Fission-AI/OpenSpec/issues/1156","https://github.com/Fission-AI/OpenSpec/issues/1156","classified","external-dependency","external endpoint inventoried but not fetched"
"openspec/changes/graceful-status-no-changes/proposal.md","3","markdown-link","https://github.com/Fission-AI/OpenSpec/issues/714","https://github.com/Fission-AI/OpenSpec/issues/714","classified","external-dependency","external endpoint inventoried but not fetched"
"openspec/explorations/workspace-architecture.md","650","markdown-link","https://github.com/Fission-AI/OpenSpec/issues/725","https://github.com/Fission-AI/OpenSpec/issues/725","classified","external-dependency","external endpoint inventoried but not fetched"
"openspec/explorations/workspace-architecture.md","848","markdown-link","https://code.visualstudio.com/docs/configure/settings","https://code.visualstudio.com/docs/configure/settings","classified","external-dependency","external endpoint inventoried but not fetched"
"openspec/explorations/workspace-architecture.md","849","markdown-link","https://github.com/eslint/eslint/discussions/16960","https://github.com/eslint/eslint/discussions/16960","classified","external-dependency","external endpoint inventoried but not fetched"
"openspec/explorations/workspace-architecture.md","850","markdown-link","https://turborepo.dev/docs/reference/package-configurations","https://turborepo.dev/docs/reference/package-configurations","classified","external-dependency","external endpoint inventoried but not fetched"
"openspec/explorations/workspace-architecture.md","851","markdown-link","https://pnpm.io/workspaces","https://pnpm.io/workspaces","classified","external-dependency","external endpoint inventoried but not fetched"
"openspec/explorations/workspace-architecture.md","852","markdown-link","https://code.claude.com/docs/en/settings","https://code.claude.com/docs/en/settings","classified","external-dependency","external endpoint inventoried but not fetched"
"openspec/explorations/workspace-architecture.md","853","markdown-link","https://kiro.dev/docs/editor/multi-root-workspaces/","https://kiro.dev/docs/editor/multi-root-workspaces/","classified","external-dependency","external endpoint inventoried but not fetched"
"openspec/explorations/workspace-architecture.md","854","markdown-link","https://martinfowler.com/bliki/BoundedContext.html","https://martinfowler.com/bliki/BoundedContext.html","classified","external-dependency","external endpoint inventoried but not fetched"
"openspec/explorations/workspace-architecture.md","855","markdown-link","https://www.lesswrong.com/posts/xts8dC3NeTHwqYgCG/keep-your-protos-in-one-repo","https://www.lesswrong.com/posts/xts8dC3NeTHwqYgCG/keep-your-protos-in-one-repo","classified","external-dependency","external endpoint inventoried but not fetched"
"openspec/explorations/workspace-architecture.md","856","markdown-link","https://booking.design/how-we-built-our-multi-platform-design-system-at-booking-com-d7b895399d40","https://booking.design/how-we-built-our-multi-platform-design-system-at-booking-com-d7b895399d40","classified","external-dependency","external endpoint inventoried but not fetched"
"openspec/explorations/workspace-architecture.md","857","markdown-link","https://patterns.innersourcecommons.org/p/transparent-cross-team-decision-making-using-rfcs","https://patterns.innersourcecommons.org/p/transparent-cross-team-decision-making-using-rfcs","classified","external-dependency","external endpoint inventoried but not fetched"
"openspec/specs/context-injection/spec.md","52","markdown-link","url","openspec/specs/context-injection/url","classified","prose-or-code-example","literal teaching/code example; not a repository file reference"
"package.json","1","package-bin","./bin/openspec.js","bin/openspec.js","resolved","tracked-file","resolved to pinned tracked file"
"package.json","1","package-dependency","@changesets/changelog-github@^0.7.0","@changesets/changelog-github","classified","external-package","dependency terminal fixed by package.json and pnpm lockfile"
"package.json","1","package-dependency","@changesets/cli@^2.31.1","@changesets/cli","classified","external-package","dependency terminal fixed by package.json and pnpm lockfile"
"package.json","1","package-dependency","@inquirer/core@^10.3.2","@inquirer/core","classified","external-package","dependency terminal fixed by package.json and pnpm lockfile"
"package.json","1","package-dependency","@inquirer/prompts@^7.10.1","@inquirer/prompts","classified","external-package","dependency terminal fixed by package.json and pnpm lockfile"
"package.json","1","package-dependency","@types/node@^20.19.43","@types/node","classified","external-package","dependency terminal fixed by package.json and pnpm lockfile"
"package.json","1","package-dependency","@vitest/ui@^3.2.6","@vitest/ui","classified","external-package","dependency terminal fixed by package.json and pnpm lockfile"
"package.json","1","package-dependency","chalk@^5.6.2","chalk","classified","external-package","dependency terminal fixed by package.json and pnpm lockfile"
"package.json","1","package-dependency","commander@^14.0.0","commander","classified","external-package","dependency terminal fixed by package.json and pnpm lockfile"
"package.json","1","package-dependency","cross-spawn@7.0.6","cross-spawn","classified","external-package","dependency terminal fixed by package.json and pnpm lockfile"
"package.json","1","package-dependency","eslint@^10.5.0","eslint","classified","external-package","dependency terminal fixed by package.json and pnpm lockfile"
"package.json","1","package-dependency","fast-glob@^3.3.3","fast-glob","classified","external-package","dependency terminal fixed by package.json and pnpm lockfile"
"package.json","1","package-dependency","ora@^9.4.1","ora","classified","external-package","dependency terminal fixed by package.json and pnpm lockfile"
"package.json","1","package-dependency","smol-toml@^1.7.1","smol-toml","classified","external-package","dependency terminal fixed by package.json and pnpm lockfile"
"package.json","1","package-dependency","typescript-eslint@^8.65.0","typescript-eslint","classified","external-package","dependency terminal fixed by package.json and pnpm lockfile"
"package.json","1","package-dependency","typescript@^6.0.3","typescript","classified","external-package","dependency terminal fixed by package.json and pnpm lockfile"
"package.json","1","package-dependency","vitest@^3.2.6","vitest","classified","external-package","dependency terminal fixed by package.json and pnpm lockfile"
"package.json","1","package-dependency","yaml@^2.8.3","yaml","classified","external-package","dependency terminal fixed by package.json and pnpm lockfile"
"package.json","1","package-dependency","zod@^4.4.3","zod","classified","external-package","dependency terminal fixed by package.json and pnpm lockfile"
"package.json","1","package-publish-root","!dist/**/__tests__","!dist/**/__tests__","classified","package-boundary","declared npm package root; directory membership verified by pack evidence"
"package.json","1","package-publish-root","!dist/**/*.map","!dist/**/*.map","classified","package-boundary","declared npm package root; directory membership verified by pack evidence"
"package.json","1","package-publish-root","!dist/**/*.test.js","!dist/**/*.test.js","classified","package-boundary","declared npm package root; directory membership verified by pack evidence"
"package.json","1","package-publish-root","bin","bin","classified","package-boundary","declared npm package root; directory membership verified by pack evidence"
"package.json","1","package-publish-root","dist","dist","classified","package-boundary","declared npm package root; directory membership verified by pack evidence"
"package.json","1","package-publish-root","schemas","schemas","classified","package-boundary","declared npm package root; directory membership verified by pack evidence"
"package.json","1","package-publish-root","scripts/postinstall.js","scripts/postinstall.js","classified","package-boundary","declared npm package root; directory membership verified by pack evidence"
"package.json","1","package-script-command","build: node build.js","node build.js","classified","automation-command","npm lifecycle or development command terminal"
"package.json","1","package-script-command","changeset: changeset","changeset","classified","automation-command","npm lifecycle or development command terminal"
"package.json","1","package-script-command","check:pack-version: node scripts/pack-version-check.mjs","node scripts/pack-version-check.mjs","classified","automation-command","npm lifecycle or development command terminal"
"package.json","1","package-script-command","dev: tsc --watch","tsc --watch","classified","automation-command","npm lifecycle or development command terminal"
"package.json","1","package-script-command","dev:cli: pnpm build && node bin/openspec.js","pnpm build && node bin/openspec.js","classified","automation-command","npm lifecycle or development command terminal"
"package.json","1","package-script-command","generate:skills: node scripts/generate-skillssh.mjs","node scripts/generate-skillssh.mjs","classified","automation-command","npm lifecycle or development command terminal"
"package.json","1","package-script-command","lint: eslint src/","eslint src/","classified","automation-command","npm lifecycle or development command terminal"
"package.json","1","package-script-command","postinstall: node scripts/postinstall.js","node scripts/postinstall.js","classified","automation-command","npm lifecycle or development command terminal"
"package.json","1","package-script-command","prepare: pnpm run build","pnpm run build","classified","automation-command","npm lifecycle or development command terminal"
"package.json","1","package-script-command","prepublishOnly: pnpm run build","pnpm run build","classified","automation-command","npm lifecycle or development command terminal"
"package.json","1","package-script-command","regen:parity-hashes: node scripts/regen-parity-hashes.mjs","node scripts/regen-parity-hashes.mjs","classified","automation-command","npm lifecycle or development command terminal"
"package.json","1","package-script-command","release: pnpm run release:ci","pnpm run release:ci","classified","automation-command","npm lifecycle or development command terminal"
"package.json","1","package-script-command","release:ci: pnpm run check:pack-version && pnpm exec changeset publish","pnpm run check:pack-version && pnpm exec changeset publish","classified","automation-command","npm lifecycle or development command terminal"
"package.json","1","package-script-command","test: vitest run","vitest run","classified","automation-command","npm lifecycle or development command terminal"
"package.json","1","package-script-command","test:coverage: vitest --coverage","vitest --coverage","classified","automation-command","npm lifecycle or development command terminal"
"package.json","1","package-script-command","test:postinstall: node scripts/postinstall.js","node scripts/postinstall.js","classified","automation-command","npm lifecycle or development command terminal"
"package.json","1","package-script-command","test:ui: vitest --ui","vitest --ui","classified","automation-command","npm lifecycle or development command terminal"
"package.json","1","package-script-command","test:watch: vitest","vitest","classified","automation-command","npm lifecycle or development command terminal"
"package.json","1","package-script-file","scripts/generate-skillssh.mjs","scripts/generate-skillssh.mjs","resolved","tracked-file","resolved to pinned tracked file"
"package.json","1","package-script-file","scripts/pack-version-check.mjs","scripts/pack-version-check.mjs","resolved","tracked-file","resolved to pinned tracked file"
"package.json","1","package-script-file","scripts/postinstall.js","scripts/postinstall.js","resolved","tracked-file","resolved to pinned tracked file"
"package.json","1","package-script-file","scripts/postinstall.js","scripts/postinstall.js","resolved","tracked-file","resolved to pinned tracked file"
"package.json","1","package-script-file","scripts/regen-parity-hashes.mjs","scripts/regen-parity-hashes.mjs","resolved","tracked-file","resolved to pinned tracked file"
"README_OLD.md","54","markdown-link","#how-openspec-compares","README_OLD.md#how-openspec-compares","classified","document-anchor","same-document anchor; anchor spelling not treated as a filesystem edge"
"README_OLD.md","104","markdown-link","https://www.codebuddy.ai/cli","https://www.codebuddy.ai/cli","classified","external-dependency","external endpoint inventoried but not fetched"
"README_OLD.md","107","markdown-link","https://costrict.ai","https://costrict.ai","classified","external-dependency","external endpoint inventoried but not fetched"
"README_OLD.md","116","markdown-link","https://qoder.com","https://qoder.com","classified","external-dependency","external endpoint inventoried but not fetched"
"README_OLD.md","128","markdown-link","https://agents.md/","https://agents.md/","classified","external-dependency","external endpoint inventoried but not fetched"
"README_OLD.md","445","markdown-link","docs/opsx.md","docs/opsx.md","resolved","tracked-file","resolved to pinned tracked file"
"README_OLD.md","469","markdown-link","MAINTAINERS.md","MAINTAINERS.md","resolved","tracked-file","resolved to pinned tracked file"
"README.md","20","markdown-link","https://img.shields.io/github/stars/Fission-AI/OpenSpec?style=flat-square&label=Stars","https://img.shields.io/github/stars/Fission-AI/OpenSpec?style=flat-square&label=Stars","classified","external-dependency","external endpoint inventoried but not fetched"
"README.md","21","markdown-link","https://img.shields.io/npm/dm/@fission-ai/openspec?style=flat-square&label=Downloads/mo","https://img.shields.io/npm/dm/@fission-ai/openspec?style=flat-square&label=Downloads/mo","classified","external-dependency","external endpoint inventoried but not fetched"
"README.md","22","markdown-link","https://img.shields.io/github/contributors/Fission-AI/OpenSpec?style=flat-square&label=Contributors","https://img.shields.io/github/contributors/Fission-AI/OpenSpec?style=flat-square&label=Contributors","classified","external-dependency","external endpoint inventoried but not fetched"
"README.md","39","markdown-link","docs/opsx.md","docs/opsx.md","resolved","tracked-file","resolved to pinned tracked file"
"README.md","98","markdown-link","openspec/changes","openspec/changes","resolved","tracked-directory","resolved to a directory containing pinned tracked files"
"README.md","98","markdown-link","openspec/specs","openspec/specs","resolved","tracked-directory","resolved to a directory containing pinned tracked files"
"README.md","115","markdown-link","docs/stores-beta/user-guide.md","docs/stores-beta/user-guide.md","resolved","tracked-file","resolved to pinned tracked file"
"README.md","121","markdown-link","docs/stores-beta/user-guide.md","docs/stores-beta/user-guide.md","resolved","tracked-file","resolved to pinned tracked file"
"README.md","140","markdown-link","docs/installation.md#install-with-your-ai-assistant","docs/installation.md","resolved","tracked-file","resolved to pinned tracked file"
"README.md","144","markdown-link","docs/explore.md","docs/explore.md","resolved","tracked-file","resolved to pinned tracked file"
"README.md","149","markdown-link","docs/supported-tools.md#how-to-invoke","docs/supported-tools.md","resolved","tracked-file","resolved to pinned tracked file"
"README.md","152","markdown-link","docs/supported-tools.md","docs/supported-tools.md","resolved","tracked-file","resolved to pinned tracked file"
"README.md","154","markdown-link","docs/installation.md","docs/installation.md","resolved","tracked-file","resolved to pinned tracked file"
"README.md","158","markdown-link","docs/getting-started.md","docs/getting-started.md","resolved","tracked-file","resolved to pinned tracked file"
"README.md","158","markdown-link","docs/how-commands-work.md","docs/how-commands-work.md","resolved","tracked-file","resolved to pinned tracked file"
"README.md","158","markdown-link","docs/README.md","docs/README.md","resolved","tracked-file","resolved to pinned tracked file"
"README.md","160","markdown-link","docs/getting-started.md","docs/getting-started.md","resolved","tracked-file","resolved to pinned tracked file"
"README.md","161","markdown-link","docs/explore.md","docs/explore.md","resolved","tracked-file","resolved to pinned tracked file"
"README.md","162","markdown-link","docs/how-commands-work.md","docs/how-commands-work.md","resolved","tracked-file","resolved to pinned tracked file"
"README.md","163","markdown-link","docs/overview.md","docs/overview.md","resolved","tracked-file","resolved to pinned tracked file"
"README.md","164","markdown-link","docs/examples.md","docs/examples.md","resolved","tracked-file","resolved to pinned tracked file"
"README.md","165","markdown-link","docs/workflows.md","docs/workflows.md","resolved","tracked-file","resolved to pinned tracked file"
"README.md","166","markdown-link","docs/existing-projects.md","docs/existing-projects.md","resolved","tracked-file","resolved to pinned tracked file"
"README.md","167","markdown-link","docs/editing-changes.md","docs/editing-changes.md","resolved","tracked-file","resolved to pinned tracked file"
"README.md","168","markdown-link","docs/commands.md","docs/commands.md","resolved","tracked-file","resolved to pinned tracked file"
"README.md","169","markdown-link","docs/cli.md","docs/cli.md","resolved","tracked-file","resolved to pinned tracked file"
"README.md","170","markdown-link","docs/stores-beta/user-guide.md","docs/stores-beta/user-guide.md","resolved","tracked-file","resolved to pinned tracked file"
"README.md","171","markdown-link","docs/supported-tools.md","docs/supported-tools.md","resolved","tracked-file","resolved to pinned tracked file"
"README.md","172","markdown-link","docs/concepts.md","docs/concepts.md","resolved","tracked-file","resolved to pinned tracked file"
"README.md","173","markdown-link","docs/multi-language.md","docs/multi-language.md","resolved","tracked-file","resolved to pinned tracked file"
"README.md","174","markdown-link","docs/customization.md","docs/customization.md","resolved","tracked-file","resolved to pinned tracked file"
"README.md","175","markdown-link","docs/faq.md","docs/faq.md","resolved","tracked-file","resolved to pinned tracked file"
"README.md","175","markdown-link","docs/glossary.md","docs/glossary.md","resolved","tracked-file","resolved to pinned tracked file"
"README.md","175","markdown-link","docs/troubleshooting.md","docs/troubleshooting.md","resolved","tracked-file","resolved to pinned tracked file"
"README.md","180","markdown-link","https://github.com/github/spec-kit/tree/main/extensions","https://github.com/github/spec-kit/tree/main/extensions","classified","external-dependency","external endpoint inventoried but not fetched"
"README.md","182","markdown-link","docs/customization.md#community-schemas","docs/customization.md","resolved","tracked-file","resolved to pinned tracked file"
"README.md","196","markdown-link","https://github.com/github/spec-kit","https://github.com/github/spec-kit","classified","external-dependency","external endpoint inventoried but not fetched"
"README.md","198","markdown-link","https://kiro.dev","https://kiro.dev","classified","external-dependency","external endpoint inventoried but not fetched"
"README.md","258","markdown-link","MAINTAINERS.md","MAINTAINERS.md","resolved","tracked-file","resolved to pinned tracked file"
"schemas/spec-driven/schema.yaml","6","schema-output","proposal.md","proposal.md","classified","generated-artifact","declared output path or glob; expected to be created by workflow execution"
"schemas/spec-driven/schema.yaml","8","schema-template","proposal.md","schemas/spec-driven/templates/proposal.md","resolved","tracked-file","resolved to pinned tracked file"
"schemas/spec-driven/schema.yaml","39","schema-output","""specs/**/*.md""","""specs/**/*.md""","classified","generated-artifact","declared output path or glob; expected to be created by workflow execution"
"schemas/spec-driven/schema.yaml","41","schema-template","spec.md","schemas/spec-driven/templates/spec.md","resolved","tracked-file","resolved to pinned tracked file"
"schemas/spec-driven/schema.yaml","130","schema-output","design.md","design.md","classified","generated-artifact","declared output path or glob; expected to be created by workflow execution"
"schemas/spec-driven/schema.yaml","132","schema-template","design.md","schemas/spec-driven/templates/design.md","resolved","tracked-file","resolved to pinned tracked file"
"schemas/spec-driven/schema.yaml","165","schema-output","tasks.md","tasks.md","classified","generated-artifact","declared output path or glob; expected to be created by workflow execution"
"schemas/spec-driven/schema.yaml","167","schema-template","tasks.md","schemas/spec-driven/templates/tasks.md","resolved","tracked-file","resolved to pinned tracked file"
"scripts/generate-skillssh.mjs","17","module-import","node:fs","node:fs","classified","runtime-builtin","package or runtime module terminal"
"scripts/generate-skillssh.mjs","18","module-import","node:path","node:path","classified","runtime-builtin","package or runtime module terminal"
"scripts/generate-skillssh.mjs","19","module-import","node:url","node:url","classified","runtime-builtin","package or runtime module terminal"
"scripts/generate-skillssh.mjs","21","module-import","../dist/core/shared/skill-generation.js","dist/core/shared/skill-generation.js","classified","generated-build-artifact","generated by the pinned TypeScript build and excluded from Git"
"scripts/generate-skillssh.mjs","22","module-import","../dist/utils/command-references.js","dist/utils/command-references.js","classified","generated-build-artifact","generated by the pinned TypeScript build and excluded from Git"
"scripts/pack-version-check.mjs","13","module-import","child_process","child_process","classified","external-package","package or runtime module terminal"
"scripts/pack-version-check.mjs","14","module-import","fs","fs","classified","external-package","package or runtime module terminal"
"scripts/pack-version-check.mjs","15","module-import","os","os","classified","external-package","package or runtime module terminal"
"scripts/pack-version-check.mjs","16","module-import","path","path","classified","external-package","package or runtime module terminal"
"scripts/postinstall.js","18","module-import","fs","fs","classified","external-package","package or runtime module terminal"
"scripts/postinstall.js","19","module-import","path","path","classified","external-package","package or runtime module terminal"
"scripts/postinstall.js","20","module-import","url","url","classified","external-package","package or runtime module terminal"
"scripts/regen-parity-hashes.mjs","35","module-import","node:crypto","node:crypto","classified","runtime-builtin","package or runtime module terminal"
"scripts/regen-parity-hashes.mjs","36","module-import","node:fs","node:fs","classified","runtime-builtin","package or runtime module terminal"
"scripts/regen-parity-hashes.mjs","37","module-import","node:path","node:path","classified","runtime-builtin","package or runtime module terminal"
"scripts/regen-parity-hashes.mjs","38","module-import","node:url","node:url","classified","runtime-builtin","package or runtime module terminal"
"scripts/regen-parity-hashes.mjs","40","module-import","./parity-hash-shared.mjs","scripts/parity-hash-shared.mjs","resolved","tracked-file","resolved to pinned tracked file"
"scripts/skillssh-shared.mjs","5","module-import","node:fs","node:fs","classified","runtime-builtin","package or runtime module terminal"
"scripts/skillssh-shared.mjs","6","module-import","node:path","node:path","classified","runtime-builtin","package or runtime module terminal"
"SECURITY.md","5","markdown-link","https://github.com/Fission-AI/OpenSpec/security/advisories/new","https://github.com/Fission-AI/OpenSpec/security/advisories/new","classified","external-dependency","external endpoint inventoried but not fetched"
"SECURITY.md","55","markdown-link","https://github.com/Fission-AI/OpenSpec/security/code-scanning","https://github.com/Fission-AI/OpenSpec/security/code-scanning","classified","external-dependency","external endpoint inventoried but not fetched"
"SECURITY.md","56","markdown-link","https://github.com/Fission-AI/OpenSpec/security/dependabot","https://github.com/Fission-AI/OpenSpec/security/dependabot","classified","external-dependency","external endpoint inventoried but not fetched"
"skills/README.md","3","markdown-link","https://skills.sh","https://skills.sh","classified","external-dependency","external endpoint inventoried but not fetched"
"src/cli/index.ts","1","module-import","../commands/shared-output.js","src/commands/shared-output.ts","resolved","tracked-file","resolved to pinned tracked file"
"src/cli/index.ts","2","module-import","commander","commander","classified","external-package","package or runtime module terminal"
"src/cli/index.ts","3","module-import","module","module","classified","external-package","package or runtime module terminal"
"src/cli/index.ts","4","module-import","ora","ora","classified","external-package","package or runtime module terminal"
"src/cli/index.ts","5","module-import","path","path","classified","external-package","package or runtime module terminal"
"src/cli/index.ts","6","module-import","url","url","classified","external-package","package or runtime module terminal"
"src/cli/index.ts","7","module-import","fs","fs","classified","external-package","package or runtime module terminal"
"src/cli/index.ts","8","module-import","../core/config.js","src/core/config.ts","resolved","tracked-file","resolved to pinned tracked file"
"src/cli/index.ts","9","module-import","../core/update.js","src/core/update.ts","resolved","tracked-file","resolved to pinned tracked file"
"src/cli/index.ts","20","module-import","../core/list.js","src/core/list.ts","resolved","tracked-file","resolved to pinned tracked file"
"src/cli/index.ts","21","module-import","../core/archive.js","src/core/archive.ts","resolved","tracked-file","resolved to pinned tracked file"
"src/cli/index.ts","22","module-import","../core/view.js","src/core/view.ts","resolved","tracked-file","resolved to pinned tracked file"
"src/cli/index.ts","23","module-import","../core/root-selection.js","src/core/root-selection.ts","resolved","tracked-file","resolved to pinned tracked file"
"src/cli/index.ts","24","module-import","../commands/spec.js","src/commands/spec.ts","resolved","tracked-file","resolved to pinned tracked file"
"src/cli/index.ts","25","module-import","../commands/change.js","src/commands/change.ts","resolved","tracked-file","resolved to pinned tracked file"
"src/cli/index.ts","26","module-import","../commands/validate.js","src/commands/validate.ts","resolved","tracked-file","resolved to pinned tracked file"
"src/cli/index.ts","27","module-import","../commands/show.js","src/commands/show.ts","resolved","tracked-file","resolved to pinned tracked file"
"src/cli/index.ts","28","module-import","../commands/completion.js","src/commands/completion.ts","resolved","tracked-file","resolved to pinned tracked file"
"src/cli/index.ts","29","module-import","../commands/feedback.js","src/commands/feedback.ts","resolved","tracked-file","resolved to pinned tracked file"
"src/cli/index.ts","30","module-import","../commands/config.js","src/commands/config.ts","resolved","tracked-file","resolved to pinned tracked file"
"src/cli/index.ts","31","module-import","../commands/schema.js","src/commands/schema.ts","resolved","tracked-file","resolved to pinned tracked file"
"src/cli/index.ts","32","module-import","../commands/store.js","src/commands/store.ts","resolved","tracked-file","resolved to pinned tracked file"
"src/cli/index.ts","33","module-import","../commands/doctor.js","src/commands/doctor.ts","resolved","tracked-file","resolved to pinned tracked file"
"src/cli/index.ts","34","module-import","../commands/context.js","src/commands/context.ts","resolved","tracked-file","resolved to pinned tracked file"
"src/cli/index.ts","35","module-import","../commands/workset.js","src/commands/workset.ts","resolved","tracked-file","resolved to pinned tracked file"
"src/cli/index.ts","51","module-import","../telemetry/index.js","src/telemetry/index.ts","resolved","tracked-file","resolved to pinned tracked file"
"src/cli/index.ts","52","module-import","../core/completions/shared-flags.js","src/core/completions/shared-flags.ts","resolved","tracked-file","resolved to pinned tracked file"
"src/cli/index.ts","53","module-import","../utils/interactive.js","src/utils/interactive.ts","resolved","tracked-file","resolved to pinned tracked file"
"src/cli/index.ts","96","module-import","../../package.json","package.json","resolved","tracked-file","resolved to pinned tracked file"
"src/cli/index.ts","183","module-import","../core/init.js","src/core/init.ts","resolved","tracked-file","resolved to pinned tracked file"
"src/cli/index.ts","206","module-import","../core/init.js","src/core/init.ts","resolved","tracked-file","resolved to pinned tracked file"
"src/commands/change.ts","1","module-import","fs","fs","classified","external-package","package or runtime module terminal"
"src/commands/change.ts","2","module-import","path","path","classified","external-package","package or runtime module terminal"
"src/commands/change.ts","3","module-import","../core/converters/json-converter.js","src/core/converters/json-converter.ts","resolved","tracked-file","resolved to pinned tracked file"
"src/commands/change.ts","4","module-import","../core/validation/validator.js","src/core/validation/validator.ts","resolved","tracked-file","resolved to pinned tracked file"
"src/commands/change.ts","5","module-import","../core/validation/constants.js","src/core/validation/constants.ts","resolved","tracked-file","resolved to pinned tracked file"
"src/commands/change.ts","6","module-import","../core/parsers/change-parser.js","src/core/parsers/change-parser.ts","resolved","tracked-file","resolved to pinned tracked file"
"src/commands/change.ts","7","module-import","../core/schemas/index.js","src/core/schemas/index.ts","resolved","tracked-file","resolved to pinned tracked file"
"src/commands/change.ts","8","module-import","../core/root-selection.js","src/core/root-selection.ts","resolved","tracked-file","resolved to pinned tracked file"
"src/commands/change.ts","9","module-import","../utils/interactive.js","src/utils/interactive.ts","resolved","tracked-file","resolved to pinned tracked file"
"src/commands/change.ts","10","module-import","../utils/item-discovery.js","src/utils/item-discovery.ts","resolved","tracked-file","resolved to pinned tracked file"
"src/commands/change.ts","11","module-import","../utils/task-progress.js","src/utils/task-progress.ts","resolved","tracked-file","resolved to pinned tracked file"
"src/commands/change.ts","63","module-import","@inquirer/prompts","@inquirer/prompts","classified","external-package","package or runtime module terminal"
"src/commands/change.ts","232","module-import","@inquirer/prompts","@inquirer/prompts","classified","external-package","package or runtime module terminal"
"src/commands/completion.ts","1","module-import","ora","ora","classified","external-package","package or runtime module terminal"
"src/commands/completion.ts","2","module-import","../core/completions/factory.js","src/core/completions/factory.ts","resolved","tracked-file","resolved to pinned tracked file"
"src/commands/completion.ts","3","module-import","../core/completions/command-registry.js","src/core/completions/command-registry.ts","resolved","tracked-file","resolved to pinned tracked file"
"src/commands/completion.ts","4","module-import","../utils/shell-detection.js","src/utils/shell-detection.ts","resolved","tracked-file","resolved to pinned tracked file"
"src/commands/completion.ts","5","module-import","../core/completions/completion-provider.js","src/core/completions/completion-provider.ts","resolved","tracked-file","resolved to pinned tracked file"
"src/commands/completion.ts","6","module-import","../utils/item-discovery.js","src/utils/item-discovery.ts","resolved","tracked-file","resolved to pinned tracked file"
"src/commands/completion.ts","215","module-import","@inquirer/prompts","@inquirer/prompts","classified","external-package","package or runtime module terminal"
"src/commands/config.ts","1","module-import","commander","commander","classified","external-package","package or runtime module terminal"
"src/commands/config.ts","2","module-import","node:child_process","node:child_process","classified","runtime-builtin","package or runtime module terminal"
"src/commands/config.ts","3","module-import","node:fs","node:fs","classified","runtime-builtin","package or runtime module terminal"
"src/commands/config.ts","4","module-import","node:path","node:path","classified","runtime-builtin","package or runtime module terminal"
"src/commands/config.ts","11","module-import","../core/global-config.js","src/core/global-config.ts","resolved","tracked-file","resolved to pinned tracked file"
"src/commands/config.ts","23","module-import","../core/profiles.js","src/core/profiles.ts","resolved","tracked-file","resolved to pinned tracked file"
"src/commands/config.ts","24","module-import","../core/config.js","src/core/config.ts","resolved","tracked-file","resolved to pinned tracked file"
"src/commands/config.ts","25","module-import","../core/profile-sync-drift.js","src/core/profile-sync-drift.ts","resolved","tracked-file","resolved to pinned tracked file"
"src/commands/config.ts","26","module-import","../core/update.js","src/core/update.ts","resolved","tracked-file","resolved to pinned tracked file"
"src/commands/config.ts","27","module-import","./shared-output.js","src/commands/shared-output.ts","resolved","tracked-file","resolved to pinned tracked file"
"src/commands/config.ts","368","module-import","@inquirer/prompts","@inquirer/prompts","classified","external-package","package or runtime module terminal"
"src/commands/config.ts","487","module-import","@inquirer/prompts","@inquirer/prompts","classified","external-package","package or runtime module terminal"
"src/commands/config.ts","488","module-import","chalk","chalk","classified","external-package","package or runtime module terminal"
"src/commands/context.ts","8","module-import","node:fs","node:fs","classified","runtime-builtin","package or runtime module terminal"
"src/commands/context.ts","9","module-import","node:path","node:path","classified","runtime-builtin","package or runtime module terminal"
"src/commands/context.ts","10","module-import","commander","commander","classified","external-package","package or runtime module terminal"
"src/commands/context.ts","16","module-import","../core/relationship-health.js","src/core/relationship-health.ts","resolved","tracked-file","resolved to pinned tracked file"
"src/commands/context.ts","24","module-import","../core/store/errors.js","src/core/store/errors.ts","resolved","tracked-file","resolved to pinned tracked file"
"src/commands/context.ts","25","module-import","../core/completions/command-registry.js","src/core/completions/command-registry.ts","resolved","tracked-file","resolved to pinned tracked file"
"src/commands/context.ts","26","module-import","../core/completions/shared-flags.js","src/core/completions/shared-flags.ts","resolved","tracked-file","resolved to pinned tracked file"
"src/commands/context.ts","27","module-import","./shared-output.js","src/commands/shared-output.ts","resolved","tracked-file","resolved to pinned tracked file"
"src/commands/context.ts","28","module-import","./shared-gather.js","src/commands/shared-gather.ts","resolved","tracked-file","resolved to pinned tracked file"
"src/commands/doctor.ts","6","module-import","commander","commander","classified","external-package","package or runtime module terminal"
"src/commands/doctor.ts","12","module-import","../core/store/foundation.js","src/core/store/foundation.ts","resolved","tracked-file","resolved to pinned tracked file"
"src/commands/doctor.ts","13","module-import","../core/store/git.js","src/core/store/git.ts","resolved","tracked-file","resolved to pinned tracked file"
"src/commands/doctor.ts","19","module-import","../core/planning-home.js","src/core/planning-home.ts","resolved","tracked-file","resolved to pinned tracked file"
"src/commands/doctor.ts","20","module-import","./shared-gather.js","src/commands/shared-gather.ts","resolved","tracked-file","resolved to pinned tracked file"
"src/commands/doctor.ts","26","module-import","../core/completions/command-registry.js","src/core/completions/command-registry.ts","resolved","tracked-file","resolved to pinned tracked file"
"src/commands/doctor.ts","27","module-import","../core/completions/shared-flags.js","src/core/completions/shared-flags.ts","resolved","tracked-file","resolved to pinned tracked file"
"src/commands/doctor.ts","28","module-import","./shared-output.js","src/commands/shared-output.ts","resolved","tracked-file","resolved to pinned tracked file"
"src/commands/doctor.ts","29","module-import","node:path","node:path","classified","runtime-builtin","package or runtime module terminal"
"src/commands/feedback.ts","1","module-import","child_process","child_process","classified","external-package","package or runtime module terminal"
"src/commands/feedback.ts","2","module-import","module","module","classified","external-package","package or runtime module terminal"
"src/commands/feedback.ts","3","module-import","os","os","classified","external-package","package or runtime module terminal"
"src/commands/feedback.ts","38","module-import","../../package.json","package.json","resolved","tracked-file","resolved to pinned tracked file"
"src/commands/schema.ts","1","module-import","commander","commander","classified","external-package","package or runtime module terminal"
"src/commands/schema.ts","2","module-import","node:fs","node:fs","classified","runtime-builtin","package or runtime module terminal"
"src/commands/schema.ts","3","module-import","node:path","node:path","classified","runtime-builtin","package or runtime module terminal"
"src/commands/schema.ts","4","module-import","ora","ora","classified","external-package","package or runtime module terminal"
"src/commands/schema.ts","5","module-import","yaml","yaml","classified","external-package","package or runtime module terminal"
"src/commands/schema.ts","14","module-import","../core/artifact-graph/schema.js","src/core/artifact-graph/schema.ts","resolved","tracked-file","resolved to pinned tracked file"
"src/commands/schema.ts","15","module-import","../core/artifact-graph/types.js","src/core/artifact-graph/types.ts","resolved","tracked-file","resolved to pinned tracked file"
"src/commands/schema.ts","736","module-import","@inquirer/prompts","@inquirer/prompts","classified","external-package","package or runtime module terminal"
"src/commands/schema.ts","885","module-import","yaml","yaml","classified","external-package","package or runtime module terminal"
"src/commands/shared-gather.ts","7","module-import","node:path","node:path","classified","runtime-builtin","package or runtime module terminal"
"src/commands/shared-gather.ts","9","module-import","../core/store/registry.js","src/core/store/registry.ts","resolved","tracked-file","resolved to pinned tracked file"
"src/commands/shared-gather.ts","15","module-import","../core/references.js","src/core/references.ts","resolved","tracked-file","resolved to pinned tracked file"
"src/commands/shared-gather.ts","16","module-import","../core/openspec-root.js","src/core/openspec-root.ts","resolved","tracked-file","resolved to pinned tracked file"
"src/commands/shared-gather.ts","17","module-import","../core/root-selection.js","src/core/root-selection.ts","resolved","tracked-file","resolved to pinned tracked file"
"src/commands/shared-output.ts","7","module-import","../core/store/errors.js","src/core/store/errors.ts","resolved","tracked-file","resolved to pinned tracked file"
"src/commands/show.ts","1","module-import","../utils/interactive.js","src/utils/interactive.ts","resolved","tracked-file","resolved to pinned tracked file"
"src/commands/show.ts","2","module-import","../utils/item-discovery.js","src/utils/item-discovery.ts","resolved","tracked-file","resolved to pinned tracked file"
"src/commands/show.ts","11","module-import","./change.js","src/commands/change.ts","resolved","tracked-file","resolved to pinned tracked file"
"src/commands/show.ts","12","module-import","./spec.js","src/commands/spec.ts","resolved","tracked-file","resolved to pinned tracked file"
"src/commands/show.ts","13","module-import","../utils/match.js","src/utils/match.ts","resolved","tracked-file","resolved to pinned tracked file"
"src/commands/show.ts","41","module-import","@inquirer/prompts","@inquirer/prompts","classified","external-package","package or runtime module terminal"
"src/commands/show.ts","79","module-import","@inquirer/prompts","@inquirer/prompts","classified","external-package","package or runtime module terminal"
"src/commands/spec.ts","1","module-import","commander","commander","classified","external-package","package or runtime module terminal"
"src/commands/spec.ts","2","module-import","fs","fs","classified","external-package","package or runtime module terminal"
"src/commands/spec.ts","3","module-import","path","path","classified","external-package","package or runtime module terminal"
"src/commands/spec.ts","4","module-import","../core/parsers/markdown-parser.js","src/core/parsers/markdown-parser.ts","resolved","tracked-file","resolved to pinned tracked file"
"src/commands/spec.ts","5","module-import","../core/validation/validator.js","src/core/validation/validator.ts","resolved","tracked-file","resolved to pinned tracked file"
"src/commands/spec.ts","6","module-import","../core/schemas/index.js","src/core/schemas/index.ts","resolved","tracked-file","resolved to pinned tracked file"
"src/commands/spec.ts","7","module-import","../core/root-selection.js","src/core/root-selection.ts","resolved","tracked-file","resolved to pinned tracked file"
"src/commands/spec.ts","8","module-import","../utils/interactive.js","src/utils/interactive.ts","resolved","tracked-file","resolved to pinned tracked file"
"src/commands/spec.ts","9","module-import","../utils/item-discovery.js","src/utils/item-discovery.ts","resolved","tracked-file","resolved to pinned tracked file"
"src/commands/spec.ts","10","module-import","../utils/spec-discovery.js","src/utils/spec-discovery.ts","resolved","tracked-file","resolved to pinned tracked file"
"src/commands/spec.ts","86","module-import","@inquirer/prompts","@inquirer/prompts","classified","external-package","package or runtime module terminal"
"src/commands/spec.ts","220","module-import","@inquirer/prompts","@inquirer/prompts","classified","external-package","package or runtime module terminal"
"src/commands/store.ts","1","module-import","node:os","node:os","classified","runtime-builtin","package or runtime module terminal"
"src/commands/store.ts","2","module-import","./shared-output.js","src/commands/shared-output.ts","resolved","tracked-file","resolved to pinned tracked file"
"src/commands/store.ts","3","module-import","node:path","node:path","classified","runtime-builtin","package or runtime module terminal"
"src/commands/store.ts","4","module-import","commander","commander","classified","external-package","package or runtime module terminal"
"src/commands/store.ts","6","module-import","../core/completions/command-registry.js","src/core/completions/command-registry.ts","resolved","tracked-file","resolved to pinned tracked file"
"src/commands/store.ts","29","module-import","../utils/interactive.js","src/utils/interactive.ts","resolved","tracked-file","resolved to pinned tracked file"
"src/commands/store.ts","226","module-import","@inquirer/prompts","@inquirer/prompts","classified","external-package","package or runtime module terminal"
"src/commands/store.ts","243","module-import","@inquirer/prompts","@inquirer/prompts","classified","external-package","package or runtime module terminal"
"src/commands/store.ts","306","module-import","@inquirer/prompts","@inquirer/prompts","classified","external-package","package or runtime module terminal"
"src/commands/store.ts","347","module-import","@inquirer/prompts","@inquirer/prompts","classified","external-package","package or runtime module terminal"
"src/commands/store.ts","373","module-import","@inquirer/prompts","@inquirer/prompts","classified","external-package","package or runtime module terminal"
"src/commands/validate.ts","1","module-import","ora","ora","classified","external-package","package or runtime module terminal"
"src/commands/validate.ts","2","module-import","path","path","classified","external-package","package or runtime module terminal"
"src/commands/validate.ts","3","module-import","../core/validation/validator.js","src/core/validation/validator.ts","resolved","tracked-file","resolved to pinned tracked file"
"src/commands/validate.ts","4","module-import","../core/validation/constants.js","src/core/validation/constants.ts","resolved","tracked-file","resolved to pinned tracked file"
"src/commands/validate.ts","12","module-import","../utils/interactive.js","src/utils/interactive.ts","resolved","tracked-file","resolved to pinned tracked file"
"src/commands/validate.ts","13","module-import","../utils/item-discovery.js","src/utils/item-discovery.ts","resolved","tracked-file","resolved to pinned tracked file"
"src/commands/validate.ts","14","module-import","./workflow/shared.js","src/commands/workflow/shared.ts","resolved","tracked-file","resolved to pinned tracked file"
"src/commands/validate.ts","15","module-import","../utils/match.js","src/utils/match.ts","resolved","tracked-file","resolved to pinned tracked file"
"src/commands/validate.ts","95","module-import","@inquirer/prompts","@inquirer/prompts","classified","external-package","package or runtime module terminal"
"src/commands/workflow/index.ts","7","module-import","./status.js","src/commands/workflow/status.ts","resolved","tracked-file","resolved to pinned tracked file"
"src/commands/workflow/index.ts","8","module-import","./status.js","src/commands/workflow/status.ts","resolved","tracked-file","resolved to pinned tracked file"
"src/commands/workflow/index.ts","15","module-import","./instructions.js","src/commands/workflow/instructions.ts","resolved","tracked-file","resolved to pinned tracked file"
"src/commands/workflow/index.ts","17","module-import","./templates.js","src/commands/workflow/templates.ts","resolved","tracked-file","resolved to pinned tracked file"
"src/commands/workflow/index.ts","18","module-import","./templates.js","src/commands/workflow/templates.ts","resolved","tracked-file","resolved to pinned tracked file"
"src/commands/workflow/index.ts","20","module-import","./schemas.js","src/commands/workflow/schemas.ts","resolved","tracked-file","resolved to pinned tracked file"
"src/commands/workflow/index.ts","21","module-import","./schemas.js","src/commands/workflow/schemas.ts","resolved","tracked-file","resolved to pinned tracked file"
"src/commands/workflow/index.ts","23","module-import","./new-change.js","src/commands/workflow/new-change.ts","resolved","tracked-file","resolved to pinned tracked file"
"src/commands/workflow/index.ts","24","module-import","./new-change.js","src/commands/workflow/new-change.ts","resolved","tracked-file","resolved to pinned tracked file"
"src/commands/workflow/index.ts","26","module-import","./shared.js","src/commands/workflow/shared.ts","resolved","tracked-file","resolved to pinned tracked file"
"src/commands/workflow/instructions.ts","8","module-import","ora","ora","classified","external-package","package or runtime module terminal"
"src/commands/workflow/instructions.ts","9","module-import","path","path","classified","external-package","package or runtime module terminal"
"src/commands/workflow/instructions.ts","10","module-import","fs","fs","classified","external-package","package or runtime module terminal"
"src/commands/workflow/instructions.ts","36","module-import","../../core/store/registry.js","src/core/store/registry.ts","resolved","tracked-file","resolved to pinned tracked file"
"src/commands/workflow/instructions.ts","49","module-import","../../utils/task-progress.js","src/utils/task-progress.ts","resolved","tracked-file","resolved to pinned tracked file"
"src/commands/workflow/new-change.ts","10","module-import","ora","ora","classified","external-package","package or runtime module terminal"
"src/commands/workflow/new-change.ts","11","module-import","path","path","classified","external-package","package or runtime module terminal"
"src/commands/workflow/new-change.ts","12","module-import","../../utils/change-utils.js","src/utils/change-utils.ts","resolved","tracked-file","resolved to pinned tracked file"
"src/commands/workflow/new-change.ts","13","module-import","../../core/planning-home.js","src/core/planning-home.ts","resolved","tracked-file","resolved to pinned tracked file"
"src/commands/workflow/new-change.ts","24","module-import","./shared.js","src/commands/workflow/shared.ts","resolved","tracked-file","resolved to pinned tracked file"
"src/commands/workflow/new-change.ts","134","module-import","fs","fs","classified","external-package","package or runtime module terminal"
"src/commands/workflow/schemas.ts","7","module-import","chalk","chalk","classified","external-package","package or runtime module terminal"
"src/commands/workflow/schemas.ts","8","module-import","../../core/artifact-graph/index.js","src/core/artifact-graph/index.ts","resolved","tracked-file","resolved to pinned tracked file"
"src/commands/workflow/shared.ts","8","module-import","chalk","chalk","classified","external-package","package or runtime module terminal"
"src/commands/workflow/shared.ts","9","module-import","path","path","classified","external-package","package or runtime module terminal"
"src/commands/workflow/shared.ts","10","module-import","fs","fs","classified","external-package","package or runtime module terminal"
"src/commands/workflow/shared.ts","11","module-import","../../core/artifact-graph/index.js","src/core/artifact-graph/index.ts","resolved","tracked-file","resolved to pinned tracked file"
"src/commands/workflow/shared.ts","12","module-import","../../core/references.js","src/core/references.ts","resolved","tracked-file","resolved to pinned tracked file"
"src/commands/workflow/shared.ts","13","module-import","../../core/root-selection.js","src/core/root-selection.ts","resolved","tracked-file","resolved to pinned tracked file"
"src/commands/workflow/status.ts","7","module-import","ora","ora","classified","external-package","package or runtime module terminal"
"src/commands/workflow/status.ts","8","module-import","chalk","chalk","classified","external-package","package or runtime module terminal"
"src/commands/workflow/status.ts","9","module-import","../../core/planning-home.js","src/core/planning-home.ts","resolved","tracked-file","resolved to pinned tracked file"
"src/commands/workflow/templates.ts","7","module-import","ora","ora","classified","external-package","package or runtime module terminal"
"src/commands/workflow/templates.ts","8","module-import","path","path","classified","external-package","package or runtime module terminal"
"src/commands/workflow/templates.ts","14","module-import","../../utils/file-system.js","src/utils/file-system.ts","resolved","tracked-file","resolved to pinned tracked file"
"src/commands/workflow/templates.ts","15","module-import","./shared.js","src/commands/workflow/shared.ts","resolved","tracked-file","resolved to pinned tracked file"
"src/commands/workflow/templates.ts","50","module-import","../../core/artifact-graph/resolver.js","src/core/artifact-graph/resolver.ts","resolved","tracked-file","resolved to pinned tracked file"
"src/commands/workset-input.ts","5","module-import","node:path","node:path","classified","runtime-builtin","package or runtime module terminal"
"src/commands/workset-input.ts","7","module-import","../core/file-state.js","src/core/file-state.ts","resolved","tracked-file","resolved to pinned tracked file"
"src/commands/workset-input.ts","15","module-import","../core/store/errors.js","src/core/store/errors.ts","resolved","tracked-file","resolved to pinned tracked file"
"src/commands/workset-input.ts","16","module-import","../core/store/operations.js","src/core/store/operations.ts","resolved","tracked-file","resolved to pinned tracked file"
"src/commands/workset-input.ts","17","module-import","../core/global-config.js","src/core/global-config.ts","resolved","tracked-file","resolved to pinned tracked file"
"src/commands/workset-prompts.ts","6","module-import","node:path","node:path","classified","runtime-builtin","package or runtime module terminal"
"src/commands/workset-prompts.ts","8","module-import","../core/file-state.js","src/core/file-state.ts","resolved","tracked-file","resolved to pinned tracked file"
"src/commands/workset-prompts.ts","14","module-import","../core/store/operations.js","src/core/store/operations.ts","resolved","tracked-file","resolved to pinned tracked file"
"src/commands/workset-prompts.ts","21","module-import","./shared-output.js","src/commands/shared-output.ts","resolved","tracked-file","resolved to pinned tracked file"
"src/commands/workset-prompts.ts","39","module-import","@inquirer/prompts","@inquirer/prompts","classified","external-package","package or runtime module terminal"
"src/commands/workset-prompts.ts","155","module-import","@inquirer/prompts","@inquirer/prompts","classified","external-package","package or runtime module terminal"
"src/commands/workset-prompts.ts","166","module-import","@inquirer/prompts","@inquirer/prompts","classified","external-package","package or runtime module terminal"
"src/commands/workset-prompts.ts","177","module-import","@inquirer/prompts","@inquirer/prompts","classified","external-package","package or runtime module terminal"
"src/commands/workset.ts","9","module-import","node:os","node:os","classified","runtime-builtin","package or runtime module terminal"
"src/commands/workset.ts","10","module-import","node:module","node:module","classified","runtime-builtin","package or runtime module terminal"
"src/commands/workset.ts","11","module-import","node:child_process","node:child_process","classified","runtime-builtin","package or runtime module terminal"
"src/commands/workset.ts","12","module-import","commander","commander","classified","external-package","package or runtime module terminal"
"src/commands/workset.ts","39","module-import","../core/file-state.js","src/core/file-state.ts","resolved","tracked-file","resolved to pinned tracked file"
"src/commands/workset.ts","44","module-import","../core/store/errors.js","src/core/store/errors.ts","resolved","tracked-file","resolved to pinned tracked file"
"src/commands/workset.ts","45","module-import","../utils/interactive.js","src/utils/interactive.ts","resolved","tracked-file","resolved to pinned tracked file"
"src/commands/workset.ts","67","module-import","../core/completions/command-registry.js","src/core/completions/command-registry.ts","resolved","tracked-file","resolved to pinned tracked file"
"src/core/archive.ts","1","module-import","fs","fs","classified","external-package","package or runtime module terminal"
"src/core/archive.ts","2","module-import","path","path","classified","external-package","package or runtime module terminal"
"src/core/archive.ts","3","module-import","../utils/date.js","src/utils/date.ts","resolved","tracked-file","resolved to pinned tracked file"
"src/core/archive.ts","4","module-import","../utils/task-progress.js","src/utils/task-progress.ts","resolved","tracked-file","resolved to pinned tracked file"
"src/core/archive.ts","5","module-import","./validation/validator.js","src/core/validation/validator.ts","resolved","tracked-file","resolved to pinned tracked file"
"src/core/archive.ts","6","module-import","chalk","chalk","classified","external-package","package or runtime module terminal"
"src/core/archive.ts","22","module-import","../utils/spec-discovery.js","src/utils/spec-discovery.ts","resolved","tracked-file","resolved to pinned tracked file"
"src/core/archive.ts","23","module-import","../utils/change-metadata.js","src/utils/change-metadata.ts","resolved","tracked-file","resolved to pinned tracked file"
"src/core/archive.ts","24","module-import","../utils/interactive.js","src/utils/interactive.ts","resolved","tracked-file","resolved to pinned tracked file"
"src/core/archive.ts","184","module-import","@inquirer/prompts","@inquirer/prompts","classified","external-package","package or runtime module terminal"
"src/core/archive.ts","741","module-import","@inquirer/prompts","@inquirer/prompts","classified","external-package","package or runtime module terminal"
"src/core/artifact-graph/graph.ts","1","module-import","./types.js","src/core/artifact-graph/types.ts","resolved","tracked-file","resolved to pinned tracked file"
"src/core/artifact-graph/graph.ts","2","module-import","./schema.js","src/core/artifact-graph/schema.ts","resolved","tracked-file","resolved to pinned tracked file"
"src/core/artifact-graph/index.ts","12","module-import","./schema.js","src/core/artifact-graph/schema.ts","resolved","tracked-file","resolved to pinned tracked file"
"src/core/artifact-graph/index.ts","15","module-import","./graph.js","src/core/artifact-graph/graph.ts","resolved","tracked-file","resolved to pinned tracked file"
"src/core/artifact-graph/index.ts","18","module-import","./state.js","src/core/artifact-graph/state.ts","resolved","tracked-file","resolved to pinned tracked file"
"src/core/artifact-graph/index.ts","19","module-import","./outputs.js","src/core/artifact-graph/outputs.ts","resolved","tracked-file","resolved to pinned tracked file"
"src/core/artifact-graph/instruction-loader.ts","1","module-import","node:fs","node:fs","classified","runtime-builtin","package or runtime module terminal"
"src/core/artifact-graph/instruction-loader.ts","2","module-import","node:path","node:path","classified","runtime-builtin","package or runtime module terminal"
"src/core/artifact-graph/instruction-loader.ts","3","module-import","./resolver.js","src/core/artifact-graph/resolver.ts","resolved","tracked-file","resolved to pinned tracked file"
"src/core/artifact-graph/instruction-loader.ts","4","module-import","./graph.js","src/core/artifact-graph/graph.ts","resolved","tracked-file","resolved to pinned tracked file"
"src/core/artifact-graph/instruction-loader.ts","5","module-import","./state.js","src/core/artifact-graph/state.ts","resolved","tracked-file","resolved to pinned tracked file"
"src/core/artifact-graph/instruction-loader.ts","6","module-import","./outputs.js","src/core/artifact-graph/outputs.ts","resolved","tracked-file","resolved to pinned tracked file"
"src/core/artifact-graph/instruction-loader.ts","7","module-import","../../utils/change-metadata.js","src/utils/change-metadata.ts","resolved","tracked-file","resolved to pinned tracked file"
"src/core/artifact-graph/instruction-loader.ts","8","module-import","../../utils/file-system.js","src/utils/file-system.ts","resolved","tracked-file","resolved to pinned tracked file"
"src/core/artifact-graph/instruction-loader.ts","16","module-import","../project-config.js","src/core/project-config.ts","resolved","tracked-file","resolved to pinned tracked file"
"src/core/artifact-graph/instruction-loader.ts","17","module-import","../references.js","src/core/references.ts","resolved","tracked-file","resolved to pinned tracked file"
"src/core/artifact-graph/instruction-loader.ts","18","module-import","../planning-home.js","src/core/planning-home.ts","resolved","tracked-file","resolved to pinned tracked file"
"src/core/artifact-graph/instruction-loader.ts","19","module-import","../change-metadata/index.js","src/core/change-metadata/index.ts","resolved","tracked-file","resolved to pinned tracked file"
"src/core/artifact-graph/instruction-loader.ts","20","module-import","./types.js","src/core/artifact-graph/types.ts","resolved","tracked-file","resolved to pinned tracked file"
"src/core/artifact-graph/outputs.ts","1","module-import","node:fs","node:fs","classified","runtime-builtin","package or runtime module terminal"
"src/core/artifact-graph/outputs.ts","2","module-import","node:path","node:path","classified","runtime-builtin","package or runtime module terminal"
"src/core/artifact-graph/outputs.ts","3","module-import","fast-glob","fast-glob","classified","external-package","package or runtime module terminal"
"src/core/artifact-graph/outputs.ts","4","module-import","../../utils/file-system.js","src/utils/file-system.ts","resolved","tracked-file","resolved to pinned tracked file"
"src/core/artifact-graph/resolver.ts","1","module-import","node:fs","node:fs","classified","runtime-builtin","package or runtime module terminal"
"src/core/artifact-graph/resolver.ts","2","module-import","node:path","node:path","classified","runtime-builtin","package or runtime module terminal"
"src/core/artifact-graph/resolver.ts","3","module-import","node:url","node:url","classified","runtime-builtin","package or runtime module terminal"
"src/core/artifact-graph/resolver.ts","4","module-import","../global-config.js","src/core/global-config.ts","resolved","tracked-file","resolved to pinned tracked file"
"src/core/artifact-graph/resolver.ts","5","module-import","./schema.js","src/core/artifact-graph/schema.ts","resolved","tracked-file","resolved to pinned tracked file"
"src/core/artifact-graph/resolver.ts","6","module-import","./types.js","src/core/artifact-graph/types.ts","resolved","tracked-file","resolved to pinned tracked file"
"src/core/artifact-graph/schema.ts","1","module-import","node:fs","node:fs","classified","runtime-builtin","package or runtime module terminal"
"src/core/artifact-graph/schema.ts","2","module-import","yaml","yaml","classified","external-package","package or runtime module terminal"
"src/core/artifact-graph/schema.ts","3","module-import","./types.js","src/core/artifact-graph/types.ts","resolved","tracked-file","resolved to pinned tracked file"
"src/core/artifact-graph/state.ts","1","module-import","node:fs","node:fs","classified","runtime-builtin","package or runtime module terminal"
"src/core/artifact-graph/state.ts","2","module-import","./types.js","src/core/artifact-graph/types.ts","resolved","tracked-file","resolved to pinned tracked file"
"src/core/artifact-graph/state.ts","3","module-import","./graph.js","src/core/artifact-graph/graph.ts","resolved","tracked-file","resolved to pinned tracked file"
"src/core/artifact-graph/state.ts","4","module-import","./outputs.js","src/core/artifact-graph/outputs.ts","resolved","tracked-file","resolved to pinned tracked file"
"src/core/artifact-graph/types.ts","1","module-import","zod","zod","classified","external-package","package or runtime module terminal"
"src/core/available-tools.ts","8","module-import","path","path","classified","external-package","package or runtime module terminal"
"src/core/available-tools.ts","9","module-import","fs","fs","classified","external-package","package or runtime module terminal"
"src/core/available-tools.ts","10","module-import","./config.js","src/core/config.ts","resolved","tracked-file","resolved to pinned tracked file"
"src/core/change-metadata/index.ts","1","module-import","./schema.js","src/core/change-metadata/schema.ts","resolved","tracked-file","resolved to pinned tracked file"
"src/core/change-metadata/schema.ts","1","module-import","zod","zod","classified","external-package","package or runtime module terminal"
"src/core/change-metadata/schema.ts","2","module-import","../id.js","src/core/id.ts","resolved","tracked-file","resolved to pinned tracked file"
"src/core/change-metadata/schema.ts","4","module-import","../id.js","src/core/id.ts","resolved","tracked-file","resolved to pinned tracked file"
"src/core/change-status-policy.ts","1","module-import","./planning-home.js","src/core/planning-home.ts","resolved","tracked-file","resolved to pinned tracked file"
"src/core/command-generation/adapters/amazon-q.ts","7","module-import","path","path","classified","external-package","package or runtime module terminal"
"src/core/command-generation/adapters/amazon-q.ts","8","module-import","../types.js","src/core/command-generation/types.ts","resolved","tracked-file","resolved to pinned tracked file"
"src/core/command-generation/adapters/amazon-q.ts","9","module-import","../yaml.js","src/core/command-generation/yaml.ts","resolved","tracked-file","resolved to pinned tracked file"
"src/core/command-generation/adapters/antigravity.ts","7","module-import","path","path","classified","external-package","package or runtime module terminal"
"src/core/command-generation/adapters/antigravity.ts","8","module-import","../types.js","src/core/command-generation/types.ts","resolved","tracked-file","resolved to pinned tracked file"
"src/core/command-generation/adapters/antigravity.ts","9","module-import","../yaml.js","src/core/command-generation/yaml.ts","resolved","tracked-file","resolved to pinned tracked file"
"src/core/command-generation/adapters/auggie.ts","7","module-import","path","path","classified","external-package","package or runtime module terminal"
"src/core/command-generation/adapters/auggie.ts","8","module-import","../types.js","src/core/command-generation/types.ts","resolved","tracked-file","resolved to pinned tracked file"
"src/core/command-generation/adapters/auggie.ts","9","module-import","../yaml.js","src/core/command-generation/yaml.ts","resolved","tracked-file","resolved to pinned tracked file"
"src/core/command-generation/adapters/bob.ts","8","module-import","path","path","classified","external-package","package or runtime module terminal"
"src/core/command-generation/adapters/bob.ts","9","module-import","../types.js","src/core/command-generation/types.ts","resolved","tracked-file","resolved to pinned tracked file"
"src/core/command-generation/adapters/bob.ts","10","module-import","../yaml.js","src/core/command-generation/yaml.ts","resolved","tracked-file","resolved to pinned tracked file"
"src/core/command-generation/adapters/claude.ts","7","module-import","path","path","classified","external-package","package or runtime module terminal"
"src/core/command-generation/adapters/claude.ts","8","module-import","../types.js","src/core/command-generation/types.ts","resolved","tracked-file","resolved to pinned tracked file"
"src/core/command-generation/adapters/claude.ts","9","module-import","../yaml.js","src/core/command-generation/yaml.ts","resolved","tracked-file","resolved to pinned tracked file"
"src/core/command-generation/adapters/claude.ts","10","module-import","../../shared/allowed-tools.js","src/core/shared/allowed-tools.ts","resolved","tracked-file","resolved to pinned tracked file"
"src/core/command-generation/adapters/cline.ts","8","module-import","path","path","classified","external-package","package or runtime module terminal"
"src/core/command-generation/adapters/cline.ts","9","module-import","../types.js","src/core/command-generation/types.ts","resolved","tracked-file","resolved to pinned tracked file"
"src/core/command-generation/adapters/codebuddy.ts","7","module-import","path","path","classified","external-package","package or runtime module terminal"
"src/core/command-generation/adapters/codebuddy.ts","8","module-import","../types.js","src/core/command-generation/types.ts","resolved","tracked-file","resolved to pinned tracked file"
"src/core/command-generation/adapters/codebuddy.ts","9","module-import","../yaml.js","src/core/command-generation/yaml.ts","resolved","tracked-file","resolved to pinned tracked file"
"src/core/command-generation/adapters/continue.ts","7","module-import","path","path","classified","external-package","package or runtime module terminal"
"src/core/command-generation/adapters/continue.ts","8","module-import","../types.js","src/core/command-generation/types.ts","resolved","tracked-file","resolved to pinned tracked file"
"src/core/command-generation/adapters/continue.ts","9","module-import","../yaml.js","src/core/command-generation/yaml.ts","resolved","tracked-file","resolved to pinned tracked file"
"src/core/command-generation/adapters/costrict.ts","7","module-import","path","path","classified","external-package","package or runtime module terminal"
"src/core/command-generation/adapters/costrict.ts","8","module-import","../types.js","src/core/command-generation/types.ts","resolved","tracked-file","resolved to pinned tracked file"
"src/core/command-generation/adapters/costrict.ts","9","module-import","../yaml.js","src/core/command-generation/yaml.ts","resolved","tracked-file","resolved to pinned tracked file"
"src/core/command-generation/adapters/crush.ts","7","module-import","path","path","classified","external-package","package or runtime module terminal"
"src/core/command-generation/adapters/crush.ts","8","module-import","../types.js","src/core/command-generation/types.ts","resolved","tracked-file","resolved to pinned tracked file"
"src/core/command-generation/adapters/crush.ts","9","module-import","../yaml.js","src/core/command-generation/yaml.ts","resolved","tracked-file","resolved to pinned tracked file"
"src/core/command-generation/adapters/cursor.ts","8","module-import","path","path","classified","external-package","package or runtime module terminal"
"src/core/command-generation/adapters/cursor.ts","9","module-import","../types.js","src/core/command-generation/types.ts","resolved","tracked-file","resolved to pinned tracked file"
"src/core/command-generation/adapters/cursor.ts","10","module-import","../yaml.js","src/core/command-generation/yaml.ts","resolved","tracked-file","resolved to pinned tracked file"
"src/core/command-generation/adapters/devin.ts","9","module-import","path","path","classified","external-package","package or runtime module terminal"
"src/core/command-generation/adapters/devin.ts","10","module-import","../types.js","src/core/command-generation/types.ts","resolved","tracked-file","resolved to pinned tracked file"
"src/core/command-generation/adapters/devin.ts","11","module-import","../yaml.js","src/core/command-generation/yaml.ts","resolved","tracked-file","resolved to pinned tracked file"
"src/core/command-generation/adapters/factory.ts","7","module-import","path","path","classified","external-package","package or runtime module terminal"
"src/core/command-generation/adapters/factory.ts","8","module-import","../types.js","src/core/command-generation/types.ts","resolved","tracked-file","resolved to pinned tracked file"
"src/core/command-generation/adapters/factory.ts","9","module-import","../yaml.js","src/core/command-generation/yaml.ts","resolved","tracked-file","resolved to pinned tracked file"
"src/core/command-generation/adapters/gemini.ts","7","module-import","path","path","classified","external-package","package or runtime module terminal"
"src/core/command-generation/adapters/gemini.ts","8","module-import","../types.js","src/core/command-generation/types.ts","resolved","tracked-file","resolved to pinned tracked file"
"src/core/command-generation/adapters/github-copilot.ts","7","module-import","path","path","classified","external-package","package or runtime module terminal"
"src/core/command-generation/adapters/github-copilot.ts","8","module-import","../types.js","src/core/command-generation/types.ts","resolved","tracked-file","resolved to pinned tracked file"
"src/core/command-generation/adapters/github-copilot.ts","9","module-import","../yaml.js","src/core/command-generation/yaml.ts","resolved","tracked-file","resolved to pinned tracked file"
"src/core/command-generation/adapters/iflow.ts","7","module-import","path","path","classified","external-package","package or runtime module terminal"
"src/core/command-generation/adapters/iflow.ts","8","module-import","../types.js","src/core/command-generation/types.ts","resolved","tracked-file","resolved to pinned tracked file"
"src/core/command-generation/adapters/iflow.ts","9","module-import","../yaml.js","src/core/command-generation/yaml.ts","resolved","tracked-file","resolved to pinned tracked file"
"src/core/command-generation/adapters/index.ts","7","module-import","./amazon-q.js","src/core/command-generation/adapters/amazon-q.ts","resolved","tracked-file","resolved to pinned tracked file"
"src/core/command-generation/adapters/index.ts","8","module-import","./antigravity.js","src/core/command-generation/adapters/antigravity.ts","resolved","tracked-file","resolved to pinned tracked file"
"src/core/command-generation/adapters/index.ts","9","module-import","./auggie.js","src/core/command-generation/adapters/auggie.ts","resolved","tracked-file","resolved to pinned tracked file"
"src/core/command-generation/adapters/index.ts","10","module-import","./bob.js","src/core/command-generation/adapters/bob.ts","resolved","tracked-file","resolved to pinned tracked file"
"src/core/command-generation/adapters/index.ts","11","module-import","./claude.js","src/core/command-generation/adapters/claude.ts","resolved","tracked-file","resolved to pinned tracked file"
"src/core/command-generation/adapters/index.ts","12","module-import","./cline.js","src/core/command-generation/adapters/cline.ts","resolved","tracked-file","resolved to pinned tracked file"
"src/core/command-generation/adapters/index.ts","13","module-import","./codebuddy.js","src/core/command-generation/adapters/codebuddy.ts","resolved","tracked-file","resolved to pinned tracked file"
"src/core/command-generation/adapters/index.ts","14","module-import","./continue.js","src/core/command-generation/adapters/continue.ts","resolved","tracked-file","resolved to pinned tracked file"
"src/core/command-generation/adapters/index.ts","15","module-import","./costrict.js","src/core/command-generation/adapters/costrict.ts","resolved","tracked-file","resolved to pinned tracked file"
"src/core/command-generation/adapters/index.ts","16","module-import","./crush.js","src/core/command-generation/adapters/crush.ts","resolved","tracked-file","resolved to pinned tracked file"
"src/core/command-generation/adapters/index.ts","17","module-import","./cursor.js","src/core/command-generation/adapters/cursor.ts","resolved","tracked-file","resolved to pinned tracked file"
"src/core/command-generation/adapters/index.ts","18","module-import","./devin.js","src/core/command-generation/adapters/devin.ts","resolved","tracked-file","resolved to pinned tracked file"
"src/core/command-generation/adapters/index.ts","19","module-import","./factory.js","src/core/command-generation/adapters/factory.ts","resolved","tracked-file","resolved to pinned tracked file"
"src/core/command-generation/adapters/index.ts","20","module-import","./gemini.js","src/core/command-generation/adapters/gemini.ts","resolved","tracked-file","resolved to pinned tracked file"
"src/core/command-generation/adapters/index.ts","21","module-import","./github-copilot.js","src/core/command-generation/adapters/github-copilot.ts","resolved","tracked-file","resolved to pinned tracked file"
"src/core/command-generation/adapters/index.ts","22","module-import","./iflow.js","src/core/command-generation/adapters/iflow.ts","resolved","tracked-file","resolved to pinned tracked file"
"src/core/command-generation/adapters/index.ts","23","module-import","./junie.js","src/core/command-generation/adapters/junie.ts","resolved","tracked-file","resolved to pinned tracked file"
"src/core/command-generation/adapters/index.ts","24","module-import","./kilocode.js","src/core/command-generation/adapters/kilocode.ts","resolved","tracked-file","resolved to pinned tracked file"
"src/core/command-generation/adapters/index.ts","25","module-import","./kiro.js","src/core/command-generation/adapters/kiro.ts","resolved","tracked-file","resolved to pinned tracked file"
"src/core/command-generation/adapters/index.ts","26","module-import","./oh-my-pi.js","src/core/command-generation/adapters/oh-my-pi.ts","resolved","tracked-file","resolved to pinned tracked file"
"src/core/command-generation/adapters/index.ts","27","module-import","./opencode.js","src/core/command-generation/adapters/opencode.ts","resolved","tracked-file","resolved to pinned tracked file"
"src/core/command-generation/adapters/index.ts","28","module-import","./pi.js","src/core/command-generation/adapters/pi.ts","resolved","tracked-file","resolved to pinned tracked file"
"src/core/command-generation/adapters/index.ts","29","module-import","./qoder.js","src/core/command-generation/adapters/qoder.ts","resolved","tracked-file","resolved to pinned tracked file"
"src/core/command-generation/adapters/index.ts","30","module-import","./lingma.js","src/core/command-generation/adapters/lingma.ts","resolved","tracked-file","resolved to pinned tracked file"
"src/core/command-generation/adapters/index.ts","31","module-import","./qwen.js","src/core/command-generation/adapters/qwen.ts","resolved","tracked-file","resolved to pinned tracked file"
"src/core/command-generation/adapters/index.ts","32","module-import","./roocode.js","src/core/command-generation/adapters/roocode.ts","resolved","tracked-file","resolved to pinned tracked file"
"src/core/command-generation/adapters/index.ts","33","module-import","./trae.js","src/core/command-generation/adapters/trae.ts","resolved","tracked-file","resolved to pinned tracked file"
"src/core/command-generation/adapters/index.ts","34","module-import","./zcode.js","src/core/command-generation/adapters/zcode.ts","resolved","tracked-file","resolved to pinned tracked file"
"src/core/command-generation/adapters/junie.ts","7","module-import","path","path","classified","external-package","package or runtime module terminal"
"src/core/command-generation/adapters/junie.ts","8","module-import","../types.js","src/core/command-generation/types.ts","resolved","tracked-file","resolved to pinned tracked file"
"src/core/command-generation/adapters/junie.ts","9","module-import","../yaml.js","src/core/command-generation/yaml.ts","resolved","tracked-file","resolved to pinned tracked file"
"src/core/command-generation/adapters/kilocode.ts","8","module-import","path","path","classified","external-package","package or runtime module terminal"
"src/core/command-generation/adapters/kilocode.ts","9","module-import","../types.js","src/core/command-generation/types.ts","resolved","tracked-file","resolved to pinned tracked file"
"src/core/command-generation/adapters/kiro.ts","7","module-import","path","path","classified","external-package","package or runtime module terminal"
"src/core/command-generation/adapters/kiro.ts","8","module-import","../types.js","src/core/command-generation/types.ts","resolved","tracked-file","resolved to pinned tracked file"
"src/core/command-generation/adapters/kiro.ts","9","module-import","../yaml.js","src/core/command-generation/yaml.ts","resolved","tracked-file","resolved to pinned tracked file"
"src/core/command-generation/adapters/lingma.ts","7","module-import","path","path","classified","external-package","package or runtime module terminal"
"src/core/command-generation/adapters/lingma.ts","8","module-import","../types.js","src/core/command-generation/types.ts","resolved","tracked-file","resolved to pinned tracked file"
"src/core/command-generation/adapters/lingma.ts","9","module-import","../yaml.js","src/core/command-generation/yaml.ts","resolved","tracked-file","resolved to pinned tracked file"
"src/core/command-generation/adapters/oh-my-pi.ts","9","module-import","path","path","classified","external-package","package or runtime module terminal"
"src/core/command-generation/adapters/oh-my-pi.ts","10","module-import","../types.js","src/core/command-generation/types.ts","resolved","tracked-file","resolved to pinned tracked file"
"src/core/command-generation/adapters/oh-my-pi.ts","11","module-import","../yaml.js","src/core/command-generation/yaml.ts","resolved","tracked-file","resolved to pinned tracked file"
"src/core/command-generation/adapters/opencode.ts","7","module-import","path","path","classified","external-package","package or runtime module terminal"
"src/core/command-generation/adapters/opencode.ts","8","module-import","../types.js","src/core/command-generation/types.ts","resolved","tracked-file","resolved to pinned tracked file"
"src/core/command-generation/adapters/opencode.ts","9","module-import","../yaml.js","src/core/command-generation/yaml.ts","resolved","tracked-file","resolved to pinned tracked file"
"src/core/command-generation/adapters/pi.ts","8","module-import","path","path","classified","external-package","package or runtime module terminal"
"src/core/command-generation/adapters/pi.ts","9","module-import","../types.js","src/core/command-generation/types.ts","resolved","tracked-file","resolved to pinned tracked file"
"src/core/command-generation/adapters/pi.ts","10","module-import","../yaml.js","src/core/command-generation/yaml.ts","resolved","tracked-file","resolved to pinned tracked file"
"src/core/command-generation/adapters/qoder.ts","7","module-import","path","path","classified","external-package","package or runtime module terminal"
"src/core/command-generation/adapters/qoder.ts","8","module-import","../types.js","src/core/command-generation/types.ts","resolved","tracked-file","resolved to pinned tracked file"
"src/core/command-generation/adapters/qoder.ts","9","module-import","../yaml.js","src/core/command-generation/yaml.ts","resolved","tracked-file","resolved to pinned tracked file"
"src/core/command-generation/adapters/qwen.ts","11","module-import","path","path","classified","external-package","package or runtime module terminal"
"src/core/command-generation/adapters/qwen.ts","12","module-import","../types.js","src/core/command-generation/types.ts","resolved","tracked-file","resolved to pinned tracked file"
"src/core/command-generation/adapters/qwen.ts","13","module-import","../yaml.js","src/core/command-generation/yaml.ts","resolved","tracked-file","resolved to pinned tracked file"
"src/core/command-generation/adapters/roocode.ts","8","module-import","path","path","classified","external-package","package or runtime module terminal"
"src/core/command-generation/adapters/roocode.ts","9","module-import","../types.js","src/core/command-generation/types.ts","resolved","tracked-file","resolved to pinned tracked file"
"src/core/command-generation/adapters/trae.ts","7","module-import","path","path","classified","external-package","package or runtime module terminal"
"src/core/command-generation/adapters/trae.ts","8","module-import","../types.js","src/core/command-generation/types.ts","resolved","tracked-file","resolved to pinned tracked file"
"src/core/command-generation/adapters/trae.ts","9","module-import","../yaml.js","src/core/command-generation/yaml.ts","resolved","tracked-file","resolved to pinned tracked file"
"src/core/command-generation/adapters/zcode.ts","10","module-import","path","path","classified","external-package","package or runtime module terminal"
"src/core/command-generation/adapters/zcode.ts","11","module-import","../types.js","src/core/command-generation/types.ts","resolved","tracked-file","resolved to pinned tracked file"
"src/core/command-generation/adapters/zcode.ts","12","module-import","../yaml.js","src/core/command-generation/yaml.ts","resolved","tracked-file","resolved to pinned tracked file"
"src/core/command-generation/generator.ts","7","module-import","./types.js","src/core/command-generation/types.ts","resolved","tracked-file","resolved to pinned tracked file"
"src/core/command-generation/generator.ts","8","module-import","./invocation.js","src/core/command-generation/invocation.ts","resolved","tracked-file","resolved to pinned tracked file"
"src/core/command-generation/generator.ts","9","module-import","../../utils/command-references.js","src/utils/command-references.ts","resolved","tracked-file","resolved to pinned tracked file"
"src/core/command-generation/index.ts","27","module-import","./registry.js","src/core/command-generation/registry.ts","resolved","tracked-file","resolved to pinned tracked file"
"src/core/command-generation/index.ts","30","module-import","./generator.js","src/core/command-generation/generator.ts","resolved","tracked-file","resolved to pinned tracked file"
"src/core/command-generation/index.ts","33","module-import","./adapters/index.js","src/core/command-generation/adapters/index.ts","resolved","tracked-file","resolved to pinned tracked file"
"src/core/command-generation/invocation.ts","25","module-import","path","path","classified","external-package","package or runtime module terminal"
"src/core/command-generation/invocation.ts","26","module-import","./types.js","src/core/command-generation/types.ts","resolved","tracked-file","resolved to pinned tracked file"
"src/core/command-generation/registry.ts","8","module-import","./types.js","src/core/command-generation/types.ts","resolved","tracked-file","resolved to pinned tracked file"
"src/core/command-generation/registry.ts","9","module-import","./adapters/amazon-q.js","src/core/command-generation/adapters/amazon-q.ts","resolved","tracked-file","resolved to pinned tracked file"
"src/core/command-generation/registry.ts","10","module-import","./adapters/antigravity.js","src/core/command-generation/adapters/antigravity.ts","resolved","tracked-file","resolved to pinned tracked file"
"src/core/command-generation/registry.ts","11","module-import","./adapters/auggie.js","src/core/command-generation/adapters/auggie.ts","resolved","tracked-file","resolved to pinned tracked file"
"src/core/command-generation/registry.ts","12","module-import","./adapters/bob.js","src/core/command-generation/adapters/bob.ts","resolved","tracked-file","resolved to pinned tracked file"
"src/core/command-generation/registry.ts","13","module-import","./adapters/claude.js","src/core/command-generation/adapters/claude.ts","resolved","tracked-file","resolved to pinned tracked file"
"src/core/command-generation/registry.ts","14","module-import","./adapters/cline.js","src/core/command-generation/adapters/cline.ts","resolved","tracked-file","resolved to pinned tracked file"
"src/core/command-generation/registry.ts","15","module-import","./adapters/devin.js","src/core/command-generation/adapters/devin.ts","resolved","tracked-file","resolved to pinned tracked file"
"src/core/command-generation/registry.ts","16","module-import","./adapters/codebuddy.js","src/core/command-generation/adapters/codebuddy.ts","resolved","tracked-file","resolved to pinned tracked file"
"src/core/command-generation/registry.ts","17","module-import","./adapters/continue.js","src/core/command-generation/adapters/continue.ts","resolved","tracked-file","resolved to pinned tracked file"
"src/core/command-generation/registry.ts","18","module-import","./adapters/costrict.js","src/core/command-generation/adapters/costrict.ts","resolved","tracked-file","resolved to pinned tracked file"
"src/core/command-generation/registry.ts","19","module-import","./adapters/crush.js","src/core/command-generation/adapters/crush.ts","resolved","tracked-file","resolved to pinned tracked file"
"src/core/command-generation/registry.ts","20","module-import","./adapters/cursor.js","src/core/command-generation/adapters/cursor.ts","resolved","tracked-file","resolved to pinned tracked file"
"src/core/command-generation/registry.ts","21","module-import","./adapters/factory.js","src/core/command-generation/adapters/factory.ts","resolved","tracked-file","resolved to pinned tracked file"
"src/core/command-generation/registry.ts","22","module-import","./adapters/gemini.js","src/core/command-generation/adapters/gemini.ts","resolved","tracked-file","resolved to pinned tracked file"
"src/core/command-generation/registry.ts","23","module-import","./adapters/github-copilot.js","src/core/command-generation/adapters/github-copilot.ts","resolved","tracked-file","resolved to pinned tracked file"
"src/core/command-generation/registry.ts","24","module-import","./adapters/iflow.js","src/core/command-generation/adapters/iflow.ts","resolved","tracked-file","resolved to pinned tracked file"
"src/core/command-generation/registry.ts","25","module-import","./adapters/junie.js","src/core/command-generation/adapters/junie.ts","resolved","tracked-file","resolved to pinned tracked file"
"src/core/command-generation/registry.ts","26","module-import","./adapters/kilocode.js","src/core/command-generation/adapters/kilocode.ts","resolved","tracked-file","resolved to pinned tracked file"
"src/core/command-generation/registry.ts","27","module-import","./adapters/kiro.js","src/core/command-generation/adapters/kiro.ts","resolved","tracked-file","resolved to pinned tracked file"
"src/core/command-generation/registry.ts","28","module-import","./adapters/oh-my-pi.js","src/core/command-generation/adapters/oh-my-pi.ts","resolved","tracked-file","resolved to pinned tracked file"
"src/core/command-generation/registry.ts","29","module-import","./adapters/opencode.js","src/core/command-generation/adapters/opencode.ts","resolved","tracked-file","resolved to pinned tracked file"
"src/core/command-generation/registry.ts","30","module-import","./adapters/pi.js","src/core/command-generation/adapters/pi.ts","resolved","tracked-file","resolved to pinned tracked file"
"src/core/command-generation/registry.ts","31","module-import","./adapters/qoder.js","src/core/command-generation/adapters/qoder.ts","resolved","tracked-file","resolved to pinned tracked file"
"src/core/command-generation/registry.ts","32","module-import","./adapters/lingma.js","src/core/command-generation/adapters/lingma.ts","resolved","tracked-file","resolved to pinned tracked file"
"src/core/command-generation/registry.ts","33","module-import","./adapters/qwen.js","src/core/command-generation/adapters/qwen.ts","resolved","tracked-file","resolved to pinned tracked file"
"src/core/command-generation/registry.ts","34","module-import","./adapters/roocode.js","src/core/command-generation/adapters/roocode.ts","resolved","tracked-file","resolved to pinned tracked file"
"src/core/command-generation/registry.ts","35","module-import","./adapters/trae.js","src/core/command-generation/adapters/trae.ts","resolved","tracked-file","resolved to pinned tracked file"
"src/core/command-generation/registry.ts","36","module-import","./adapters/zcode.js","src/core/command-generation/adapters/zcode.ts","resolved","tracked-file","resolved to pinned tracked file"
"src/core/command-surface.ts","1","module-import","./command-generation/index.js","src/core/command-generation/index.ts","resolved","tracked-file","resolved to pinned tracked file"
"src/core/command-surface.ts","2","module-import","./command-generation/invocation.js","src/core/command-generation/invocation.ts","resolved","tracked-file","resolved to pinned tracked file"
"src/core/command-surface.ts","3","module-import","./global-config.js","src/core/global-config.ts","resolved","tracked-file","resolved to pinned tracked file"
"src/core/completions/command-registry.ts","1","module-import","./shared-flags.js","src/core/completions/shared-flags.ts","resolved","tracked-file","resolved to pinned tracked file"
"src/core/completions/command-registry.ts","2","module-import","./types.js","src/core/completions/types.ts","resolved","tracked-file","resolved to pinned tracked file"
"src/core/completions/completion-provider.ts","1","module-import","../../utils/item-discovery.js","src/utils/item-discovery.ts","resolved","tracked-file","resolved to pinned tracked file"
"src/core/completions/completion-provider.ts","2","module-import","../artifact-graph/index.js","src/core/artifact-graph/index.ts","resolved","tracked-file","resolved to pinned tracked file"
"src/core/completions/factory.ts","1","module-import","./types.js","src/core/completions/types.ts","resolved","tracked-file","resolved to pinned tracked file"
"src/core/completions/factory.ts","2","module-import","./generators/zsh-generator.js","src/core/completions/generators/zsh-generator.ts","resolved","tracked-file","resolved to pinned tracked file"
"src/core/completions/factory.ts","3","module-import","./generators/bash-generator.js","src/core/completions/generators/bash-generator.ts","resolved","tracked-file","resolved to pinned tracked file"
"src/core/completions/factory.ts","4","module-import","./generators/fish-generator.js","src/core/completions/generators/fish-generator.ts","resolved","tracked-file","resolved to pinned tracked file"
"src/core/completions/factory.ts","5","module-import","./generators/powershell-generator.js","src/core/completions/generators/powershell-generator.ts","resolved","tracked-file","resolved to pinned tracked file"
"src/core/completions/factory.ts","6","module-import","./installers/zsh-installer.js","src/core/completions/installers/zsh-installer.ts","resolved","tracked-file","resolved to pinned tracked file"
"src/core/completions/factory.ts","7","module-import","./installers/bash-installer.js","src/core/completions/installers/bash-installer.ts","resolved","tracked-file","resolved to pinned tracked file"
"src/core/completions/factory.ts","8","module-import","./installers/fish-installer.js","src/core/completions/installers/fish-installer.ts","resolved","tracked-file","resolved to pinned tracked file"
"src/core/completions/factory.ts","9","module-import","./installers/powershell-installer.js","src/core/completions/installers/powershell-installer.ts","resolved","tracked-file","resolved to pinned tracked file"
"src/core/completions/factory.ts","10","module-import","../../utils/shell-detection.js","src/utils/shell-detection.ts","resolved","tracked-file","resolved to pinned tracked file"
"src/core/completions/generators/bash-generator.ts","7","module-import","../templates/bash-templates.js","src/core/completions/templates/bash-templates.ts","resolved","tracked-file","resolved to pinned tracked file"
"src/core/completions/generators/fish-generator.ts","1","module-import","../types.js","src/core/completions/types.ts","resolved","tracked-file","resolved to pinned tracked file"
"src/core/completions/generators/fish-generator.ts","2","module-import","../templates/fish-templates.js","src/core/completions/templates/fish-templates.ts","resolved","tracked-file","resolved to pinned tracked file"
"src/core/completions/generators/powershell-generator.ts","7","module-import","../templates/powershell-templates.js","src/core/completions/templates/powershell-templates.ts","resolved","tracked-file","resolved to pinned tracked file"
"src/core/completions/generators/zsh-generator.ts","7","module-import","../templates/zsh-templates.js","src/core/completions/templates/zsh-templates.ts","resolved","tracked-file","resolved to pinned tracked file"
"src/core/completions/installers/bash-installer.ts","1","module-import","fs","fs","classified","external-package","package or runtime module terminal"
"src/core/completions/installers/bash-installer.ts","2","module-import","path","path","classified","external-package","package or runtime module terminal"
"src/core/completions/installers/bash-installer.ts","3","module-import","os","os","classified","external-package","package or runtime module terminal"
"src/core/completions/installers/bash-installer.ts","4","module-import","../../../utils/file-system.js","src/utils/file-system.ts","resolved","tracked-file","resolved to pinned tracked file"
"src/core/completions/installers/bash-installer.ts","5","module-import","../factory.js","src/core/completions/factory.ts","resolved","tracked-file","resolved to pinned tracked file"
"src/core/completions/installers/fish-installer.ts","1","module-import","fs","fs","classified","external-package","package or runtime module terminal"
"src/core/completions/installers/fish-installer.ts","2","module-import","path","path","classified","external-package","package or runtime module terminal"
"src/core/completions/installers/fish-installer.ts","3","module-import","os","os","classified","external-package","package or runtime module terminal"
"src/core/completions/installers/fish-installer.ts","4","module-import","../../../utils/file-system.js","src/utils/file-system.ts","resolved","tracked-file","resolved to pinned tracked file"
"src/core/completions/installers/fish-installer.ts","5","module-import","../factory.js","src/core/completions/factory.ts","resolved","tracked-file","resolved to pinned tracked file"
"src/core/completions/installers/powershell-installer.ts","1","module-import","fs","fs","classified","external-package","package or runtime module terminal"
"src/core/completions/installers/powershell-installer.ts","2","module-import","path","path","classified","external-package","package or runtime module terminal"
"src/core/completions/installers/powershell-installer.ts","3","module-import","os","os","classified","external-package","package or runtime module terminal"
"src/core/completions/installers/powershell-installer.ts","4","module-import","../../../utils/file-system.js","src/utils/file-system.ts","resolved","tracked-file","resolved to pinned tracked file"
"src/core/completions/installers/powershell-installer.ts","5","module-import","../factory.js","src/core/completions/factory.ts","resolved","tracked-file","resolved to pinned tracked file"
"src/core/completions/installers/zsh-installer.ts","1","module-import","fs","fs","classified","external-package","package or runtime module terminal"
"src/core/completions/installers/zsh-installer.ts","2","module-import","path","path","classified","external-package","package or runtime module terminal"
"src/core/completions/installers/zsh-installer.ts","3","module-import","os","os","classified","external-package","package or runtime module terminal"
"src/core/completions/installers/zsh-installer.ts","4","module-import","../../../utils/file-system.js","src/utils/file-system.ts","resolved","tracked-file","resolved to pinned tracked file"
"src/core/completions/installers/zsh-installer.ts","5","module-import","../factory.js","src/core/completions/factory.ts","resolved","tracked-file","resolved to pinned tracked file"
"src/core/completions/shared-flags.ts","1","module-import","./types.js","src/core/completions/types.ts","resolved","tracked-file","resolved to pinned tracked file"
"src/core/completions/types.ts","1","module-import","../../utils/shell-detection.js","src/utils/shell-detection.ts","resolved","tracked-file","resolved to pinned tracked file"
"src/core/config-prompts.ts","1","module-import","./project-config.js","src/core/project-config.ts","resolved","tracked-file","resolved to pinned tracked file"
"src/core/config-schema.ts","1","module-import","zod","zod","classified","external-package","package or runtime module terminal"
"src/core/converters/json-converter.ts","1","module-import","fs","fs","classified","external-package","package or runtime module terminal"
"src/core/converters/json-converter.ts","2","module-import","path","path","classified","external-package","package or runtime module terminal"
"src/core/converters/json-converter.ts","3","module-import","../parsers/markdown-parser.js","src/core/parsers/markdown-parser.ts","resolved","tracked-file","resolved to pinned tracked file"
"src/core/converters/json-converter.ts","4","module-import","../parsers/change-parser.js","src/core/parsers/change-parser.ts","resolved","tracked-file","resolved to pinned tracked file"
"src/core/converters/json-converter.ts","5","module-import","../schemas/index.js","src/core/schemas/index.ts","resolved","tracked-file","resolved to pinned tracked file"
"src/core/converters/json-converter.ts","6","module-import","../../utils/file-system.js","src/utils/file-system.ts","resolved","tracked-file","resolved to pinned tracked file"
"src/core/file-state.ts","1","module-import","node:fs","node:fs","classified","runtime-builtin","package or runtime module terminal"
"src/core/file-state.ts","2","module-import","node:path","node:path","classified","runtime-builtin","package or runtime module terminal"
"src/core/file-state.ts","3","module-import","../utils/file-system.js","src/utils/file-system.ts","resolved","tracked-file","resolved to pinned tracked file"
"src/core/file-state.ts","4","module-import","./store/errors.js","src/core/store/errors.ts","resolved","tracked-file","resolved to pinned tracked file"
"src/core/global-config.ts","1","module-import","node:fs","node:fs","classified","runtime-builtin","package or runtime module terminal"
"src/core/global-config.ts","2","module-import","node:path","node:path","classified","runtime-builtin","package or runtime module terminal"
"src/core/global-config.ts","3","module-import","node:os","node:os","classified","runtime-builtin","package or runtime module terminal"
"src/core/index.ts","15","module-import","./references.js","src/core/references.ts","resolved","tracked-file","resolved to pinned tracked file"
"src/core/index.ts","16","module-import","./store/index.js","src/core/store/index.ts","resolved","tracked-file","resolved to pinned tracked file"
"src/core/index.ts","17","module-import","./planning-home.js","src/core/planning-home.ts","resolved","tracked-file","resolved to pinned tracked file"
"src/core/index.ts","18","module-import","./openspec-root.js","src/core/openspec-root.ts","resolved","tracked-file","resolved to pinned tracked file"
"src/core/init.ts","8","module-import","path","path","classified","external-package","package or runtime module terminal"
"src/core/init.ts","9","module-import","chalk","chalk","classified","external-package","package or runtime module terminal"
"src/core/init.ts","10","module-import","ora","ora","classified","external-package","package or runtime module terminal"
"src/core/init.ts","11","module-import","fs","fs","classified","external-package","package or runtime module terminal"
"src/core/init.ts","12","module-import","module","module","classified","external-package","package or runtime module terminal"
"src/core/init.ts","13","module-import","../utils/file-system.js","src/utils/file-system.ts","resolved","tracked-file","resolved to pinned tracked file"
"src/core/init.ts","14","module-import","./project-config.js","src/core/project-config.ts","resolved","tracked-file","resolved to pinned tracked file"
"src/core/init.ts","15","module-import","./planning-home.js","src/core/planning-home.ts","resolved","tracked-file","resolved to pinned tracked file"
"src/core/init.ts","16","module-import","../utils/command-references.js","src/utils/command-references.ts","resolved","tracked-file","resolved to pinned tracked file"
"src/core/init.ts","23","module-import","./styles/palette.js","src/core/styles/palette.ts","resolved","tracked-file","resolved to pinned tracked file"
"src/core/init.ts","24","module-import","../utils/interactive.js","src/utils/interactive.ts","resolved","tracked-file","resolved to pinned tracked file"
"src/core/init.ts","25","module-import","./config-prompts.js","src/core/config-prompts.ts","resolved","tracked-file","resolved to pinned tracked file"
"src/core/init.ts","51","module-import","./global-config.js","src/core/global-config.ts","resolved","tracked-file","resolved to pinned tracked file"
"src/core/init.ts","52","module-import","./profiles.js","src/core/profiles.ts","resolved","tracked-file","resolved to pinned tracked file"
"src/core/init.ts","53","module-import","./available-tools.js","src/core/available-tools.ts","resolved","tracked-file","resolved to pinned tracked file"
"src/core/init.ts","54","module-import","./migration.js","src/core/migration.ts","resolved","tracked-file","resolved to pinned tracked file"
"src/core/init.ts","65","module-import","../../package.json","package.json","resolved","tracked-file","resolved to pinned tracked file"
"src/core/init.ts","192","module-import","../ui/welcome-screen.js","src/ui/welcome-screen.ts","resolved","tracked-file","resolved to pinned tracked file"
"src/core/init.ts","328","module-import","@inquirer/prompts","@inquirer/prompts","classified","external-package","package or runtime module terminal"
"src/core/init.ts","466","module-import","../prompts/searchable-multi-select.js","src/prompts/searchable-multi-select.ts","resolved","tracked-file","resolved to pinned tracked file"
"src/core/legacy-cleanup.ts","6","module-import","path","path","classified","external-package","package or runtime module terminal"
"src/core/legacy-cleanup.ts","7","module-import","os","os","classified","external-package","package or runtime module terminal"
"src/core/legacy-cleanup.ts","8","module-import","fs","fs","classified","external-package","package or runtime module terminal"
"src/core/legacy-cleanup.ts","9","module-import","chalk","chalk","classified","external-package","package or runtime module terminal"
"src/core/legacy-cleanup.ts","10","module-import","../utils/file-system.js","src/utils/file-system.ts","resolved","tracked-file","resolved to pinned tracked file"
"src/core/legacy-cleanup.ts","11","module-import","./config.js","src/core/config.ts","resolved","tracked-file","resolved to pinned tracked file"
"src/core/legacy-cleanup.ts","12","module-import","./profiles.js","src/core/profiles.ts","resolved","tracked-file","resolved to pinned tracked file"
"src/core/list.ts","1","module-import","fs","fs","classified","external-package","package or runtime module terminal"
"src/core/list.ts","2","module-import","path","path","classified","external-package","package or runtime module terminal"
"src/core/list.ts","3","module-import","../utils/task-progress.js","src/utils/task-progress.ts","resolved","tracked-file","resolved to pinned tracked file"
"src/core/list.ts","4","module-import","fs","fs","classified","external-package","package or runtime module terminal"
"src/core/list.ts","5","module-import","./parsers/markdown-parser.js","src/core/parsers/markdown-parser.ts","resolved","tracked-file","resolved to pinned tracked file"
"src/core/list.ts","6","module-import","./root-selection.js","src/core/root-selection.ts","resolved","tracked-file","resolved to pinned tracked file"
"src/core/list.ts","7","module-import","../utils/spec-discovery.js","src/utils/spec-discovery.ts","resolved","tracked-file","resolved to pinned tracked file"
"src/core/migration.ts","8","module-import","./config.js","src/core/config.ts","resolved","tracked-file","resolved to pinned tracked file"
"src/core/migration.ts","9","module-import","./global-config.js","src/core/global-config.ts","resolved","tracked-file","resolved to pinned tracked file"
"src/core/migration.ts","10","module-import","./command-generation/index.js","src/core/command-generation/index.ts","resolved","tracked-file","resolved to pinned tracked file"
"src/core/migration.ts","16","module-import","./profile-sync-drift.js","src/core/profile-sync-drift.ts","resolved","tracked-file","resolved to pinned tracked file"
"src/core/migration.ts","17","module-import","./shared/tool-detection.js","src/core/shared/tool-detection.ts","resolved","tracked-file","resolved to pinned tracked file"
"src/core/migration.ts","18","module-import","./profiles.js","src/core/profiles.ts","resolved","tracked-file","resolved to pinned tracked file"
"src/core/migration.ts","19","module-import","../utils/command-references.js","src/utils/command-references.ts","resolved","tracked-file","resolved to pinned tracked file"
"src/core/migration.ts","20","module-import","path","path","classified","external-package","package or runtime module terminal"
"src/core/migration.ts","21","module-import","fs","fs","classified","external-package","package or runtime module terminal"
"src/core/onboarding-commands.ts","13","module-import","./profiles.js","src/core/profiles.ts","resolved","tracked-file","resolved to pinned tracked file"
"src/core/openers.ts","1","module-import","node:fs","node:fs","classified","runtime-builtin","package or runtime module terminal"
"src/core/openers.ts","2","module-import","node:path","node:path","classified","runtime-builtin","package or runtime module terminal"
"src/core/openers.ts","3","module-import","node:os","node:os","classified","runtime-builtin","package or runtime module terminal"
"src/core/openers.ts","4","module-import","zod","zod","classified","external-package","package or runtime module terminal"
"src/core/openers.ts","6","module-import","./store/errors.js","src/core/store/errors.ts","resolved","tracked-file","resolved to pinned tracked file"
"src/core/openers.ts","7","module-import","./zod-issues.js","src/core/zod-issues.ts","resolved","tracked-file","resolved to pinned tracked file"
"src/core/openers.ts","8","module-import","./worksets.js","src/core/worksets.ts","resolved","tracked-file","resolved to pinned tracked file"
"src/core/openspec-root.ts","1","module-import","node:fs/promises","node:fs/promises","classified","runtime-builtin","package or runtime module terminal"
"src/core/openspec-root.ts","2","module-import","node:path","node:path","classified","runtime-builtin","package or runtime module terminal"
"src/core/openspec-root.ts","4","module-import","../utils/file-system.js","src/utils/file-system.ts","resolved","tracked-file","resolved to pinned tracked file"
"src/core/openspec-root.ts","5","module-import","./config-prompts.js","src/core/config-prompts.ts","resolved","tracked-file","resolved to pinned tracked file"
"src/core/parsers/change-parser.ts","1","module-import","./markdown-parser.js","src/core/parsers/markdown-parser.ts","resolved","tracked-file","resolved to pinned tracked file"
"src/core/parsers/change-parser.ts","2","module-import","./requirement-text.js","src/core/parsers/requirement-text.ts","resolved","tracked-file","resolved to pinned tracked file"
"src/core/parsers/change-parser.ts","3","module-import","../schemas/index.js","src/core/schemas/index.ts","resolved","tracked-file","resolved to pinned tracked file"
"src/core/parsers/change-parser.ts","4","module-import","path","path","classified","external-package","package or runtime module terminal"
"src/core/parsers/change-parser.ts","5","module-import","fs","fs","classified","external-package","package or runtime module terminal"
"src/core/parsers/change-parser.ts","6","module-import","../../utils/spec-discovery.js","src/utils/spec-discovery.ts","resolved","tracked-file","resolved to pinned tracked file"
"src/core/parsers/markdown-parser.ts","1","module-import","../schemas/index.js","src/core/schemas/index.ts","resolved","tracked-file","resolved to pinned tracked file"
"src/core/parsers/markdown-parser.ts","2","module-import","./requirement-text.js","src/core/parsers/requirement-text.ts","resolved","tracked-file","resolved to pinned tracked file"
"src/core/parsers/requirement-blocks.ts","1","module-import","./requirement-text.js","src/core/parsers/requirement-text.ts","resolved","tracked-file","resolved to pinned tracked file"
"src/core/parsers/requirement-text.ts","14","module-import","./code-fence.js","src/core/parsers/code-fence.ts","resolved","tracked-file","resolved to pinned tracked file"
"src/core/parsers/requirement-text.ts","15","module-import","./code-fence.js","src/core/parsers/code-fence.ts","resolved","tracked-file","resolved to pinned tracked file"
"src/core/parsers/spec-structure.ts","1","module-import","./code-fence.js","src/core/parsers/code-fence.ts","resolved","tracked-file","resolved to pinned tracked file"
"src/core/planning-home.ts","1","module-import","node:fs","node:fs","classified","runtime-builtin","package or runtime module terminal"
"src/core/planning-home.ts","2","module-import","node:path","node:path","classified","runtime-builtin","package or runtime module terminal"
"src/core/planning-home.ts","4","module-import","../utils/file-system.js","src/utils/file-system.ts","resolved","tracked-file","resolved to pinned tracked file"
"src/core/profile-sync-drift.ts","1","module-import","path","path","classified","external-package","package or runtime module terminal"
"src/core/profile-sync-drift.ts","2","module-import","fs","fs","classified","external-package","package or runtime module terminal"
"src/core/profile-sync-drift.ts","3","module-import","./config.js","src/core/config.ts","resolved","tracked-file","resolved to pinned tracked file"
"src/core/profile-sync-drift.ts","4","module-import","./global-config.js","src/core/global-config.ts","resolved","tracked-file","resolved to pinned tracked file"
"src/core/profile-sync-drift.ts","5","module-import","./profiles.js","src/core/profiles.ts","resolved","tracked-file","resolved to pinned tracked file"
"src/core/profile-sync-drift.ts","6","module-import","./command-generation/index.js","src/core/command-generation/index.ts","resolved","tracked-file","resolved to pinned tracked file"
"src/core/profile-sync-drift.ts","7","module-import","./shared/index.js","src/core/shared/index.ts","resolved","tracked-file","resolved to pinned tracked file"
"src/core/profiles.ts","8","module-import","./global-config.js","src/core/global-config.ts","resolved","tracked-file","resolved to pinned tracked file"
"src/core/project-config.ts","1","module-import","fs","fs","classified","external-package","package or runtime module terminal"
"src/core/project-config.ts","2","module-import","path","path","classified","external-package","package or runtime module terminal"
"src/core/project-config.ts","3","module-import","yaml","yaml","classified","external-package","package or runtime module terminal"
"src/core/project-config.ts","4","module-import","zod","zod","classified","external-package","package or runtime module terminal"
"src/core/references.ts","11","module-import","node:fs/promises","node:fs/promises","classified","runtime-builtin","package or runtime module terminal"
"src/core/references.ts","12","module-import","node:os","node:os","classified","runtime-builtin","package or runtime module terminal"
"src/core/references.ts","13","module-import","node:path","node:path","classified","runtime-builtin","package or runtime module terminal"
"src/core/references.ts","15","module-import","./store/errors.js","src/core/store/errors.ts","resolved","tracked-file","resolved to pinned tracked file"
"src/core/references.ts","21","module-import","./store/registry.js","src/core/store/registry.ts","resolved","tracked-file","resolved to pinned tracked file"
"src/core/references.ts","22","module-import","./root-selection.js","src/core/root-selection.ts","resolved","tracked-file","resolved to pinned tracked file"
"src/core/references.ts","23","module-import","../utils/item-discovery.js","src/utils/item-discovery.ts","resolved","tracked-file","resolved to pinned tracked file"
"src/core/references.ts","24","module-import","../utils/file-system.js","src/utils/file-system.ts","resolved","tracked-file","resolved to pinned tracked file"
"src/core/references.ts","25","module-import","./project-config.js","src/core/project-config.ts","resolved","tracked-file","resolved to pinned tracked file"
"src/core/relationship-health.ts","10","module-import","./store/errors.js","src/core/store/errors.ts","resolved","tracked-file","resolved to pinned tracked file"
"src/core/relationship-health.ts","11","module-import","./references.js","src/core/references.ts","resolved","tracked-file","resolved to pinned tracked file"
"src/core/relationship-health.ts","12","module-import","./project-config.js","src/core/project-config.ts","resolved","tracked-file","resolved to pinned tracked file"
"src/core/relationship-health.ts","13","module-import","./root-selection.js","src/core/root-selection.ts","resolved","tracked-file","resolved to pinned tracked file"
"src/core/root-selection.ts","25","module-import","node:fs","node:fs","classified","runtime-builtin","package or runtime module terminal"
"src/core/root-selection.ts","26","module-import","node:path","node:path","classified","runtime-builtin","package or runtime module terminal"
"src/core/root-selection.ts","28","module-import","./store/errors.js","src/core/store/errors.ts","resolved","tracked-file","resolved to pinned tracked file"
"src/core/root-selection.ts","36","module-import","./store/registry.js","src/core/store/registry.ts","resolved","tracked-file","resolved to pinned tracked file"
"src/core/root-selection.ts","37","module-import","./openspec-root.js","src/core/openspec-root.ts","resolved","tracked-file","resolved to pinned tracked file"
"src/core/root-selection.ts","38","module-import","./planning-home.js","src/core/planning-home.ts","resolved","tracked-file","resolved to pinned tracked file"
"src/core/root-selection.ts","39","module-import","./project-config.js","src/core/project-config.ts","resolved","tracked-file","resolved to pinned tracked file"
"src/core/root-selection.ts","40","module-import","./global-config.js","src/core/global-config.ts","resolved","tracked-file","resolved to pinned tracked file"
"src/core/root-selection.ts","41","module-import","../utils/file-system.js","src/utils/file-system.ts","resolved","tracked-file","resolved to pinned tracked file"
"src/core/schemas/base.schema.ts","1","module-import","zod","zod","classified","external-package","package or runtime module terminal"
"src/core/schemas/base.schema.ts","2","module-import","../validation/constants.js","src/core/validation/constants.ts","resolved","tracked-file","resolved to pinned tracked file"
"src/core/schemas/change.schema.ts","1","module-import","zod","zod","classified","external-package","package or runtime module terminal"
"src/core/schemas/change.schema.ts","2","module-import","./base.schema.js","src/core/schemas/base.schema.ts","resolved","tracked-file","resolved to pinned tracked file"
"src/core/schemas/spec.schema.ts","1","module-import","zod","zod","classified","external-package","package or runtime module terminal"
"src/core/schemas/spec.schema.ts","2","module-import","./base.schema.js","src/core/schemas/base.schema.ts","resolved","tracked-file","resolved to pinned tracked file"
"src/core/schemas/spec.schema.ts","3","module-import","../validation/constants.js","src/core/validation/constants.ts","resolved","tracked-file","resolved to pinned tracked file"
"src/core/shared/skill-generation.ts","34","module-import","../command-generation/index.js","src/core/command-generation/index.ts","resolved","tracked-file","resolved to pinned tracked file"
"src/core/shared/skill-generation.ts","35","module-import","./allowed-tools.js","src/core/shared/allowed-tools.ts","resolved","tracked-file","resolved to pinned tracked file"
"src/core/shared/tool-detection.ts","7","module-import","path","path","classified","external-package","package or runtime module terminal"
"src/core/shared/tool-detection.ts","8","module-import","fs","fs","classified","external-package","package or runtime module terminal"
"src/core/shared/tool-detection.ts","9","module-import","../config.js","src/core/config.ts","resolved","tracked-file","resolved to pinned tracked file"
"src/core/shared/tool-detection.ts","10","module-import","../command-generation/index.js","src/core/command-generation/index.ts","resolved","tracked-file","resolved to pinned tracked file"
"src/core/shared/tool-detection.ts","11","module-import","./skill-generation.js","src/core/shared/skill-generation.ts","resolved","tracked-file","resolved to pinned tracked file"
"src/core/shared/tool-detection.ts","12","module-import","../global-config.js","src/core/global-config.ts","resolved","tracked-file","resolved to pinned tracked file"
"src/core/shared/tool-detection.ts","13","module-import","../profiles.js","src/core/profiles.ts","resolved","tracked-file","resolved to pinned tracked file"
"src/core/specs-apply.ts","8","module-import","fs","fs","classified","external-package","package or runtime module terminal"
"src/core/specs-apply.ts","9","module-import","path","path","classified","external-package","package or runtime module terminal"
"src/core/specs-apply.ts","10","module-import","chalk","chalk","classified","external-package","package or runtime module terminal"
"src/core/specs-apply.ts","19","module-import","./parsers/spec-structure.js","src/core/parsers/spec-structure.ts","resolved","tracked-file","resolved to pinned tracked file"
"src/core/specs-apply.ts","20","module-import","./parsers/code-fence.js","src/core/parsers/code-fence.ts","resolved","tracked-file","resolved to pinned tracked file"
"src/core/specs-apply.ts","21","module-import","./parsers/markdown-parser.js","src/core/parsers/markdown-parser.ts","resolved","tracked-file","resolved to pinned tracked file"
"src/core/specs-apply.ts","22","module-import","./validation/constants.js","src/core/validation/constants.ts","resolved","tracked-file","resolved to pinned tracked file"
"src/core/specs-apply.ts","23","module-import","../utils/spec-discovery.js","src/utils/spec-discovery.ts","resolved","tracked-file","resolved to pinned tracked file"
"src/core/store/foundation.ts","1","module-import","node:fs","node:fs","classified","runtime-builtin","package or runtime module terminal"
"src/core/store/foundation.ts","2","module-import","node:path","node:path","classified","runtime-builtin","package or runtime module terminal"
"src/core/store/foundation.ts","3","module-import","yaml","yaml","classified","external-package","package or runtime module terminal"
"src/core/store/foundation.ts","4","module-import","zod","zod","classified","external-package","package or runtime module terminal"
"src/core/store/foundation.ts","12","module-import","../global-config.js","src/core/global-config.ts","resolved","tracked-file","resolved to pinned tracked file"
"src/core/store/foundation.ts","13","module-import","../../utils/file-system.js","src/utils/file-system.ts","resolved","tracked-file","resolved to pinned tracked file"
"src/core/store/foundation.ts","23","module-import","../zod-issues.js","src/core/zod-issues.ts","resolved","tracked-file","resolved to pinned tracked file"
"src/core/store/foundation.ts","24","module-import","./errors.js","src/core/store/errors.ts","resolved","tracked-file","resolved to pinned tracked file"
"src/core/store/git.ts","1","module-import","node:child_process","node:child_process","classified","runtime-builtin","package or runtime module terminal"
"src/core/store/git.ts","2","module-import","node:fs","node:fs","classified","runtime-builtin","package or runtime module terminal"
"src/core/store/git.ts","3","module-import","node:path","node:path","classified","runtime-builtin","package or runtime module terminal"
"src/core/store/git.ts","4","module-import","node:util","node:util","classified","runtime-builtin","package or runtime module terminal"
"src/core/store/git.ts","6","module-import","./errors.js","src/core/store/errors.ts","resolved","tracked-file","resolved to pinned tracked file"
"src/core/store/index.ts","1","module-import","./foundation.js","src/core/store/foundation.ts","resolved","tracked-file","resolved to pinned tracked file"
"src/core/store/index.ts","2","module-import","./errors.js","src/core/store/errors.ts","resolved","tracked-file","resolved to pinned tracked file"
"src/core/store/index.ts","3","module-import","./registry.js","src/core/store/registry.ts","resolved","tracked-file","resolved to pinned tracked file"
"src/core/store/index.ts","4","module-import","./operations.js","src/core/store/operations.ts","resolved","tracked-file","resolved to pinned tracked file"
"src/core/store/operations.ts","1","module-import","node:child_process","node:child_process","classified","runtime-builtin","package or runtime module terminal"
"src/core/store/operations.ts","2","module-import","node:fs","node:fs","classified","runtime-builtin","package or runtime module terminal"
"src/core/store/operations.ts","3","module-import","node:os","node:os","classified","runtime-builtin","package or runtime module terminal"
"src/core/store/operations.ts","4","module-import","node:path","node:path","classified","runtime-builtin","package or runtime module terminal"
"src/core/store/operations.ts","5","module-import","node:util","node:util","classified","runtime-builtin","package or runtime module terminal"
"src/core/store/operations.ts","7","module-import","../../utils/file-system.js","src/utils/file-system.ts","resolved","tracked-file","resolved to pinned tracked file"
"src/core/store/operations.ts","37","module-import","./errors.js","src/core/store/errors.ts","resolved","tracked-file","resolved to pinned tracked file"
"src/core/store/registry.ts","1","module-import","node:fs/promises","node:fs/promises","classified","runtime-builtin","package or runtime module terminal"
"src/core/store/registry.ts","19","module-import","./errors.js","src/core/store/errors.ts","resolved","tracked-file","resolved to pinned tracked file"
"src/core/store/registry.ts","20","module-import","node:path","node:path","classified","runtime-builtin","package or runtime module terminal"
"src/core/store/registry.ts","21","module-import","../../utils/file-system.js","src/utils/file-system.ts","resolved","tracked-file","resolved to pinned tracked file"
"src/core/styles/palette.ts","1","module-import","chalk","chalk","classified","external-package","package or runtime module terminal"
"src/core/templates/index.ts","9","module-import","./skill-templates.js","src/core/templates/skill-templates.ts","resolved","tracked-file","resolved to pinned tracked file"
"src/core/templates/skill-templates.ts","7","module-import","./types.js","src/core/templates/types.ts","resolved","tracked-file","resolved to pinned tracked file"
"src/core/templates/skill-templates.ts","9","module-import","./workflows/explore.js","src/core/templates/workflows/explore.ts","resolved","tracked-file","resolved to pinned tracked file"
"src/core/templates/skill-templates.ts","10","module-import","./workflows/new-change.js","src/core/templates/workflows/new-change.ts","resolved","tracked-file","resolved to pinned tracked file"
"src/core/templates/skill-templates.ts","11","module-import","./workflows/continue-change.js","src/core/templates/workflows/continue-change.ts","resolved","tracked-file","resolved to pinned tracked file"
"src/core/templates/skill-templates.ts","12","module-import","./workflows/apply-change.js","src/core/templates/workflows/apply-change.ts","resolved","tracked-file","resolved to pinned tracked file"
"src/core/templates/skill-templates.ts","13","module-import","./workflows/update-change.js","src/core/templates/workflows/update-change.ts","resolved","tracked-file","resolved to pinned tracked file"
"src/core/templates/skill-templates.ts","14","module-import","./workflows/ff-change.js","src/core/templates/workflows/ff-change.ts","resolved","tracked-file","resolved to pinned tracked file"
"src/core/templates/skill-templates.ts","15","module-import","./workflows/sync-specs.js","src/core/templates/workflows/sync-specs.ts","resolved","tracked-file","resolved to pinned tracked file"
"src/core/templates/skill-templates.ts","16","module-import","./workflows/archive-change.js","src/core/templates/workflows/archive-change.ts","resolved","tracked-file","resolved to pinned tracked file"
"src/core/templates/skill-templates.ts","17","module-import","./workflows/bulk-archive-change.js","src/core/templates/workflows/bulk-archive-change.ts","resolved","tracked-file","resolved to pinned tracked file"
"src/core/templates/skill-templates.ts","18","module-import","./workflows/verify-change.js","src/core/templates/workflows/verify-change.ts","resolved","tracked-file","resolved to pinned tracked file"
"src/core/templates/skill-templates.ts","19","module-import","./workflows/onboard.js","src/core/templates/workflows/onboard.ts","resolved","tracked-file","resolved to pinned tracked file"
"src/core/templates/skill-templates.ts","20","module-import","./workflows/propose.js","src/core/templates/workflows/propose.ts","resolved","tracked-file","resolved to pinned tracked file"
"src/core/templates/skill-templates.ts","21","module-import","./workflows/feedback.js","src/core/templates/workflows/feedback.ts","resolved","tracked-file","resolved to pinned tracked file"
"src/core/templates/workflows/apply-change.ts","7","module-import","../types.js","src/core/templates/types.ts","resolved","tracked-file","resolved to pinned tracked file"
"src/core/templates/workflows/apply-change.ts","8","module-import","./store-selection.js","src/core/templates/workflows/store-selection.ts","resolved","tracked-file","resolved to pinned tracked file"
"src/core/templates/workflows/archive-change.ts","7","module-import","../types.js","src/core/templates/types.ts","resolved","tracked-file","resolved to pinned tracked file"
"src/core/templates/workflows/archive-change.ts","8","module-import","./store-selection.js","src/core/templates/workflows/store-selection.ts","resolved","tracked-file","resolved to pinned tracked file"
"src/core/templates/workflows/bulk-archive-change.ts","7","module-import","../types.js","src/core/templates/types.ts","resolved","tracked-file","resolved to pinned tracked file"
"src/core/templates/workflows/bulk-archive-change.ts","8","module-import","./store-selection.js","src/core/templates/workflows/store-selection.ts","resolved","tracked-file","resolved to pinned tracked file"
"src/core/templates/workflows/continue-change.ts","7","module-import","../types.js","src/core/templates/types.ts","resolved","tracked-file","resolved to pinned tracked file"
"src/core/templates/workflows/continue-change.ts","8","module-import","./store-selection.js","src/core/templates/workflows/store-selection.ts","resolved","tracked-file","resolved to pinned tracked file"
"src/core/templates/workflows/explore.ts","7","module-import","../types.js","src/core/templates/types.ts","resolved","tracked-file","resolved to pinned tracked file"
"src/core/templates/workflows/explore.ts","8","module-import","./store-selection.js","src/core/templates/workflows/store-selection.ts","resolved","tracked-file","resolved to pinned tracked file"
"src/core/templates/workflows/feedback.ts","7","module-import","../types.js","src/core/templates/types.ts","resolved","tracked-file","resolved to pinned tracked file"
"src/core/templates/workflows/ff-change.ts","7","module-import","../types.js","src/core/templates/types.ts","resolved","tracked-file","resolved to pinned tracked file"
"src/core/templates/workflows/ff-change.ts","8","module-import","./store-selection.js","src/core/templates/workflows/store-selection.ts","resolved","tracked-file","resolved to pinned tracked file"
"src/core/templates/workflows/new-change.ts","7","module-import","../types.js","src/core/templates/types.ts","resolved","tracked-file","resolved to pinned tracked file"
"src/core/templates/workflows/new-change.ts","8","module-import","./store-selection.js","src/core/templates/workflows/store-selection.ts","resolved","tracked-file","resolved to pinned tracked file"
"src/core/templates/workflows/onboard.ts","7","module-import","../types.js","src/core/templates/types.ts","resolved","tracked-file","resolved to pinned tracked file"
"src/core/templates/workflows/onboard.ts","8","module-import","./store-selection.js","src/core/templates/workflows/store-selection.ts","resolved","tracked-file","resolved to pinned tracked file"
"src/core/templates/workflows/propose.ts","7","module-import","../types.js","src/core/templates/types.ts","resolved","tracked-file","resolved to pinned tracked file"
"src/core/templates/workflows/propose.ts","8","module-import","./store-selection.js","src/core/templates/workflows/store-selection.ts","resolved","tracked-file","resolved to pinned tracked file"
"src/core/templates/workflows/sync-specs.ts","7","module-import","../types.js","src/core/templates/types.ts","resolved","tracked-file","resolved to pinned tracked file"
"src/core/templates/workflows/sync-specs.ts","8","module-import","./store-selection.js","src/core/templates/workflows/store-selection.ts","resolved","tracked-file","resolved to pinned tracked file"
"src/core/templates/workflows/update-change.ts","7","module-import","../types.js","src/core/templates/types.ts","resolved","tracked-file","resolved to pinned tracked file"
"src/core/templates/workflows/update-change.ts","8","module-import","./store-selection.js","src/core/templates/workflows/store-selection.ts","resolved","tracked-file","resolved to pinned tracked file"
"src/core/templates/workflows/verify-change.ts","7","module-import","../types.js","src/core/templates/types.ts","resolved","tracked-file","resolved to pinned tracked file"
"src/core/templates/workflows/verify-change.ts","8","module-import","./store-selection.js","src/core/templates/workflows/store-selection.ts","resolved","tracked-file","resolved to pinned tracked file"
"src/core/update.ts","8","module-import","path","path","classified","external-package","package or runtime module terminal"
"src/core/update.ts","9","module-import","chalk","chalk","classified","external-package","package or runtime module terminal"
"src/core/update.ts","10","module-import","ora","ora","classified","external-package","package or runtime module terminal"
"src/core/update.ts","11","module-import","fs","fs","classified","external-package","package or runtime module terminal"
"src/core/update.ts","12","module-import","module","module","classified","external-package","package or runtime module terminal"
"src/core/update.ts","13","module-import","../utils/file-system.js","src/utils/file-system.ts","resolved","tracked-file","resolved to pinned tracked file"
"src/core/update.ts","14","module-import","../utils/command-references.js","src/utils/command-references.ts","resolved","tracked-file","resolved to pinned tracked file"
"src/core/update.ts","15","module-import","./config.js","src/core/config.ts","resolved","tracked-file","resolved to pinned tracked file"
"src/core/update.ts","41","module-import","../utils/interactive.js","src/utils/interactive.ts","resolved","tracked-file","resolved to pinned tracked file"
"src/core/update.ts","42","module-import","./global-config.js","src/core/global-config.ts","resolved","tracked-file","resolved to pinned tracked file"
"src/core/update.ts","43","module-import","./profiles.js","src/core/profiles.ts","resolved","tracked-file","resolved to pinned tracked file"
"src/core/update.ts","44","module-import","./onboarding-commands.js","src/core/onboarding-commands.ts","resolved","tracked-file","resolved to pinned tracked file"
"src/core/update.ts","45","module-import","./available-tools.js","src/core/available-tools.ts","resolved","tracked-file","resolved to pinned tracked file"
"src/core/update.ts","72","module-import","../../package.json","package.json","resolved","tracked-file","resolved to pinned tracked file"
"src/core/update.ts","712","module-import","@inquirer/prompts","@inquirer/prompts","classified","external-package","package or runtime module terminal"
"src/core/update.ts","813","module-import","@inquirer/prompts","@inquirer/prompts","classified","external-package","package or runtime module terminal"
"src/core/update.ts","961","module-import","../prompts/searchable-multi-select.js","src/prompts/searchable-multi-select.ts","resolved","tracked-file","resolved to pinned tracked file"
"src/core/validation/validator.ts","1","module-import","zod","zod","classified","external-package","package or runtime module terminal"
"src/core/validation/validator.ts","2","module-import","fs","fs","classified","external-package","package or runtime module terminal"
"src/core/validation/validator.ts","3","module-import","path","path","classified","external-package","package or runtime module terminal"
"src/core/validation/validator.ts","4","module-import","../schemas/index.js","src/core/schemas/index.ts","resolved","tracked-file","resolved to pinned tracked file"
"src/core/validation/validator.ts","5","module-import","../parsers/markdown-parser.js","src/core/parsers/markdown-parser.ts","resolved","tracked-file","resolved to pinned tracked file"
"src/core/validation/validator.ts","6","module-import","../parsers/change-parser.js","src/core/parsers/change-parser.ts","resolved","tracked-file","resolved to pinned tracked file"
"src/core/validation/validator.ts","7","module-import","./types.js","src/core/validation/types.ts","resolved","tracked-file","resolved to pinned tracked file"
"src/core/validation/validator.ts","26","module-import","../parsers/spec-structure.js","src/core/parsers/spec-structure.ts","resolved","tracked-file","resolved to pinned tracked file"
"src/core/validation/validator.ts","27","module-import","../../utils/file-system.js","src/utils/file-system.ts","resolved","tracked-file","resolved to pinned tracked file"
"src/core/validation/validator.ts","28","module-import","../../utils/spec-discovery.js","src/utils/spec-discovery.ts","resolved","tracked-file","resolved to pinned tracked file"
"src/core/validation/validator.ts","29","module-import","../../utils/change-metadata.js","src/utils/change-metadata.ts","resolved","tracked-file","resolved to pinned tracked file"
"src/core/version-check.ts","1","module-import","fs","fs","classified","external-package","package or runtime module terminal"
"src/core/version-check.ts","2","module-import","http","http","classified","external-package","package or runtime module terminal"
"src/core/version-check.ts","3","module-import","https","https","classified","external-package","package or runtime module terminal"
"src/core/version-check.ts","4","module-import","path","path","classified","external-package","package or runtime module terminal"
"src/core/version-check.ts","5","module-import","module","module","classified","external-package","package or runtime module terminal"
"src/core/version-check.ts","6","module-import","chalk","chalk","classified","external-package","package or runtime module terminal"
"src/core/version-check.ts","9","module-import","../../package.json","package.json","resolved","tracked-file","resolved to pinned tracked file"
"src/core/version-check.ts","527","module-import","child_process","child_process","classified","external-package","package or runtime module terminal"
"src/core/version-check.ts","528","module-import","child_process","child_process","classified","external-package","package or runtime module terminal"
"src/core/version-check.ts","530","module-import","child_process","child_process","classified","external-package","package or runtime module terminal"
"src/core/version-check.ts","692","module-import","@inquirer/prompts","@inquirer/prompts","classified","external-package","package or runtime module terminal"
"src/core/view.ts","1","module-import","fs","fs","classified","external-package","package or runtime module terminal"
"src/core/view.ts","2","module-import","path","path","classified","external-package","package or runtime module terminal"
"src/core/view.ts","3","module-import","chalk","chalk","classified","external-package","package or runtime module terminal"
"src/core/view.ts","4","module-import","../utils/task-progress.js","src/utils/task-progress.ts","resolved","tracked-file","resolved to pinned tracked file"
"src/core/view.ts","5","module-import","./parsers/markdown-parser.js","src/core/parsers/markdown-parser.ts","resolved","tracked-file","resolved to pinned tracked file"
"src/core/view.ts","6","module-import","../utils/spec-discovery.js","src/utils/spec-discovery.ts","resolved","tracked-file","resolved to pinned tracked file"
"src/core/working-set.ts","9","module-import","./store/errors.js","src/core/store/errors.ts","resolved","tracked-file","resolved to pinned tracked file"
"src/core/working-set.ts","10","module-import","./references.js","src/core/references.ts","resolved","tracked-file","resolved to pinned tracked file"
"src/core/working-set.ts","11","module-import","./root-selection.js","src/core/root-selection.ts","resolved","tracked-file","resolved to pinned tracked file"
"src/core/worksets.ts","1","module-import","node:fs","node:fs","classified","runtime-builtin","package or runtime module terminal"
"src/core/worksets.ts","2","module-import","node:path","node:path","classified","runtime-builtin","package or runtime module terminal"
"src/core/worksets.ts","3","module-import","yaml","yaml","classified","external-package","package or runtime module terminal"
"src/core/worksets.ts","4","module-import","zod","zod","classified","external-package","package or runtime module terminal"
"src/core/worksets.ts","6","module-import","./global-config.js","src/core/global-config.ts","resolved","tracked-file","resolved to pinned tracked file"
"src/core/worksets.ts","7","module-import","../utils/file-system.js","src/utils/file-system.ts","resolved","tracked-file","resolved to pinned tracked file"
"src/core/worksets.ts","15","module-import","./store/errors.js","src/core/store/errors.ts","resolved","tracked-file","resolved to pinned tracked file"
"src/core/worksets.ts","22","module-import","./zod-issues.js","src/core/zod-issues.ts","resolved","tracked-file","resolved to pinned tracked file"
"src/core/zod-issues.ts","1","module-import","zod","zod","classified","external-package","package or runtime module terminal"
"src/index.ts","1","module-import","./cli/index.js","src/cli/index.ts","resolved","tracked-file","resolved to pinned tracked file"
"src/index.ts","2","module-import","./core/index.js","src/core/index.ts","resolved","tracked-file","resolved to pinned tracked file"
"src/prompts/searchable-multi-select.ts","1","module-import","chalk","chalk","classified","external-package","package or runtime module terminal"
"src/prompts/searchable-multi-select.ts","37","module-import","@inquirer/core","@inquirer/core","classified","external-package","package or runtime module terminal"
"src/telemetry/config.ts","5","module-import","fs","fs","classified","external-package","package or runtime module terminal"
"src/telemetry/config.ts","6","module-import","path","path","classified","external-package","package or runtime module terminal"
"src/telemetry/config.ts","7","module-import","os","os","classified","external-package","package or runtime module terminal"
"src/telemetry/index.ts","21","module-import","crypto","crypto","classified","external-package","package or runtime module terminal"
"src/telemetry/index.ts","22","module-import","./config.js","src/telemetry/config.ts","resolved","tracked-file","resolved to pinned tracked file"
"src/ui/welcome-screen.ts","6","module-import","chalk","chalk","classified","external-package","package or runtime module terminal"
"src/ui/welcome-screen.ts","11","module-import","./ascii-patterns.js","src/ui/ascii-patterns.ts","resolved","tracked-file","resolved to pinned tracked file"
"src/ui/welcome-screen.ts","12","module-import","../core/onboarding-commands.js","src/core/onboarding-commands.ts","resolved","tracked-file","resolved to pinned tracked file"
"src/ui/welcome-screen.ts","157","module-import","@inquirer/core","@inquirer/core","classified","external-package","package or runtime module terminal"
"src/utils/change-metadata.ts","1","module-import","node:fs","node:fs","classified","runtime-builtin","package or runtime module terminal"
"src/utils/change-metadata.ts","2","module-import","node:path","node:path","classified","runtime-builtin","package or runtime module terminal"
"src/utils/change-metadata.ts","3","module-import","yaml","yaml","classified","external-package","package or runtime module terminal"
"src/utils/change-metadata.ts","4","module-import","../core/change-metadata/index.js","src/core/change-metadata/index.ts","resolved","tracked-file","resolved to pinned tracked file"
"src/utils/change-metadata.ts","5","module-import","../core/artifact-graph/resolver.js","src/core/artifact-graph/resolver.ts","resolved","tracked-file","resolved to pinned tracked file"
"src/utils/change-metadata.ts","6","module-import","../core/project-config.js","src/core/project-config.ts","resolved","tracked-file","resolved to pinned tracked file"
"src/utils/change-utils.ts","1","module-import","path","path","classified","external-package","package or runtime module terminal"
"src/utils/change-utils.ts","2","module-import","./file-system.js","src/utils/file-system.ts","resolved","tracked-file","resolved to pinned tracked file"
"src/utils/change-utils.ts","3","module-import","./change-metadata.js","src/utils/change-metadata.ts","resolved","tracked-file","resolved to pinned tracked file"
"src/utils/change-utils.ts","4","module-import","./date.js","src/utils/date.ts","resolved","tracked-file","resolved to pinned tracked file"
"src/utils/change-utils.ts","5","module-import","../core/project-config.js","src/core/project-config.ts","resolved","tracked-file","resolved to pinned tracked file"
"src/utils/change-utils.ts","6","module-import","../core/id.js","src/core/id.ts","resolved","tracked-file","resolved to pinned tracked file"
"src/utils/change-utils.ts","7","module-import","../core/change-metadata/index.js","src/core/change-metadata/index.ts","resolved","tracked-file","resolved to pinned tracked file"
"src/utils/command-references.ts","10","module-import","../core/command-surface.js","src/core/command-surface.ts","resolved","tracked-file","resolved to pinned tracked file"
"src/utils/command-references.ts","11","module-import","../core/command-generation/invocation.js","src/core/command-generation/invocation.ts","resolved","tracked-file","resolved to pinned tracked file"
"src/utils/file-system.ts","1","module-import","fs","fs","classified","external-package","package or runtime module terminal"
"src/utils/file-system.ts","2","module-import","path","path","classified","external-package","package or runtime module terminal"
"src/utils/index.ts","2","module-import","./change-utils.js","src/utils/change-utils.ts","resolved","tracked-file","resolved to pinned tracked file"
"src/utils/index.ts","3","module-import","./change-utils.js","src/utils/change-utils.ts","resolved","tracked-file","resolved to pinned tracked file"
"src/utils/index.ts","15","module-import","./file-system.js","src/utils/file-system.ts","resolved","tracked-file","resolved to pinned tracked file"
"src/utils/item-discovery.ts","1","module-import","fs","fs","classified","external-package","package or runtime module terminal"
"src/utils/item-discovery.ts","2","module-import","path","path","classified","external-package","package or runtime module terminal"
"src/utils/item-discovery.ts","3","module-import","./spec-discovery.js","src/utils/spec-discovery.ts","resolved","tracked-file","resolved to pinned tracked file"
"src/utils/shell-detection.ts","1","module-import","node:child_process","node:child_process","classified","runtime-builtin","package or runtime module terminal"
"src/utils/spec-discovery.ts","1","module-import","fs","fs","classified","external-package","package or runtime module terminal"
"src/utils/spec-discovery.ts","2","module-import","path","path","classified","external-package","package or runtime module terminal"
"src/utils/task-progress.ts","1","module-import","fs","fs","classified","external-package","package or runtime module terminal"
"src/utils/task-progress.ts","2","module-import","path","path","classified","external-package","package or runtime module terminal"
"src/utils/task-progress.ts","3","module-import","../core/artifact-graph/index.js","src/core/artifact-graph/index.ts","resolved","tracked-file","resolved to pinned tracked file"
"src/utils/task-progress.ts","4","module-import","../core/artifact-graph/index.js","src/core/artifact-graph/index.ts","resolved","tracked-file","resolved to pinned tracked file"
"src/utils/task-progress.ts","5","module-import","./change-metadata.js","src/utils/change-metadata.ts","resolved","tracked-file","resolved to pinned tracked file"
"test/cli-e2e/basic.test.ts","1","module-import","vitest","vitest","classified","external-package","package or runtime module terminal"
"test/cli-e2e/basic.test.ts","2","module-import","fs","fs","classified","external-package","package or runtime module terminal"
"test/cli-e2e/basic.test.ts","3","module-import","path","path","classified","external-package","package or runtime module terminal"
"test/cli-e2e/basic.test.ts","4","module-import","os","os","classified","external-package","package or runtime module terminal"
"test/cli-e2e/basic.test.ts","5","module-import","../helpers/run-cli.js","test/helpers/run-cli.ts","resolved","tracked-file","resolved to pinned tracked file"
"test/cli-e2e/basic.test.ts","6","module-import","../../src/core/config.js","src/core/config.ts","resolved","tracked-file","resolved to pinned tracked file"
"test/cli-e2e/basic.test.ts","7","module-import","../../src/core/index.js","src/core/index.ts","resolved","tracked-file","resolved to pinned tracked file"
"test/cli-e2e/basic.test.ts","8","module-import","../helpers/openspec-fixtures.js","test/helpers/openspec-fixtures.ts","resolved","tracked-file","resolved to pinned tracked file"
"test/cli-e2e/capstone-journeys.test.ts","1","module-import","vitest","vitest","classified","external-package","package or runtime module terminal"
"test/cli-e2e/capstone-journeys.test.ts","2","module-import","node:fs","node:fs","classified","runtime-builtin","package or runtime module terminal"
"test/cli-e2e/capstone-journeys.test.ts","3","module-import","node:os","node:os","classified","runtime-builtin","package or runtime module terminal"
"test/cli-e2e/capstone-journeys.test.ts","4","module-import","node:path","node:path","classified","runtime-builtin","package or runtime module terminal"
"test/cli-e2e/capstone-journeys.test.ts","6","module-import","../../src/core/index.js","src/core/index.ts","resolved","tracked-file","resolved to pinned tracked file"
"test/cli-e2e/capstone-journeys.test.ts","7","module-import","../helpers/run-cli.js","test/helpers/run-cli.ts","resolved","tracked-file","resolved to pinned tracked file"
"test/cli-e2e/capstone-journeys.test.ts","8","module-import","../helpers/openspec-fixtures.js","test/helpers/openspec-fixtures.ts","resolved","tracked-file","resolved to pinned tracked file"
"test/cli-e2e/capstone-journeys.test.ts","9","module-import","../helpers/temp-cleanup.js","test/helpers/temp-cleanup.ts","resolved","tracked-file","resolved to pinned tracked file"
"test/cli-e2e/store-lifecycle.test.ts","1","module-import","vitest","vitest","classified","external-package","package or runtime module terminal"
"test/cli-e2e/store-lifecycle.test.ts","2","module-import","child_process","child_process","classified","external-package","package or runtime module terminal"
"test/cli-e2e/store-lifecycle.test.ts","3","module-import","fs","fs","classified","external-package","package or runtime module terminal"
"test/cli-e2e/store-lifecycle.test.ts","4","module-import","path","path","classified","external-package","package or runtime module terminal"
"test/cli-e2e/store-lifecycle.test.ts","5","module-import","os","os","classified","external-package","package or runtime module terminal"
"test/cli-e2e/store-lifecycle.test.ts","6","module-import","util","util","classified","external-package","package or runtime module terminal"
"test/cli-e2e/store-lifecycle.test.ts","7","module-import","../helpers/run-cli.js","test/helpers/run-cli.ts","resolved","tracked-file","resolved to pinned tracked file"
"test/cli-e2e/store-lifecycle.test.ts","8","module-import","../helpers/temp-cleanup.js","test/helpers/temp-cleanup.ts","resolved","tracked-file","resolved to pinned tracked file"
"test/cli-e2e/validate-scenario-loss.test.ts","1","module-import","vitest","vitest","classified","external-package","package or runtime module terminal"
"test/cli-e2e/validate-scenario-loss.test.ts","2","module-import","fs","fs","classified","external-package","package or runtime module terminal"
"test/cli-e2e/validate-scenario-loss.test.ts","3","module-import","path","path","classified","external-package","package or runtime module terminal"
"test/cli-e2e/validate-scenario-loss.test.ts","4","module-import","os","os","classified","external-package","package or runtime module terminal"
"test/cli-e2e/validate-scenario-loss.test.ts","5","module-import","../helpers/run-cli.js","test/helpers/run-cli.ts","resolved","tracked-file","resolved to pinned tracked file"
"test/cli-e2e/view-store-resolution.test.ts","1","module-import","vitest","vitest","classified","external-package","package or runtime module terminal"
"test/cli-e2e/view-store-resolution.test.ts","2","module-import","fs","fs","classified","external-package","package or runtime module terminal"
"test/cli-e2e/view-store-resolution.test.ts","3","module-import","path","path","classified","external-package","package or runtime module terminal"
"test/cli-e2e/view-store-resolution.test.ts","4","module-import","os","os","classified","external-package","package or runtime module terminal"
"test/cli-e2e/view-store-resolution.test.ts","5","module-import","../helpers/run-cli.js","test/helpers/run-cli.ts","resolved","tracked-file","resolved to pinned tracked file"
"test/cli-e2e/view-store-resolution.test.ts","6","module-import","../helpers/temp-cleanup.js","test/helpers/temp-cleanup.ts","resolved","tracked-file","resolved to pinned tracked file"
"test/cli-e2e/workset-journey.test.ts","1","module-import","vitest","vitest","classified","external-package","package or runtime module terminal"
"test/cli-e2e/workset-journey.test.ts","2","module-import","node:fs","node:fs","classified","runtime-builtin","package or runtime module terminal"
"test/cli-e2e/workset-journey.test.ts","3","module-import","node:os","node:os","classified","runtime-builtin","package or runtime module terminal"
"test/cli-e2e/workset-journey.test.ts","4","module-import","node:path","node:path","classified","runtime-builtin","package or runtime module terminal"
"test/cli-e2e/workset-journey.test.ts","6","module-import","../../src/core/index.js","src/core/index.ts","resolved","tracked-file","resolved to pinned tracked file"
"test/cli-e2e/workset-journey.test.ts","7","module-import","../../src/core/worksets.js","src/core/worksets.ts","resolved","tracked-file","resolved to pinned tracked file"
"test/cli-e2e/workset-journey.test.ts","8","module-import","../helpers/run-cli.js","test/helpers/run-cli.ts","resolved","tracked-file","resolved to pinned tracked file"
"test/cli-e2e/workset-journey.test.ts","9","module-import","../helpers/openspec-fixtures.js","test/helpers/openspec-fixtures.ts","resolved","tracked-file","resolved to pinned tracked file"
"test/cli-e2e/workset-journey.test.ts","15","module-import","../helpers/fs-snapshot.js","test/helpers/fs-snapshot.ts","resolved","tracked-file","resolved to pinned tracked file"
"test/commands/apply-instructions-tasks.test.ts","1","module-import","vitest","vitest","classified","external-package","package or runtime module terminal"
"test/commands/apply-instructions-tasks.test.ts","2","module-import","node:fs","node:fs","classified","runtime-builtin","package or runtime module terminal"
"test/commands/apply-instructions-tasks.test.ts","3","module-import","node:path","node:path","classified","runtime-builtin","package or runtime module terminal"
"test/commands/apply-instructions-tasks.test.ts","4","module-import","node:os","node:os","classified","runtime-builtin","package or runtime module terminal"
"test/commands/apply-instructions-tasks.test.ts","5","module-import","../../src/commands/workflow/instructions.js","src/commands/workflow/instructions.ts","resolved","tracked-file","resolved to pinned tracked file"
"test/commands/apply-instructions-tasks.test.ts","6","module-import","../../src/utils/task-progress.js","src/utils/task-progress.ts","resolved","tracked-file","resolved to pinned tracked file"
"test/commands/artifact-workflow.test.ts","1","module-import","vitest","vitest","classified","external-package","package or runtime module terminal"
"test/commands/artifact-workflow.test.ts","2","module-import","fs","fs","classified","external-package","package or runtime module terminal"
"test/commands/artifact-workflow.test.ts","3","module-import","path","path","classified","external-package","package or runtime module terminal"
"test/commands/artifact-workflow.test.ts","4","module-import","os","os","classified","external-package","package or runtime module terminal"
"test/commands/artifact-workflow.test.ts","5","module-import","../helpers/run-cli.js","test/helpers/run-cli.ts","resolved","tracked-file","resolved to pinned tracked file"
"test/commands/artifact-workflow.test.ts","6","module-import","../../src/utils/file-system.js","src/utils/file-system.ts","resolved","tracked-file","resolved to pinned tracked file"
"test/commands/change-initiative-link.test.ts","1","module-import","vitest","vitest","classified","external-package","package or runtime module terminal"
"test/commands/change-initiative-link.test.ts","2","module-import","node:fs","node:fs","classified","runtime-builtin","package or runtime module terminal"
"test/commands/change-initiative-link.test.ts","3","module-import","node:os","node:os","classified","runtime-builtin","package or runtime module terminal"
"test/commands/change-initiative-link.test.ts","4","module-import","node:path","node:path","classified","runtime-builtin","package or runtime module terminal"
"test/commands/change-initiative-link.test.ts","6","module-import","../../src/utils/change-metadata.js","src/utils/change-metadata.ts","resolved","tracked-file","resolved to pinned tracked file"
"test/commands/change-initiative-link.test.ts","7","module-import","../helpers/run-cli.js","test/helpers/run-cli.ts","resolved","tracked-file","resolved to pinned tracked file"
"test/commands/change.interactive-show.test.ts","1","module-import","vitest","vitest","classified","external-package","package or runtime module terminal"
"test/commands/change.interactive-show.test.ts","2","module-import","fs","fs","classified","external-package","package or runtime module terminal"
"test/commands/change.interactive-show.test.ts","3","module-import","path","path","classified","external-package","package or runtime module terminal"
"test/commands/change.interactive-show.test.ts","4","module-import","child_process","child_process","classified","external-package","package or runtime module terminal"
"test/commands/change.interactive-validate.test.ts","1","module-import","vitest","vitest","classified","external-package","package or runtime module terminal"
"test/commands/change.interactive-validate.test.ts","2","module-import","fs","fs","classified","external-package","package or runtime module terminal"
"test/commands/change.interactive-validate.test.ts","3","module-import","path","path","classified","external-package","package or runtime module terminal"
"test/commands/change.interactive-validate.test.ts","4","module-import","child_process","child_process","classified","external-package","package or runtime module terminal"
"test/commands/completion.test.ts","1","module-import","vitest","vitest","classified","external-package","package or runtime module terminal"
"test/commands/completion.test.ts","2","module-import","../../src/commands/completion.js","src/commands/completion.ts","resolved","tracked-file","resolved to pinned tracked file"
"test/commands/completion.test.ts","3","module-import","../../src/utils/shell-detection.js","src/utils/shell-detection.ts","resolved","tracked-file","resolved to pinned tracked file"
"test/commands/completion.test.ts","198","module-import","../../src/core/completions/installers/zsh-installer.js","src/core/completions/installers/zsh-installer.ts","resolved","tracked-file","resolved to pinned tracked file"
"test/commands/completion.test.ts","223","module-import","../../src/core/completions/installers/zsh-installer.js","src/core/completions/installers/zsh-installer.ts","resolved","tracked-file","resolved to pinned tracked file"
"test/commands/config-profile.test.ts","1","module-import","vitest","vitest","classified","external-package","package or runtime module terminal"
"test/commands/config-profile.test.ts","2","module-import","commander","commander","classified","external-package","package or runtime module terminal"
"test/commands/config-profile.test.ts","3","module-import","node:fs","node:fs","classified","runtime-builtin","package or runtime module terminal"
"test/commands/config-profile.test.ts","4","module-import","node:path","node:path","classified","runtime-builtin","package or runtime module terminal"
"test/commands/config-profile.test.ts","5","module-import","node:os","node:os","classified","runtime-builtin","package or runtime module terminal"
"test/commands/config-profile.test.ts","14","module-import","../../src/commands/config.js","src/commands/config.ts","resolved","tracked-file","resolved to pinned tracked file"
"test/commands/config-profile.test.ts","25","module-import","@inquirer/prompts","@inquirer/prompts","classified","external-package","package or runtime module terminal"
"test/commands/config-profile.test.ts","35","module-import","../../src/commands/config.js","src/commands/config.ts","resolved","tracked-file","resolved to pinned tracked file"
"test/commands/config-profile.test.ts","47","module-import","../../src/commands/config.js","src/commands/config.ts","resolved","tracked-file","resolved to pinned tracked file"
"test/commands/config-profile.test.ts","61","module-import","../../src/commands/config.js","src/commands/config.ts","resolved","tracked-file","resolved to pinned tracked file"
"test/commands/config-profile.test.ts","66","module-import","../../src/commands/config.js","src/commands/config.ts","resolved","tracked-file","resolved to pinned tracked file"
"test/commands/config-profile.test.ts","71","module-import","../../src/commands/config.js","src/commands/config.ts","resolved","tracked-file","resolved to pinned tracked file"
"test/commands/config-profile.test.ts","159","module-import","../../src/core/global-config.js","src/core/global-config.ts","resolved","tracked-file","resolved to pinned tracked file"
"test/commands/config-profile.test.ts","174","module-import","../../src/core/global-config.js","src/core/global-config.ts","resolved","tracked-file","resolved to pinned tracked file"
"test/commands/config-profile.test.ts","201","module-import","../../src/core/global-config.js","src/core/global-config.ts","resolved","tracked-file","resolved to pinned tracked file"
"test/commands/config-profile.test.ts","202","module-import","../../src/core/profiles.js","src/core/profiles.ts","resolved","tracked-file","resolved to pinned tracked file"
"test/commands/config-profile.test.ts","229","module-import","../../src/core/global-config.js","src/core/global-config.ts","resolved","tracked-file","resolved to pinned tracked file"
"test/commands/config-profile.test.ts","246","module-import","../../src/core/global-config.js","src/core/global-config.ts","resolved","tracked-file","resolved to pinned tracked file"
"test/commands/config-profile.test.ts","272","module-import","../../src/core/global-config.js","src/core/global-config.ts","resolved","tracked-file","resolved to pinned tracked file"
"test/commands/config-profile.test.ts","292","module-import","../../src/core/global-config.js","src/core/global-config.ts","resolved","tracked-file","resolved to pinned tracked file"
"test/commands/config-profile.test.ts","306","module-import","../../src/core/global-config.js","src/core/global-config.ts","resolved","tracked-file","resolved to pinned tracked file"
"test/commands/config-profile.test.ts","320","module-import","../../src/core/global-config.js","src/core/global-config.ts","resolved","tracked-file","resolved to pinned tracked file"
"test/commands/config-profile.test.ts","336","module-import","../../src/core/global-config.js","src/core/global-config.ts","resolved","tracked-file","resolved to pinned tracked file"
"test/commands/config-profile.test.ts","351","module-import","../../src/core/global-config.js","src/core/global-config.ts","resolved","tracked-file","resolved to pinned tracked file"
"test/commands/config-profile.test.ts","371","module-import","../../src/core/global-config.js","src/core/global-config.ts","resolved","tracked-file","resolved to pinned tracked file"
"test/commands/config-profile.test.ts","394","module-import","../../src/core/global-config.js","src/core/global-config.ts","resolved","tracked-file","resolved to pinned tracked file"
"test/commands/config-profile.test.ts","395","module-import","../../src/core/update.js","src/core/update.ts","resolved","tracked-file","resolved to pinned tracked file"
"test/commands/config-profile.test.ts","419","module-import","../../src/core/global-config.js","src/core/global-config.ts","resolved","tracked-file","resolved to pinned tracked file"
"test/commands/config.test.ts","1","module-import","vitest","vitest","classified","external-package","package or runtime module terminal"
"test/commands/config.test.ts","2","module-import","commander","commander","classified","external-package","package or runtime module terminal"
"test/commands/config.test.ts","3","module-import","node:fs","node:fs","classified","runtime-builtin","package or runtime module terminal"
"test/commands/config.test.ts","4","module-import","node:path","node:path","classified","runtime-builtin","package or runtime module terminal"
"test/commands/config.test.ts","5","module-import","node:os","node:os","classified","runtime-builtin","package or runtime module terminal"
"test/commands/config.test.ts","8","module-import","../../src/commands/config.js","src/commands/config.ts","resolved","tracked-file","resolved to pinned tracked file"
"test/commands/config.test.ts","50","module-import","../../src/core/global-config.js","src/core/global-config.ts","resolved","tracked-file","resolved to pinned tracked file"
"test/commands/config.test.ts","56","module-import","../../src/core/global-config.js","src/core/global-config.ts","resolved","tracked-file","resolved to pinned tracked file"
"test/commands/config.test.ts","64","module-import","../../src/core/global-config.js","src/core/global-config.ts","resolved","tracked-file","resolved to pinned tracked file"
"test/commands/config.test.ts","77","module-import","../../src/core/global-config.js","src/core/global-config.ts","resolved","tracked-file","resolved to pinned tracked file"
"test/commands/config.test.ts","91","module-import","../../src/core/global-config.js","src/core/global-config.ts","resolved","tracked-file","resolved to pinned tracked file"
"test/commands/config.test.ts","110","module-import","../../src/core/global-config.js","src/core/global-config.ts","resolved","tracked-file","resolved to pinned tracked file"
"test/commands/config.test.ts","122","module-import","../../src/core/global-config.js","src/core/global-config.ts","resolved","tracked-file","resolved to pinned tracked file"
"test/commands/config.test.ts","136","module-import","../../src/core/completions/command-registry.js","src/core/completions/command-registry.ts","resolved","tracked-file","resolved to pinned tracked file"
"test/commands/config.test.ts","144","module-import","../../src/core/completions/command-registry.js","src/core/completions/command-registry.ts","resolved","tracked-file","resolved to pinned tracked file"
"test/commands/config.test.ts","159","module-import","../../src/core/completions/command-registry.js","src/core/completions/command-registry.ts","resolved","tracked-file","resolved to pinned tracked file"
"test/commands/config.test.ts","169","module-import","../../src/core/completions/command-registry.js","src/core/completions/command-registry.ts","resolved","tracked-file","resolved to pinned tracked file"
"test/commands/config.test.ts","180","module-import","../../src/core/completions/command-registry.js","src/core/completions/command-registry.ts","resolved","tracked-file","resolved to pinned tracked file"
"test/commands/config.test.ts","191","module-import","../../src/core/completions/command-registry.js","src/core/completions/command-registry.ts","resolved","tracked-file","resolved to pinned tracked file"
"test/commands/config.test.ts","202","module-import","../../src/core/config-schema.js","src/core/config-schema.ts","resolved","tracked-file","resolved to pinned tracked file"
"test/commands/config.test.ts","207","module-import","../../src/core/config-schema.js","src/core/config-schema.ts","resolved","tracked-file","resolved to pinned tracked file"
"test/commands/config.test.ts","212","module-import","../../src/core/config-schema.js","src/core/config-schema.ts","resolved","tracked-file","resolved to pinned tracked file"
"test/commands/config.test.ts","217","module-import","../../src/core/config-schema.js","src/core/config-schema.ts","resolved","tracked-file","resolved to pinned tracked file"
"test/commands/config.test.ts","222","module-import","../../src/core/config-schema.js","src/core/config-schema.ts","resolved","tracked-file","resolved to pinned tracked file"
"test/commands/config.test.ts","227","module-import","../../src/core/config-schema.js","src/core/config-schema.ts","resolved","tracked-file","resolved to pinned tracked file"
"test/commands/config.test.ts","232","module-import","../../src/core/config-schema.js","src/core/config-schema.ts","resolved","tracked-file","resolved to pinned tracked file"
"test/commands/config.test.ts","237","module-import","../../src/core/config-schema.js","src/core/config-schema.ts","resolved","tracked-file","resolved to pinned tracked file"
"test/commands/config.test.ts","259","module-import","../../src/core/global-config.js","src/core/global-config.ts","resolved","tracked-file","resolved to pinned tracked file"
"test/commands/config.test.ts","266","module-import","../../src/core/profiles.js","src/core/profiles.ts","resolved","tracked-file","resolved to pinned tracked file"
"test/commands/config.test.ts","279","module-import","../../src/core/global-config.js","src/core/global-config.ts","resolved","tracked-file","resolved to pinned tracked file"
"test/commands/config.test.ts","280","module-import","../../src/core/profiles.js","src/core/profiles.ts","resolved","tracked-file","resolved to pinned tracked file"
"test/commands/config.test.ts","303","module-import","../../src/core/profiles.js","src/core/profiles.ts","resolved","tracked-file","resolved to pinned tracked file"
"test/commands/config.test.ts","314","module-import","../../src/core/config-schema.js","src/core/config-schema.ts","resolved","tracked-file","resolved to pinned tracked file"
"test/commands/config.test.ts","322","module-import","../../src/core/config-schema.js","src/core/config-schema.ts","resolved","tracked-file","resolved to pinned tracked file"
"test/commands/config.test.ts","329","module-import","../../src/core/config-schema.js","src/core/config-schema.ts","resolved","tracked-file","resolved to pinned tracked file"
"test/commands/context.test.ts","1","module-import","vitest","vitest","classified","external-package","package or runtime module terminal"
"test/commands/context.test.ts","2","module-import","node:fs","node:fs","classified","runtime-builtin","package or runtime module terminal"
"test/commands/context.test.ts","3","module-import","node:os","node:os","classified","runtime-builtin","package or runtime module terminal"
"test/commands/context.test.ts","4","module-import","node:path","node:path","classified","runtime-builtin","package or runtime module terminal"
"test/commands/context.test.ts","6","module-import","../../src/core/index.js","src/core/index.ts","resolved","tracked-file","resolved to pinned tracked file"
"test/commands/context.test.ts","7","module-import","../helpers/run-cli.js","test/helpers/run-cli.ts","resolved","tracked-file","resolved to pinned tracked file"
"test/commands/context.test.ts","8","module-import","../helpers/openspec-fixtures.js","test/helpers/openspec-fixtures.ts","resolved","tracked-file","resolved to pinned tracked file"
"test/commands/context.test.ts","9","module-import","../helpers/fs-snapshot.js","test/helpers/fs-snapshot.ts","resolved","tracked-file","resolved to pinned tracked file"
"test/commands/context.test.ts","10","module-import","../helpers/temp-cleanup.js","test/helpers/temp-cleanup.ts","resolved","tracked-file","resolved to pinned tracked file"
"test/commands/declared-store-fallback.test.ts","1","module-import","vitest","vitest","classified","external-package","package or runtime module terminal"
"test/commands/declared-store-fallback.test.ts","2","module-import","node:fs","node:fs","classified","runtime-builtin","package or runtime module terminal"
"test/commands/declared-store-fallback.test.ts","3","module-import","node:os","node:os","classified","runtime-builtin","package or runtime module terminal"
"test/commands/declared-store-fallback.test.ts","4","module-import","node:path","node:path","classified","runtime-builtin","package or runtime module terminal"
"test/commands/declared-store-fallback.test.ts","6","module-import","../../src/core/index.js","src/core/index.ts","resolved","tracked-file","resolved to pinned tracked file"
"test/commands/declared-store-fallback.test.ts","7","module-import","../helpers/run-cli.js","test/helpers/run-cli.ts","resolved","tracked-file","resolved to pinned tracked file"
"test/commands/declared-store-fallback.test.ts","8","module-import","../helpers/fs-snapshot.js","test/helpers/fs-snapshot.ts","resolved","tracked-file","resolved to pinned tracked file"
"test/commands/declared-store-fallback.test.ts","9","module-import","../helpers/openspec-fixtures.js","test/helpers/openspec-fixtures.ts","resolved","tracked-file","resolved to pinned tracked file"
"test/commands/doctor.test.ts","1","module-import","vitest","vitest","classified","external-package","package or runtime module terminal"
"test/commands/doctor.test.ts","2","module-import","node:fs","node:fs","classified","runtime-builtin","package or runtime module terminal"
"test/commands/doctor.test.ts","3","module-import","node:os","node:os","classified","runtime-builtin","package or runtime module terminal"
"test/commands/doctor.test.ts","4","module-import","node:path","node:path","classified","runtime-builtin","package or runtime module terminal"
"test/commands/doctor.test.ts","6","module-import","../../src/core/index.js","src/core/index.ts","resolved","tracked-file","resolved to pinned tracked file"
"test/commands/doctor.test.ts","7","module-import","../helpers/run-cli.js","test/helpers/run-cli.ts","resolved","tracked-file","resolved to pinned tracked file"
"test/commands/doctor.test.ts","8","module-import","../helpers/openspec-fixtures.js","test/helpers/openspec-fixtures.ts","resolved","tracked-file","resolved to pinned tracked file"
"test/commands/doctor.test.ts","9","module-import","../helpers/fs-snapshot.js","test/helpers/fs-snapshot.ts","resolved","tracked-file","resolved to pinned tracked file"
"test/commands/doctor.test.ts","10","module-import","../helpers/temp-cleanup.js","test/helpers/temp-cleanup.ts","resolved","tracked-file","resolved to pinned tracked file"
"test/commands/doctor.test.ts","11","module-import","../helpers/store-git.js","test/helpers/store-git.ts","resolved","tracked-file","resolved to pinned tracked file"
"test/commands/doctor.test.ts","51","module-import","node:child_process","node:child_process","classified","runtime-builtin","package or runtime module terminal"
"test/commands/doctor.test.ts","226","module-import","node:child_process","node:child_process","classified","runtime-builtin","package or runtime module terminal"
"test/commands/feedback.test.ts","1","module-import","vitest","vitest","classified","external-package","package or runtime module terminal"
"test/commands/feedback.test.ts","2","module-import","../../src/commands/feedback.js","src/commands/feedback.ts","resolved","tracked-file","resolved to pinned tracked file"
"test/commands/feedback.test.ts","3","module-import","child_process","child_process","classified","external-package","package or runtime module terminal"
"test/commands/global-default-store.test.ts","1","module-import","vitest","vitest","classified","external-package","package or runtime module terminal"
"test/commands/global-default-store.test.ts","2","module-import","node:fs","node:fs","classified","runtime-builtin","package or runtime module terminal"
"test/commands/global-default-store.test.ts","3","module-import","node:os","node:os","classified","runtime-builtin","package or runtime module terminal"
"test/commands/global-default-store.test.ts","4","module-import","node:path","node:path","classified","runtime-builtin","package or runtime module terminal"
"test/commands/global-default-store.test.ts","6","module-import","../../src/core/index.js","src/core/index.ts","resolved","tracked-file","resolved to pinned tracked file"
"test/commands/global-default-store.test.ts","7","module-import","../helpers/run-cli.js","test/helpers/run-cli.ts","resolved","tracked-file","resolved to pinned tracked file"
"test/commands/global-default-store.test.ts","8","module-import","../helpers/openspec-fixtures.js","test/helpers/openspec-fixtures.ts","resolved","tracked-file","resolved to pinned tracked file"
"test/commands/legacy-groups-removed.test.ts","1","module-import","vitest","vitest","classified","external-package","package or runtime module terminal"
"test/commands/legacy-groups-removed.test.ts","2","module-import","node:fs","node:fs","classified","runtime-builtin","package or runtime module terminal"
"test/commands/legacy-groups-removed.test.ts","3","module-import","node:os","node:os","classified","runtime-builtin","package or runtime module terminal"
"test/commands/legacy-groups-removed.test.ts","4","module-import","node:path","node:path","classified","runtime-builtin","package or runtime module terminal"
"test/commands/legacy-groups-removed.test.ts","6","module-import","../../src/core/index.js","src/core/index.ts","resolved","tracked-file","resolved to pinned tracked file"
"test/commands/legacy-groups-removed.test.ts","7","module-import","../helpers/run-cli.js","test/helpers/run-cli.ts","resolved","tracked-file","resolved to pinned tracked file"
"test/commands/legacy-groups-removed.test.ts","8","module-import","../helpers/store-git.js","test/helpers/store-git.ts","resolved","tracked-file","resolved to pinned tracked file"
"test/commands/legacy-groups-removed.test.ts","9","module-import","../helpers/temp-cleanup.js","test/helpers/temp-cleanup.ts","resolved","tracked-file","resolved to pinned tracked file"
"test/commands/schema.test.ts","1","module-import","vitest","vitest","classified","external-package","package or runtime module terminal"
"test/commands/schema.test.ts","2","module-import","commander","commander","classified","external-package","package or runtime module terminal"
"test/commands/schema.test.ts","3","module-import","node:fs","node:fs","classified","runtime-builtin","package or runtime module terminal"
"test/commands/schema.test.ts","4","module-import","node:path","node:path","classified","runtime-builtin","package or runtime module terminal"
"test/commands/schema.test.ts","5","module-import","node:os","node:os","classified","runtime-builtin","package or runtime module terminal"
"test/commands/schema.test.ts","8","module-import","../../src/commands/schema.js","src/commands/schema.ts","resolved","tracked-file","resolved to pinned tracked file"
"test/commands/schema.test.ts","97","module-import","../../src/core/artifact-graph/resolver.js","src/core/artifact-graph/resolver.ts","resolved","tracked-file","resolved to pinned tracked file"
"test/commands/schema.test.ts","105","module-import","../../src/core/artifact-graph/resolver.js","src/core/artifact-graph/resolver.ts","resolved","tracked-file","resolved to pinned tracked file"
"test/commands/schema.test.ts","132","module-import","../../src/core/artifact-graph/schema.js","src/core/artifact-graph/schema.ts","resolved","tracked-file","resolved to pinned tracked file"
"test/commands/schema.test.ts","212","module-import","../../src/core/artifact-graph/resolver.js","src/core/artifact-graph/resolver.ts","resolved","tracked-file","resolved to pinned tracked file"
"test/commands/schema.test.ts","324","module-import","yaml","yaml","classified","external-package","package or runtime module terminal"
"test/commands/schema.test.ts","359","module-import","../../src/core/artifact-graph/schema.js","src/core/artifact-graph/schema.ts","resolved","tracked-file","resolved to pinned tracked file"
"test/commands/schema.test.ts","400","module-import","../../src/core/artifact-graph/resolver.js","src/core/artifact-graph/resolver.ts","resolved","tracked-file","resolved to pinned tracked file"
"test/commands/show.test.ts","1","module-import","vitest","vitest","classified","external-package","package or runtime module terminal"
"test/commands/show.test.ts","2","module-import","fs","fs","classified","external-package","package or runtime module terminal"
"test/commands/show.test.ts","3","module-import","path","path","classified","external-package","package or runtime module terminal"
"test/commands/show.test.ts","4","module-import","child_process","child_process","classified","external-package","package or runtime module terminal"
"test/commands/spec.interactive-show.test.ts","1","module-import","vitest","vitest","classified","external-package","package or runtime module terminal"
"test/commands/spec.interactive-show.test.ts","2","module-import","fs","fs","classified","external-package","package or runtime module terminal"
"test/commands/spec.interactive-show.test.ts","3","module-import","path","path","classified","external-package","package or runtime module terminal"
"test/commands/spec.interactive-show.test.ts","4","module-import","child_process","child_process","classified","external-package","package or runtime module terminal"
"test/commands/spec.interactive-validate.test.ts","1","module-import","vitest","vitest","classified","external-package","package or runtime module terminal"
"test/commands/spec.interactive-validate.test.ts","2","module-import","fs","fs","classified","external-package","package or runtime module terminal"
"test/commands/spec.interactive-validate.test.ts","3","module-import","path","path","classified","external-package","package or runtime module terminal"
"test/commands/spec.interactive-validate.test.ts","4","module-import","child_process","child_process","classified","external-package","package or runtime module terminal"
"test/commands/spec.test.ts","1","module-import","vitest","vitest","classified","external-package","package or runtime module terminal"
"test/commands/spec.test.ts","2","module-import","fs","fs","classified","external-package","package or runtime module terminal"
"test/commands/spec.test.ts","3","module-import","path","path","classified","external-package","package or runtime module terminal"
"test/commands/spec.test.ts","4","module-import","child_process","child_process","classified","external-package","package or runtime module terminal"
"test/commands/store-git.test.ts","1","module-import","vitest","vitest","classified","external-package","package or runtime module terminal"
"test/commands/store-git.test.ts","2","module-import","commander","commander","classified","external-package","package or runtime module terminal"
"test/commands/store-git.test.ts","3","module-import","node:child_process","node:child_process","classified","runtime-builtin","package or runtime module terminal"
"test/commands/store-git.test.ts","4","module-import","node:fs","node:fs","classified","runtime-builtin","package or runtime module terminal"
"test/commands/store-git.test.ts","5","module-import","node:os","node:os","classified","runtime-builtin","package or runtime module terminal"
"test/commands/store-git.test.ts","6","module-import","node:path","node:path","classified","runtime-builtin","package or runtime module terminal"
"test/commands/store-git.test.ts","13","module-import","../helpers/run-cli.js","test/helpers/run-cli.ts","resolved","tracked-file","resolved to pinned tracked file"
"test/commands/store-git.test.ts","14","module-import","../helpers/store-git.js","test/helpers/store-git.ts","resolved","tracked-file","resolved to pinned tracked file"
"test/commands/store-git.test.ts","15","module-import","../helpers/temp-cleanup.js","test/helpers/temp-cleanup.ts","resolved","tracked-file","resolved to pinned tracked file"
"test/commands/store-git.test.ts","23","module-import","../../src/commands/store.js","src/commands/store.ts","resolved","tracked-file","resolved to pinned tracked file"
"test/commands/store-git.test.ts","33","module-import","@inquirer/prompts","@inquirer/prompts","classified","external-package","package or runtime module terminal"
"test/commands/store-references.test.ts","1","module-import","vitest","vitest","classified","external-package","package or runtime module terminal"
"test/commands/store-references.test.ts","2","module-import","node:fs","node:fs","classified","runtime-builtin","package or runtime module terminal"
"test/commands/store-references.test.ts","3","module-import","node:os","node:os","classified","runtime-builtin","package or runtime module terminal"
"test/commands/store-references.test.ts","4","module-import","node:path","node:path","classified","runtime-builtin","package or runtime module terminal"
"test/commands/store-references.test.ts","6","module-import","../../src/core/index.js","src/core/index.ts","resolved","tracked-file","resolved to pinned tracked file"
"test/commands/store-references.test.ts","7","module-import","../helpers/run-cli.js","test/helpers/run-cli.ts","resolved","tracked-file","resolved to pinned tracked file"
"test/commands/store-references.test.ts","8","module-import","../helpers/fs-snapshot.js","test/helpers/fs-snapshot.ts","resolved","tracked-file","resolved to pinned tracked file"
"test/commands/store-references.test.ts","9","module-import","../helpers/openspec-fixtures.js","test/helpers/openspec-fixtures.ts","resolved","tracked-file","resolved to pinned tracked file"
"test/commands/store-remote.test.ts","1","module-import","vitest","vitest","classified","external-package","package or runtime module terminal"
"test/commands/store-remote.test.ts","2","module-import","node:child_process","node:child_process","classified","runtime-builtin","package or runtime module terminal"
"test/commands/store-remote.test.ts","3","module-import","node:fs","node:fs","classified","runtime-builtin","package or runtime module terminal"
"test/commands/store-remote.test.ts","4","module-import","node:os","node:os","classified","runtime-builtin","package or runtime module terminal"
"test/commands/store-remote.test.ts","5","module-import","node:path","node:path","classified","runtime-builtin","package or runtime module terminal"
"test/commands/store-remote.test.ts","13","module-import","../helpers/run-cli.js","test/helpers/run-cli.ts","resolved","tracked-file","resolved to pinned tracked file"
"test/commands/store-remote.test.ts","14","module-import","../helpers/store-git.js","test/helpers/store-git.ts","resolved","tracked-file","resolved to pinned tracked file"
"test/commands/store-remote.test.ts","15","module-import","../helpers/temp-cleanup.js","test/helpers/temp-cleanup.ts","resolved","tracked-file","resolved to pinned tracked file"
"test/commands/store-root-selection.test.ts","1","module-import","vitest","vitest","classified","external-package","package or runtime module terminal"
"test/commands/store-root-selection.test.ts","2","module-import","node:fs","node:fs","classified","runtime-builtin","package or runtime module terminal"
"test/commands/store-root-selection.test.ts","3","module-import","node:os","node:os","classified","runtime-builtin","package or runtime module terminal"
"test/commands/store-root-selection.test.ts","4","module-import","node:path","node:path","classified","runtime-builtin","package or runtime module terminal"
"test/commands/store-root-selection.test.ts","10","module-import","../../src/core/store/foundation.js","src/core/store/foundation.ts","resolved","tracked-file","resolved to pinned tracked file"
"test/commands/store-root-selection.test.ts","11","module-import","../helpers/run-cli.js","test/helpers/run-cli.ts","resolved","tracked-file","resolved to pinned tracked file"
"test/commands/store-root-selection.test.ts","12","module-import","../helpers/temp-cleanup.js","test/helpers/temp-cleanup.ts","resolved","tracked-file","resolved to pinned tracked file"
"test/commands/store.test.ts","1","module-import","vitest","vitest","classified","external-package","package or runtime module terminal"
"test/commands/store.test.ts","2","module-import","commander","commander","classified","external-package","package or runtime module terminal"
"test/commands/store.test.ts","3","module-import","node:child_process","node:child_process","classified","runtime-builtin","package or runtime module terminal"
"test/commands/store.test.ts","4","module-import","node:fs","node:fs","classified","runtime-builtin","package or runtime module terminal"
"test/commands/store.test.ts","5","module-import","node:os","node:os","classified","runtime-builtin","package or runtime module terminal"
"test/commands/store.test.ts","6","module-import","node:path","node:path","classified","runtime-builtin","package or runtime module terminal"
"test/commands/store.test.ts","18","module-import","../helpers/run-cli.js","test/helpers/run-cli.ts","resolved","tracked-file","resolved to pinned tracked file"
"test/commands/store.test.ts","19","module-import","../helpers/store-git.js","test/helpers/store-git.ts","resolved","tracked-file","resolved to pinned tracked file"
"test/commands/store.test.ts","27","module-import","../../src/commands/store.js","src/commands/store.ts","resolved","tracked-file","resolved to pinned tracked file"
"test/commands/store.test.ts","37","module-import","@inquirer/prompts","@inquirer/prompts","classified","external-package","package or runtime module terminal"
"test/commands/validate.enriched-output.test.ts","1","module-import","vitest","vitest","classified","external-package","package or runtime module terminal"
"test/commands/validate.enriched-output.test.ts","2","module-import","fs","fs","classified","external-package","package or runtime module terminal"
"test/commands/validate.enriched-output.test.ts","3","module-import","path","path","classified","external-package","package or runtime module terminal"
"test/commands/validate.enriched-output.test.ts","4","module-import","child_process","child_process","classified","external-package","package or runtime module terminal"
"test/commands/validate.test.ts","1","module-import","vitest","vitest","classified","external-package","package or runtime module terminal"
"test/commands/validate.test.ts","2","module-import","fs","fs","classified","external-package","package or runtime module terminal"
"test/commands/validate.test.ts","3","module-import","path","path","classified","external-package","package or runtime module terminal"
"test/commands/validate.test.ts","4","module-import","../helpers/run-cli.js","test/helpers/run-cli.ts","resolved","tracked-file","resolved to pinned tracked file"
"test/commands/workflow-instructions-skipped.test.ts","1","module-import","vitest","vitest","classified","external-package","package or runtime module terminal"
"test/commands/workflow-instructions-skipped.test.ts","2","module-import","node:fs","node:fs","classified","runtime-builtin","package or runtime module terminal"
"test/commands/workflow-instructions-skipped.test.ts","3","module-import","node:path","node:path","classified","runtime-builtin","package or runtime module terminal"
"test/commands/workflow-instructions-skipped.test.ts","4","module-import","node:os","node:os","classified","runtime-builtin","package or runtime module terminal"
"test/commands/workflow-instructions-skipped.test.ts","14","module-import","../../src/commands/workflow/status.js","src/commands/workflow/status.ts","resolved","tracked-file","resolved to pinned tracked file"
"test/commands/workset.test.ts","1","module-import","vitest","vitest","classified","external-package","package or runtime module terminal"
"test/commands/workset.test.ts","2","module-import","node:events","node:events","classified","runtime-builtin","package or runtime module terminal"
"test/commands/workset.test.ts","3","module-import","node:fs","node:fs","classified","runtime-builtin","package or runtime module terminal"
"test/commands/workset.test.ts","4","module-import","node:os","node:os","classified","runtime-builtin","package or runtime module terminal"
"test/commands/workset.test.ts","5","module-import","node:path","node:path","classified","runtime-builtin","package or runtime module terminal"
"test/commands/workset.test.ts","7","module-import","../../src/core/global-config.js","src/core/global-config.ts","resolved","tracked-file","resolved to pinned tracked file"
"test/commands/workset.test.ts","16","module-import","../helpers/run-cli.js","test/helpers/run-cli.ts","resolved","tracked-file","resolved to pinned tracked file"
"test/commands/workset.test.ts","17","module-import","../helpers/fake-tool.js","test/helpers/fake-tool.ts","resolved","tracked-file","resolved to pinned tracked file"
"test/commands/workset.test.ts","18","module-import","../helpers/fs-snapshot.js","test/helpers/fs-snapshot.ts","resolved","tracked-file","resolved to pinned tracked file"
"test/commands/workset.test.ts","19","module-import","../helpers/temp-cleanup.js","test/helpers/temp-cleanup.ts","resolved","tracked-file","resolved to pinned tracked file"
"test/commands/workset.test.ts","889","module-import","commander","commander","classified","external-package","package or runtime module terminal"
"test/commands/workset.test.ts","1035","module-import","commander","commander","classified","external-package","package or runtime module terminal"
"test/core/archive.test.ts","1","module-import","vitest","vitest","classified","external-package","package or runtime module terminal"
"test/core/archive.test.ts","2","module-import","../../src/core/archive.js","src/core/archive.ts","resolved","tracked-file","resolved to pinned tracked file"
"test/core/archive.test.ts","3","module-import","../../src/core/validation/validator.js","src/core/validation/validator.ts","resolved","tracked-file","resolved to pinned tracked file"
"test/core/archive.test.ts","4","module-import","../../src/core/parsers/markdown-parser.js","src/core/parsers/markdown-parser.ts","resolved","tracked-file","resolved to pinned tracked file"
"test/core/archive.test.ts","5","module-import","../../src/core/parsers/spec-structure.js","src/core/parsers/spec-structure.ts","resolved","tracked-file","resolved to pinned tracked file"
"test/core/archive.test.ts","6","module-import","../../src/core/validation/constants.js","src/core/validation/constants.ts","resolved","tracked-file","resolved to pinned tracked file"
"test/core/archive.test.ts","7","module-import","../../src/utils/date.js","src/utils/date.ts","resolved","tracked-file","resolved to pinned tracked file"
"test/core/archive.test.ts","8","module-import","fs","fs","classified","external-package","package or runtime module terminal"
"test/core/archive.test.ts","9","module-import","path","path","classified","external-package","package or runtime module terminal"
"test/core/archive.test.ts","10","module-import","os","os","classified","external-package","package or runtime module terminal"
"test/core/archive.test.ts","1793","module-import","@inquirer/prompts","@inquirer/prompts","classified","external-package","package or runtime module terminal"
"test/core/archive.test.ts","1846","module-import","@inquirer/prompts","@inquirer/prompts","classified","external-package","package or runtime module terminal"
"test/core/archive.test.ts","2840","module-import","@inquirer/prompts","@inquirer/prompts","classified","external-package","package or runtime module terminal"
"test/core/archive.test.ts","2871","module-import","@inquirer/prompts","@inquirer/prompts","classified","external-package","package or runtime module terminal"
"test/core/archive.test.ts","2896","module-import","@inquirer/prompts","@inquirer/prompts","classified","external-package","package or runtime module terminal"
"test/core/archive.test.ts","2926","module-import","@inquirer/prompts","@inquirer/prompts","classified","external-package","package or runtime module terminal"
"test/core/archive.test.ts","2982","module-import","@inquirer/prompts","@inquirer/prompts","classified","external-package","package or runtime module terminal"
"test/core/archive.test.ts","3020","module-import","@inquirer/prompts","@inquirer/prompts","classified","external-package","package or runtime module terminal"
"test/core/archive.test.ts","3043","module-import","@inquirer/prompts","@inquirer/prompts","classified","external-package","package or runtime module terminal"
"test/core/archive.test.ts","3066","module-import","@inquirer/prompts","@inquirer/prompts","classified","external-package","package or runtime module terminal"
"test/core/archive.test.ts","3111","module-import","@inquirer/prompts","@inquirer/prompts","classified","external-package","package or runtime module terminal"
"test/core/archive.test.ts","3137","module-import","@inquirer/prompts","@inquirer/prompts","classified","external-package","package or runtime module terminal"
"test/core/archive.test.ts","3186","module-import","@inquirer/prompts","@inquirer/prompts","classified","external-package","package or runtime module terminal"
"test/core/archive.test.ts","3202","module-import","@inquirer/prompts","@inquirer/prompts","classified","external-package","package or runtime module terminal"
"test/core/archive.test.ts","3224","module-import","@inquirer/prompts","@inquirer/prompts","classified","external-package","package or runtime module terminal"
"test/core/archive.test.ts","3244","module-import","@inquirer/prompts","@inquirer/prompts","classified","external-package","package or runtime module terminal"
"test/core/archive.test.ts","3269","module-import","@inquirer/prompts","@inquirer/prompts","classified","external-package","package or runtime module terminal"
"test/core/archive.test.ts","3295","module-import","@inquirer/prompts","@inquirer/prompts","classified","external-package","package or runtime module terminal"
"test/core/archive.test.ts","3314","module-import","@inquirer/prompts","@inquirer/prompts","classified","external-package","package or runtime module terminal"
"test/core/artifact-graph/graph.test.ts","1","module-import","vitest","vitest","classified","external-package","package or runtime module terminal"
"test/core/artifact-graph/graph.test.ts","2","module-import","../../../src/core/artifact-graph/graph.js","src/core/artifact-graph/graph.ts","resolved","tracked-file","resolved to pinned tracked file"
"test/core/artifact-graph/graph.test.ts","3","module-import","../../../src/core/artifact-graph/types.js","src/core/artifact-graph/types.ts","resolved","tracked-file","resolved to pinned tracked file"
"test/core/artifact-graph/instruction-loader.test.ts","1","module-import","vitest","vitest","classified","external-package","package or runtime module terminal"
"test/core/artifact-graph/instruction-loader.test.ts","2","module-import","node:fs","node:fs","classified","runtime-builtin","package or runtime module terminal"
"test/core/artifact-graph/instruction-loader.test.ts","3","module-import","node:path","node:path","classified","runtime-builtin","package or runtime module terminal"
"test/core/artifact-graph/instruction-loader.test.ts","4","module-import","node:os","node:os","classified","runtime-builtin","package or runtime module terminal"
"test/core/artifact-graph/outputs.test.ts","1","module-import","vitest","vitest","classified","external-package","package or runtime module terminal"
"test/core/artifact-graph/outputs.test.ts","2","module-import","node:fs","node:fs","classified","runtime-builtin","package or runtime module terminal"
"test/core/artifact-graph/outputs.test.ts","3","module-import","node:path","node:path","classified","runtime-builtin","package or runtime module terminal"
"test/core/artifact-graph/outputs.test.ts","4","module-import","node:os","node:os","classified","runtime-builtin","package or runtime module terminal"
"test/core/artifact-graph/outputs.test.ts","5","module-import","../../../src/utils/file-system.js","src/utils/file-system.ts","resolved","tracked-file","resolved to pinned tracked file"
"test/core/artifact-graph/outputs.test.ts","6","module-import","../../../src/core/artifact-graph/outputs.js","src/core/artifact-graph/outputs.ts","resolved","tracked-file","resolved to pinned tracked file"
"test/core/artifact-graph/resolver.test.ts","1","module-import","vitest","vitest","classified","external-package","package or runtime module terminal"
"test/core/artifact-graph/resolver.test.ts","2","module-import","node:fs","node:fs","classified","runtime-builtin","package or runtime module terminal"
"test/core/artifact-graph/resolver.test.ts","3","module-import","node:path","node:path","classified","runtime-builtin","package or runtime module terminal"
"test/core/artifact-graph/resolver.test.ts","4","module-import","node:os","node:os","classified","runtime-builtin","package or runtime module terminal"
"test/core/artifact-graph/schema.test.ts","1","module-import","vitest","vitest","classified","external-package","package or runtime module terminal"
"test/core/artifact-graph/schema.test.ts","2","module-import","../../../src/core/artifact-graph/schema.js","src/core/artifact-graph/schema.ts","resolved","tracked-file","resolved to pinned tracked file"
"test/core/artifact-graph/state.test.ts","1","module-import","vitest","vitest","classified","external-package","package or runtime module terminal"
"test/core/artifact-graph/state.test.ts","2","module-import","node:fs","node:fs","classified","runtime-builtin","package or runtime module terminal"
"test/core/artifact-graph/state.test.ts","3","module-import","node:path","node:path","classified","runtime-builtin","package or runtime module terminal"
"test/core/artifact-graph/state.test.ts","4","module-import","node:os","node:os","classified","runtime-builtin","package or runtime module terminal"
"test/core/artifact-graph/state.test.ts","5","module-import","../../../src/core/artifact-graph/state.js","src/core/artifact-graph/state.ts","resolved","tracked-file","resolved to pinned tracked file"
"test/core/artifact-graph/state.test.ts","6","module-import","../../../src/core/artifact-graph/graph.js","src/core/artifact-graph/graph.ts","resolved","tracked-file","resolved to pinned tracked file"
"test/core/artifact-graph/state.test.ts","7","module-import","../../../src/core/artifact-graph/types.js","src/core/artifact-graph/types.ts","resolved","tracked-file","resolved to pinned tracked file"
"test/core/artifact-graph/workflow.integration.test.ts","1","module-import","vitest","vitest","classified","external-package","package or runtime module terminal"
"test/core/artifact-graph/workflow.integration.test.ts","2","module-import","node:fs","node:fs","classified","runtime-builtin","package or runtime module terminal"
"test/core/artifact-graph/workflow.integration.test.ts","3","module-import","node:path","node:path","classified","runtime-builtin","package or runtime module terminal"
"test/core/artifact-graph/workflow.integration.test.ts","4","module-import","node:os","node:os","classified","runtime-builtin","package or runtime module terminal"
"test/core/artifact-graph/workflow.integration.test.ts","5","module-import","../../../src/core/artifact-graph/resolver.js","src/core/artifact-graph/resolver.ts","resolved","tracked-file","resolved to pinned tracked file"
"test/core/artifact-graph/workflow.integration.test.ts","6","module-import","../../../src/core/artifact-graph/graph.js","src/core/artifact-graph/graph.ts","resolved","tracked-file","resolved to pinned tracked file"
"test/core/artifact-graph/workflow.integration.test.ts","7","module-import","../../../src/core/artifact-graph/state.js","src/core/artifact-graph/state.ts","resolved","tracked-file","resolved to pinned tracked file"
"test/core/artifact-graph/workflow.integration.test.ts","8","module-import","../../../src/core/artifact-graph/types.js","src/core/artifact-graph/types.ts","resolved","tracked-file","resolved to pinned tracked file"
"test/core/available-tools.test.ts","1","module-import","vitest","vitest","classified","external-package","package or runtime module terminal"
"test/core/available-tools.test.ts","2","module-import","fs","fs","classified","external-package","package or runtime module terminal"
"test/core/available-tools.test.ts","3","module-import","path","path","classified","external-package","package or runtime module terminal"
"test/core/available-tools.test.ts","4","module-import","os","os","classified","external-package","package or runtime module terminal"
"test/core/available-tools.test.ts","5","module-import","../../src/core/available-tools.js","src/core/available-tools.ts","resolved","tracked-file","resolved to pinned tracked file"
"test/core/command-generation/adapters.test.ts","1","module-import","vitest","vitest","classified","external-package","package or runtime module terminal"
"test/core/command-generation/adapters.test.ts","2","module-import","path","path","classified","external-package","package or runtime module terminal"
"test/core/command-generation/adapters.test.ts","3","module-import","../../../src/core/command-generation/adapters/amazon-q.js","src/core/command-generation/adapters/amazon-q.ts","resolved","tracked-file","resolved to pinned tracked file"
"test/core/command-generation/adapters.test.ts","4","module-import","../../../src/core/command-generation/adapters/antigravity.js","src/core/command-generation/adapters/antigravity.ts","resolved","tracked-file","resolved to pinned tracked file"
"test/core/command-generation/adapters.test.ts","5","module-import","../../../src/core/command-generation/adapters/auggie.js","src/core/command-generation/adapters/auggie.ts","resolved","tracked-file","resolved to pinned tracked file"
"test/core/command-generation/adapters.test.ts","6","module-import","../../../src/core/command-generation/adapters/bob.js","src/core/command-generation/adapters/bob.ts","resolved","tracked-file","resolved to pinned tracked file"
"test/core/command-generation/adapters.test.ts","7","module-import","../../../src/core/command-generation/adapters/claude.js","src/core/command-generation/adapters/claude.ts","resolved","tracked-file","resolved to pinned tracked file"
"test/core/command-generation/adapters.test.ts","8","module-import","../../../src/core/command-generation/adapters/cline.js","src/core/command-generation/adapters/cline.ts","resolved","tracked-file","resolved to pinned tracked file"
"test/core/command-generation/adapters.test.ts","9","module-import","../../../src/core/command-generation/adapters/codebuddy.js","src/core/command-generation/adapters/codebuddy.ts","resolved","tracked-file","resolved to pinned tracked file"
"test/core/command-generation/adapters.test.ts","10","module-import","../../../src/core/command-generation/adapters/continue.js","src/core/command-generation/adapters/continue.ts","resolved","tracked-file","resolved to pinned tracked file"
"test/core/command-generation/adapters.test.ts","11","module-import","../../../src/core/command-generation/adapters/costrict.js","src/core/command-generation/adapters/costrict.ts","resolved","tracked-file","resolved to pinned tracked file"
"test/core/command-generation/adapters.test.ts","12","module-import","../../../src/core/command-generation/adapters/crush.js","src/core/command-generation/adapters/crush.ts","resolved","tracked-file","resolved to pinned tracked file"
"test/core/command-generation/adapters.test.ts","13","module-import","../../../src/core/command-generation/adapters/cursor.js","src/core/command-generation/adapters/cursor.ts","resolved","tracked-file","resolved to pinned tracked file"
"test/core/command-generation/adapters.test.ts","14","module-import","../../../src/core/command-generation/adapters/devin.js","src/core/command-generation/adapters/devin.ts","resolved","tracked-file","resolved to pinned tracked file"
"test/core/command-generation/adapters.test.ts","15","module-import","../../../src/core/command-generation/adapters/factory.js","src/core/command-generation/adapters/factory.ts","resolved","tracked-file","resolved to pinned tracked file"
"test/core/command-generation/adapters.test.ts","16","module-import","../../../src/core/command-generation/adapters/gemini.js","src/core/command-generation/adapters/gemini.ts","resolved","tracked-file","resolved to pinned tracked file"
"test/core/command-generation/adapters.test.ts","17","module-import","../../../src/core/command-generation/adapters/github-copilot.js","src/core/command-generation/adapters/github-copilot.ts","resolved","tracked-file","resolved to pinned tracked file"
"test/core/command-generation/adapters.test.ts","18","module-import","../../../src/core/command-generation/adapters/iflow.js","src/core/command-generation/adapters/iflow.ts","resolved","tracked-file","resolved to pinned tracked file"
"test/core/command-generation/adapters.test.ts","19","module-import","../../../src/core/command-generation/adapters/junie.js","src/core/command-generation/adapters/junie.ts","resolved","tracked-file","resolved to pinned tracked file"
"test/core/command-generation/adapters.test.ts","20","module-import","../../../src/core/command-generation/adapters/kilocode.js","src/core/command-generation/adapters/kilocode.ts","resolved","tracked-file","resolved to pinned tracked file"
"test/core/command-generation/adapters.test.ts","21","module-import","../../../src/core/command-generation/adapters/kiro.js","src/core/command-generation/adapters/kiro.ts","resolved","tracked-file","resolved to pinned tracked file"
"test/core/command-generation/adapters.test.ts","22","module-import","../../../src/core/command-generation/adapters/lingma.js","src/core/command-generation/adapters/lingma.ts","resolved","tracked-file","resolved to pinned tracked file"
"test/core/command-generation/adapters.test.ts","23","module-import","../../../src/core/command-generation/adapters/oh-my-pi.js","src/core/command-generation/adapters/oh-my-pi.ts","resolved","tracked-file","resolved to pinned tracked file"
"test/core/command-generation/adapters.test.ts","24","module-import","../../../src/core/command-generation/adapters/opencode.js","src/core/command-generation/adapters/opencode.ts","resolved","tracked-file","resolved to pinned tracked file"
"test/core/command-generation/adapters.test.ts","25","module-import","../../../src/core/command-generation/adapters/pi.js","src/core/command-generation/adapters/pi.ts","resolved","tracked-file","resolved to pinned tracked file"
"test/core/command-generation/adapters.test.ts","26","module-import","../../../src/core/command-generation/adapters/qoder.js","src/core/command-generation/adapters/qoder.ts","resolved","tracked-file","resolved to pinned tracked file"
"test/core/command-generation/adapters.test.ts","27","module-import","../../../src/core/command-generation/adapters/qwen.js","src/core/command-generation/adapters/qwen.ts","resolved","tracked-file","resolved to pinned tracked file"
"test/core/command-generation/adapters.test.ts","28","module-import","../../../src/core/command-generation/adapters/roocode.js","src/core/command-generation/adapters/roocode.ts","resolved","tracked-file","resolved to pinned tracked file"
"test/core/command-generation/adapters.test.ts","29","module-import","../../../src/core/command-generation/adapters/trae.js","src/core/command-generation/adapters/trae.ts","resolved","tracked-file","resolved to pinned tracked file"
"test/core/command-generation/adapters.test.ts","30","module-import","../../../src/core/command-generation/adapters/zcode.js","src/core/command-generation/adapters/zcode.ts","resolved","tracked-file","resolved to pinned tracked file"
"test/core/command-generation/adapters.test.ts","35","module-import","../../../src/core/command-generation/registry.js","src/core/command-generation/registry.ts","resolved","tracked-file","resolved to pinned tracked file"
"test/core/command-generation/adapters.test.ts","36","module-import","../../../src/core/command-generation/generator.js","src/core/command-generation/generator.ts","resolved","tracked-file","resolved to pinned tracked file"
"test/core/command-generation/adapters.test.ts","37","module-import","yaml","yaml","classified","external-package","package or runtime module terminal"
"test/core/command-generation/adapters.test.ts","38","module-import","smol-toml","smol-toml","classified","external-package","package or runtime module terminal"
"test/core/command-generation/generator.test.ts","1","module-import","vitest","vitest","classified","external-package","package or runtime module terminal"
"test/core/command-generation/generator.test.ts","2","module-import","../../../src/core/command-generation/generator.js","src/core/command-generation/generator.ts","resolved","tracked-file","resolved to pinned tracked file"
"test/core/command-generation/generator.test.ts","3","module-import","../../../src/core/command-generation/adapters/claude.js","src/core/command-generation/adapters/claude.ts","resolved","tracked-file","resolved to pinned tracked file"
"test/core/command-generation/generator.test.ts","4","module-import","../../../src/core/command-generation/adapters/cursor.js","src/core/command-generation/adapters/cursor.ts","resolved","tracked-file","resolved to pinned tracked file"
"test/core/command-generation/generator.test.ts","5","module-import","../../../src/core/command-generation/types.js","src/core/command-generation/types.ts","resolved","tracked-file","resolved to pinned tracked file"
"test/core/command-generation/invocation.test.ts","1","module-import","vitest","vitest","classified","external-package","package or runtime module terminal"
"test/core/command-generation/invocation.test.ts","2","module-import","path","path","classified","external-package","package or runtime module terminal"
"test/core/command-generation/invocation.test.ts","9","module-import","../../../src/core/command-generation/registry.js","src/core/command-generation/registry.ts","resolved","tracked-file","resolved to pinned tracked file"
"test/core/command-generation/invocation.test.ts","10","module-import","../../../src/core/command-surface.js","src/core/command-surface.ts","resolved","tracked-file","resolved to pinned tracked file"
"test/core/command-generation/invocation.test.ts","11","module-import","../../../src/core/command-generation/generator.js","src/core/command-generation/generator.ts","resolved","tracked-file","resolved to pinned tracked file"
"test/core/command-generation/invocation.test.ts","12","module-import","../../../src/core/command-generation/types.js","src/core/command-generation/types.ts","resolved","tracked-file","resolved to pinned tracked file"
"test/core/command-generation/invocation.test.ts","13","module-import","../../../src/core/profiles.js","src/core/profiles.ts","resolved","tracked-file","resolved to pinned tracked file"
"test/core/command-generation/registry.test.ts","1","module-import","vitest","vitest","classified","external-package","package or runtime module terminal"
"test/core/command-generation/registry.test.ts","2","module-import","../../../src/core/command-generation/registry.js","src/core/command-generation/registry.ts","resolved","tracked-file","resolved to pinned tracked file"
"test/core/command-generation/registry.test.ts","3","module-import","../../../src/core/command-surface.js","src/core/command-surface.ts","resolved","tracked-file","resolved to pinned tracked file"
"test/core/command-generation/types.test.ts","1","module-import","vitest","vitest","classified","external-package","package or runtime module terminal"
"test/core/command-generation/types.test.ts","2","module-import","../../../src/core/command-generation/types.js","src/core/command-generation/types.ts","resolved","tracked-file","resolved to pinned tracked file"
"test/core/command-generation/yaml.test.ts","1","module-import","vitest","vitest","classified","external-package","package or runtime module terminal"
"test/core/command-generation/yaml.test.ts","2","module-import","yaml","yaml","classified","external-package","package or runtime module terminal"
"test/core/command-generation/yaml.test.ts","3","module-import","../../../src/core/command-generation/yaml.js","src/core/command-generation/yaml.ts","resolved","tracked-file","resolved to pinned tracked file"
"test/core/commands/change-command.list.test.ts","1","module-import","vitest","vitest","classified","external-package","package or runtime module terminal"
"test/core/commands/change-command.list.test.ts","2","module-import","../../../src/commands/change.js","src/commands/change.ts","resolved","tracked-file","resolved to pinned tracked file"
"test/core/commands/change-command.list.test.ts","3","module-import","path","path","classified","external-package","package or runtime module terminal"
"test/core/commands/change-command.list.test.ts","4","module-import","fs","fs","classified","external-package","package or runtime module terminal"
"test/core/commands/change-command.list.test.ts","5","module-import","os","os","classified","external-package","package or runtime module terminal"
"test/core/commands/change-command.show-validate.test.ts","1","module-import","vitest","vitest","classified","external-package","package or runtime module terminal"
"test/core/commands/change-command.show-validate.test.ts","2","module-import","../../../src/commands/change.js","src/commands/change.ts","resolved","tracked-file","resolved to pinned tracked file"
"test/core/commands/change-command.show-validate.test.ts","3","module-import","path","path","classified","external-package","package or runtime module terminal"
"test/core/commands/change-command.show-validate.test.ts","4","module-import","fs","fs","classified","external-package","package or runtime module terminal"
"test/core/commands/change-command.show-validate.test.ts","5","module-import","os","os","classified","external-package","package or runtime module terminal"
"test/core/completions/command-registry.test.ts","1","module-import","vitest","vitest","classified","external-package","package or runtime module terminal"
"test/core/completions/command-registry.test.ts","2","module-import","commander","commander","classified","external-package","package or runtime module terminal"
"test/core/completions/command-registry.test.ts","4","module-import","../../../src/core/completions/command-registry.js","src/core/completions/command-registry.ts","resolved","tracked-file","resolved to pinned tracked file"
"test/core/completions/command-registry.test.ts","5","module-import","../../../src/core/completions/shared-flags.js","src/core/completions/shared-flags.ts","resolved","tracked-file","resolved to pinned tracked file"
"test/core/completions/command-registry.test.ts","6","module-import","../../../src/core/templates/workflows/store-selection.js","src/core/templates/workflows/store-selection.ts","resolved","tracked-file","resolved to pinned tracked file"
"test/core/completions/command-registry.test.ts","7","module-import","../../../src/cli/index.js","src/cli/index.ts","resolved","tracked-file","resolved to pinned tracked file"
"test/core/completions/completion-provider.test.ts","1","module-import","vitest","vitest","classified","external-package","package or runtime module terminal"
"test/core/completions/completion-provider.test.ts","2","module-import","fs","fs","classified","external-package","package or runtime module terminal"
"test/core/completions/completion-provider.test.ts","3","module-import","path","path","classified","external-package","package or runtime module terminal"
"test/core/completions/completion-provider.test.ts","4","module-import","os","os","classified","external-package","package or runtime module terminal"
"test/core/completions/completion-provider.test.ts","5","module-import","../../../src/core/completions/completion-provider.js","src/core/completions/completion-provider.ts","resolved","tracked-file","resolved to pinned tracked file"
"test/core/completions/generators/bash-generator.test.ts","1","module-import","vitest","vitest","classified","external-package","package or runtime module terminal"
"test/core/completions/generators/bash-generator.test.ts","2","module-import","../../../../src/core/completions/generators/bash-generator.js","src/core/completions/generators/bash-generator.ts","resolved","tracked-file","resolved to pinned tracked file"
"test/core/completions/generators/bash-generator.test.ts","3","module-import","../../../../src/core/completions/types.js","src/core/completions/types.ts","resolved","tracked-file","resolved to pinned tracked file"
"test/core/completions/generators/fish-generator.test.ts","1","module-import","vitest","vitest","classified","external-package","package or runtime module terminal"
"test/core/completions/generators/fish-generator.test.ts","2","module-import","../../../../src/core/completions/generators/fish-generator.js","src/core/completions/generators/fish-generator.ts","resolved","tracked-file","resolved to pinned tracked file"
"test/core/completions/generators/fish-generator.test.ts","3","module-import","../../../../src/core/completions/types.js","src/core/completions/types.ts","resolved","tracked-file","resolved to pinned tracked file"
"test/core/completions/generators/powershell-generator.test.ts","1","module-import","vitest","vitest","classified","external-package","package or runtime module terminal"
"test/core/completions/generators/powershell-generator.test.ts","2","module-import","../../../../src/core/completions/generators/powershell-generator.js","src/core/completions/generators/powershell-generator.ts","resolved","tracked-file","resolved to pinned tracked file"
"test/core/completions/generators/powershell-generator.test.ts","3","module-import","../../../../src/core/completions/command-registry.js","src/core/completions/command-registry.ts","resolved","tracked-file","resolved to pinned tracked file"
"test/core/completions/generators/powershell-generator.test.ts","4","module-import","../../../../src/core/completions/types.js","src/core/completions/types.ts","resolved","tracked-file","resolved to pinned tracked file"
"test/core/completions/generators/zsh-generator.test.ts","1","module-import","vitest","vitest","classified","external-package","package or runtime module terminal"
"test/core/completions/generators/zsh-generator.test.ts","2","module-import","../../../../src/core/completions/generators/zsh-generator.js","src/core/completions/generators/zsh-generator.ts","resolved","tracked-file","resolved to pinned tracked file"
"test/core/completions/generators/zsh-generator.test.ts","3","module-import","../../../../src/core/completions/types.js","src/core/completions/types.ts","resolved","tracked-file","resolved to pinned tracked file"
"test/core/completions/installers/bash-installer.test.ts","1","module-import","vitest","vitest","classified","external-package","package or runtime module terminal"
"test/core/completions/installers/bash-installer.test.ts","2","module-import","fs","fs","classified","external-package","package or runtime module terminal"
"test/core/completions/installers/bash-installer.test.ts","3","module-import","path","path","classified","external-package","package or runtime module terminal"
"test/core/completions/installers/bash-installer.test.ts","4","module-import","os","os","classified","external-package","package or runtime module terminal"
"test/core/completions/installers/bash-installer.test.ts","5","module-import","../../../../src/core/completions/installers/bash-installer.js","src/core/completions/installers/bash-installer.ts","resolved","tracked-file","resolved to pinned tracked file"
"test/core/completions/installers/fish-installer.test.ts","1","module-import","vitest","vitest","classified","external-package","package or runtime module terminal"
"test/core/completions/installers/fish-installer.test.ts","2","module-import","../../../../src/core/completions/installers/fish-installer.js","src/core/completions/installers/fish-installer.ts","resolved","tracked-file","resolved to pinned tracked file"
"test/core/completions/installers/fish-installer.test.ts","3","module-import","fs","fs","classified","external-package","package or runtime module terminal"
"test/core/completions/installers/fish-installer.test.ts","4","module-import","path","path","classified","external-package","package or runtime module terminal"
"test/core/completions/installers/fish-installer.test.ts","5","module-import","os","os","classified","external-package","package or runtime module terminal"
"test/core/completions/installers/powershell-installer.test.ts","1","module-import","vitest","vitest","classified","external-package","package or runtime module terminal"
"test/core/completions/installers/powershell-installer.test.ts","2","module-import","../../../../src/core/completions/installers/powershell-installer.js","src/core/completions/installers/powershell-installer.ts","resolved","tracked-file","resolved to pinned tracked file"
"test/core/completions/installers/powershell-installer.test.ts","3","module-import","fs","fs","classified","external-package","package or runtime module terminal"
"test/core/completions/installers/powershell-installer.test.ts","4","module-import","path","path","classified","external-package","package or runtime module terminal"
"test/core/completions/installers/powershell-installer.test.ts","5","module-import","os","os","classified","external-package","package or runtime module terminal"
"test/core/completions/installers/zsh-installer.test.ts","1","module-import","vitest","vitest","classified","external-package","package or runtime module terminal"
"test/core/completions/installers/zsh-installer.test.ts","2","module-import","fs","fs","classified","external-package","package or runtime module terminal"
"test/core/completions/installers/zsh-installer.test.ts","3","module-import","path","path","classified","external-package","package or runtime module terminal"
"test/core/completions/installers/zsh-installer.test.ts","4","module-import","os","os","classified","external-package","package or runtime module terminal"
"test/core/completions/installers/zsh-installer.test.ts","5","module-import","../../../../src/core/completions/installers/zsh-installer.js","src/core/completions/installers/zsh-installer.ts","resolved","tracked-file","resolved to pinned tracked file"
"test/core/config-schema.test.ts","1","module-import","vitest","vitest","classified","external-package","package or runtime module terminal"
"test/core/converters/json-converter.test.ts","1","module-import","vitest","vitest","classified","external-package","package or runtime module terminal"
"test/core/converters/json-converter.test.ts","2","module-import","fs","fs","classified","external-package","package or runtime module terminal"
"test/core/converters/json-converter.test.ts","3","module-import","path","path","classified","external-package","package or runtime module terminal"
"test/core/converters/json-converter.test.ts","4","module-import","../../../src/core/converters/json-converter.js","src/core/converters/json-converter.ts","resolved","tracked-file","resolved to pinned tracked file"
"test/core/file-state.test.ts","1","module-import","vitest","vitest","classified","external-package","package or runtime module terminal"
"test/core/file-state.test.ts","2","module-import","node:fs","node:fs","classified","runtime-builtin","package or runtime module terminal"
"test/core/file-state.test.ts","3","module-import","node:os","node:os","classified","runtime-builtin","package or runtime module terminal"
"test/core/file-state.test.ts","4","module-import","node:path","node:path","classified","runtime-builtin","package or runtime module terminal"
"test/core/file-state.test.ts","11","module-import","../../src/core/store/index.js","src/core/store/index.ts","resolved","tracked-file","resolved to pinned tracked file"
"test/core/global-config.test.ts","1","module-import","vitest","vitest","classified","external-package","package or runtime module terminal"
"test/core/global-config.test.ts","2","module-import","node:fs","node:fs","classified","runtime-builtin","package or runtime module terminal"
"test/core/global-config.test.ts","3","module-import","node:path","node:path","classified","runtime-builtin","package or runtime module terminal"
"test/core/global-config.test.ts","4","module-import","node:os","node:os","classified","runtime-builtin","package or runtime module terminal"
"test/core/global-config.test.ts","15","module-import","../../src/core/global-config.js","src/core/global-config.ts","resolved","tracked-file","resolved to pinned tracked file"
"test/core/init.test.ts","1","module-import","vitest","vitest","classified","external-package","package or runtime module terminal"
"test/core/init.test.ts","2","module-import","fs","fs","classified","external-package","package or runtime module terminal"
"test/core/init.test.ts","3","module-import","path","path","classified","external-package","package or runtime module terminal"
"test/core/init.test.ts","4","module-import","os","os","classified","external-package","package or runtime module terminal"
"test/core/init.test.ts","5","module-import","../../src/core/init.js","src/core/init.ts","resolved","tracked-file","resolved to pinned tracked file"
"test/core/init.test.ts","6","module-import","../../src/core/global-config.js","src/core/global-config.ts","resolved","tracked-file","resolved to pinned tracked file"
"test/core/legacy-cleanup.test.ts","1","module-import","vitest","vitest","classified","external-package","package or runtime module terminal"
"test/core/legacy-cleanup.test.ts","2","module-import","fs","fs","classified","external-package","package or runtime module terminal"
"test/core/legacy-cleanup.test.ts","3","module-import","path","path","classified","external-package","package or runtime module terminal"
"test/core/legacy-cleanup.test.ts","4","module-import","os","os","classified","external-package","package or runtime module terminal"
"test/core/legacy-cleanup.test.ts","24","module-import","../../src/core/config.js","src/core/config.ts","resolved","tracked-file","resolved to pinned tracked file"
"test/core/legacy-cleanup.test.ts","25","module-import","../../src/core/command-generation/registry.js","src/core/command-generation/registry.ts","resolved","tracked-file","resolved to pinned tracked file"
"test/core/legacy-cleanup.test.ts","26","module-import","../../src/core/command-surface.js","src/core/command-surface.ts","resolved","tracked-file","resolved to pinned tracked file"
"test/core/list.test.ts","1","module-import","vitest","vitest","classified","external-package","package or runtime module terminal"
"test/core/list.test.ts","2","module-import","fs","fs","classified","external-package","package or runtime module terminal"
"test/core/list.test.ts","3","module-import","path","path","classified","external-package","package or runtime module terminal"
"test/core/list.test.ts","4","module-import","os","os","classified","external-package","package or runtime module terminal"
"test/core/list.test.ts","5","module-import","../../src/core/list.js","src/core/list.ts","resolved","tracked-file","resolved to pinned tracked file"
"test/core/migration.test.ts","1","module-import","vitest","vitest","classified","external-package","package or runtime module terminal"
"test/core/migration.test.ts","2","module-import","path","path","classified","external-package","package or runtime module terminal"
"test/core/migration.test.ts","3","module-import","os","os","classified","external-package","package or runtime module terminal"
"test/core/migration.test.ts","4","module-import","node:fs","node:fs","classified","runtime-builtin","package or runtime module terminal"
"test/core/migration.test.ts","5","module-import","node:fs","node:fs","classified","runtime-builtin","package or runtime module terminal"
"test/core/migration.test.ts","6","module-import","../../src/core/config.js","src/core/config.ts","resolved","tracked-file","resolved to pinned tracked file"
"test/core/migration.test.ts","7","module-import","../../src/core/command-generation/index.js","src/core/command-generation/index.ts","resolved","tracked-file","resolved to pinned tracked file"
"test/core/migration.test.ts","8","module-import","../../src/core/global-config.js","src/core/global-config.ts","resolved","tracked-file","resolved to pinned tracked file"
"test/core/migration.test.ts","9","module-import","../../src/core/migration.js","src/core/migration.ts","resolved","tracked-file","resolved to pinned tracked file"
"test/core/onboarding-commands.test.ts","1","module-import","vitest","vitest","classified","external-package","package or runtime module terminal"
"test/core/onboarding-commands.test.ts","6","module-import","../../src/core/profiles.js","src/core/profiles.ts","resolved","tracked-file","resolved to pinned tracked file"
"test/core/openers.test.ts","1","module-import","vitest","vitest","classified","external-package","package or runtime module terminal"
"test/core/openers.test.ts","2","module-import","node:fs","node:fs","classified","runtime-builtin","package or runtime module terminal"
"test/core/openers.test.ts","3","module-import","node:os","node:os","classified","runtime-builtin","package or runtime module terminal"
"test/core/openers.test.ts","4","module-import","node:path","node:path","classified","runtime-builtin","package or runtime module terminal"
"test/core/openspec-root.test.ts","1","module-import","vitest","vitest","classified","external-package","package or runtime module terminal"
"test/core/openspec-root.test.ts","2","module-import","node:fs","node:fs","classified","runtime-builtin","package or runtime module terminal"
"test/core/openspec-root.test.ts","3","module-import","node:os","node:os","classified","runtime-builtin","package or runtime module terminal"
"test/core/openspec-root.test.ts","4","module-import","node:path","node:path","classified","runtime-builtin","package or runtime module terminal"
"test/core/parsers/change-parser.test.ts","1","module-import","vitest","vitest","classified","external-package","package or runtime module terminal"
"test/core/parsers/change-parser.test.ts","2","module-import","path","path","classified","external-package","package or runtime module terminal"
"test/core/parsers/change-parser.test.ts","3","module-import","fs","fs","classified","external-package","package or runtime module terminal"
"test/core/parsers/change-parser.test.ts","4","module-import","os","os","classified","external-package","package or runtime module terminal"
"test/core/parsers/change-parser.test.ts","5","module-import","../../../src/core/parsers/change-parser.js","src/core/parsers/change-parser.ts","resolved","tracked-file","resolved to pinned tracked file"
"test/core/parsers/markdown-parser.test.ts","1","module-import","vitest","vitest","classified","external-package","package or runtime module terminal"
"test/core/parsers/markdown-parser.test.ts","2","module-import","../../../src/core/parsers/markdown-parser.js","src/core/parsers/markdown-parser.ts","resolved","tracked-file","resolved to pinned tracked file"
"test/core/parsers/requirement-blocks.test.ts","1","module-import","vitest","vitest","classified","external-package","package or runtime module terminal"
"test/core/parsers/requirement-blocks.test.ts","2","module-import","../../../src/core/parsers/requirement-blocks.js","src/core/parsers/requirement-blocks.ts","resolved","tracked-file","resolved to pinned tracked file"
"test/core/planning-home.test.ts","1","module-import","node:fs","node:fs","classified","runtime-builtin","package or runtime module terminal"
"test/core/planning-home.test.ts","2","module-import","node:os","node:os","classified","runtime-builtin","package or runtime module terminal"
"test/core/planning-home.test.ts","3","module-import","node:path","node:path","classified","runtime-builtin","package or runtime module terminal"
"test/core/planning-home.test.ts","5","module-import","vitest","vitest","classified","external-package","package or runtime module terminal"
"test/core/profile-sync-drift.test.ts","1","module-import","vitest","vitest","classified","external-package","package or runtime module terminal"
"test/core/profile-sync-drift.test.ts","2","module-import","node:fs","node:fs","classified","runtime-builtin","package or runtime module terminal"
"test/core/profile-sync-drift.test.ts","3","module-import","node:path","node:path","classified","runtime-builtin","package or runtime module terminal"
"test/core/profile-sync-drift.test.ts","4","module-import","node:os","node:os","classified","runtime-builtin","package or runtime module terminal"
"test/core/profile-sync-drift.test.ts","9","module-import","../../src/core/profiles.js","src/core/profiles.ts","resolved","tracked-file","resolved to pinned tracked file"
"test/core/profile-sync-drift.test.ts","10","module-import","../../src/core/command-generation/index.js","src/core/command-generation/index.ts","resolved","tracked-file","resolved to pinned tracked file"
"test/core/profiles.test.ts","1","module-import","vitest","vitest","classified","external-package","package or runtime module terminal"
"test/core/project-config.test.ts","1","module-import","vitest","vitest","classified","external-package","package or runtime module terminal"
"test/core/project-config.test.ts","2","module-import","node:fs","node:fs","classified","runtime-builtin","package or runtime module terminal"
"test/core/project-config.test.ts","3","module-import","node:path","node:path","classified","runtime-builtin","package or runtime module terminal"
"test/core/project-config.test.ts","4","module-import","node:os","node:os","classified","runtime-builtin","package or runtime module terminal"
"test/core/references.test.ts","1","module-import","vitest","vitest","classified","external-package","package or runtime module terminal"
"test/core/references.test.ts","2","module-import","node:fs","node:fs","classified","runtime-builtin","package or runtime module terminal"
"test/core/references.test.ts","3","module-import","node:os","node:os","classified","runtime-builtin","package or runtime module terminal"
"test/core/references.test.ts","4","module-import","node:path","node:path","classified","runtime-builtin","package or runtime module terminal"
"test/core/references.test.ts","17","module-import","../../src/core/root-selection.js","src/core/root-selection.ts","resolved","tracked-file","resolved to pinned tracked file"
"test/core/references.test.ts","18","module-import","../helpers/openspec-fixtures.js","test/helpers/openspec-fixtures.ts","resolved","tracked-file","resolved to pinned tracked file"
"test/core/relationship-health.test.ts","1","module-import","vitest","vitest","classified","external-package","package or runtime module terminal"
"test/core/relationship-health.test.ts","3","module-import","../../src/core/relationship-health.js","src/core/relationship-health.ts","resolved","tracked-file","resolved to pinned tracked file"
"test/core/relationship-health.test.ts","4","module-import","../../src/core/root-selection.js","src/core/root-selection.ts","resolved","tracked-file","resolved to pinned tracked file"
"test/core/root-selection.test.ts","1","module-import","node:fs","node:fs","classified","runtime-builtin","package or runtime module terminal"
"test/core/root-selection.test.ts","2","module-import","node:os","node:os","classified","runtime-builtin","package or runtime module terminal"
"test/core/root-selection.test.ts","3","module-import","node:path","node:path","classified","runtime-builtin","package or runtime module terminal"
"test/core/root-selection.test.ts","5","module-import","vitest","vitest","classified","external-package","package or runtime module terminal"
"test/core/root-selection.test.ts","15","module-import","../../src/core/global-config.js","src/core/global-config.ts","resolved","tracked-file","resolved to pinned tracked file"
"test/core/root-selection.test.ts","88","module-import","../../src/core/store/foundation.js","src/core/store/foundation.ts","resolved","tracked-file","resolved to pinned tracked file"
"test/core/shared/skill-generation.test.ts","1","module-import","vitest","vitest","classified","external-package","package or runtime module terminal"
"test/core/shared/tool-detection.test.ts","1","module-import","vitest","vitest","classified","external-package","package or runtime module terminal"
"test/core/shared/tool-detection.test.ts","2","module-import","fs","fs","classified","external-package","package or runtime module terminal"
"test/core/shared/tool-detection.test.ts","3","module-import","path","path","classified","external-package","package or runtime module terminal"
"test/core/shared/tool-detection.test.ts","4","module-import","os","os","classified","external-package","package or runtime module terminal"
"test/core/shared/tool-detection.test.ts","267","module-import","../../../src/core/init.js","src/core/init.ts","resolved","tracked-file","resolved to pinned tracked file"
"test/core/shared/tool-detection.test.ts","268","module-import","../../../src/core/global-config.js","src/core/global-config.ts","resolved","tracked-file","resolved to pinned tracked file"
"test/core/shared/tool-detection.test.ts","274","module-import","../../../package.json","package.json","resolved","tracked-file","resolved to pinned tracked file"
"test/core/shared/tool-detection.test.ts","292","module-import","../../../src/core/init.js","src/core/init.ts","resolved","tracked-file","resolved to pinned tracked file"
"test/core/shared/tool-detection.test.ts","293","module-import","../../../src/core/global-config.js","src/core/global-config.ts","resolved","tracked-file","resolved to pinned tracked file"
"test/core/shared/tool-detection.test.ts","299","module-import","../../../package.json","package.json","resolved","tracked-file","resolved to pinned tracked file"
"test/core/shared/tool-detection.test.ts","319","module-import","../../../src/core/init.js","src/core/init.ts","resolved","tracked-file","resolved to pinned tracked file"
"test/core/shared/tool-detection.test.ts","320","module-import","../../../src/core/global-config.js","src/core/global-config.ts","resolved","tracked-file","resolved to pinned tracked file"
"test/core/shared/tool-detection.test.ts","332","module-import","../../../package.json","package.json","resolved","tracked-file","resolved to pinned tracked file"
"test/core/shared/tool-detection.test.ts","350","module-import","../../../src/core/init.js","src/core/init.ts","resolved","tracked-file","resolved to pinned tracked file"
"test/core/shared/tool-detection.test.ts","351","module-import","../../../src/core/global-config.js","src/core/global-config.ts","resolved","tracked-file","resolved to pinned tracked file"
"test/core/shared/tool-detection.test.ts","366","module-import","../../../package.json","package.json","resolved","tracked-file","resolved to pinned tracked file"
"test/core/shared/tool-detection.test.ts","376","module-import","../../../src/core/init.js","src/core/init.ts","resolved","tracked-file","resolved to pinned tracked file"
"test/core/shared/tool-detection.test.ts","377","module-import","../../../src/core/global-config.js","src/core/global-config.ts","resolved","tracked-file","resolved to pinned tracked file"
"test/core/shared/tool-detection.test.ts","387","module-import","../../../package.json","package.json","resolved","tracked-file","resolved to pinned tracked file"
"test/core/shared/tool-detection.test.ts","398","module-import","../../../src/core/init.js","src/core/init.ts","resolved","tracked-file","resolved to pinned tracked file"
"test/core/shared/tool-detection.test.ts","399","module-import","../../../src/core/global-config.js","src/core/global-config.ts","resolved","tracked-file","resolved to pinned tracked file"
"test/core/shared/tool-detection.test.ts","410","module-import","../../../package.json","package.json","resolved","tracked-file","resolved to pinned tracked file"
"test/core/shared/tool-detection.test.ts","421","module-import","../../../src/core/init.js","src/core/init.ts","resolved","tracked-file","resolved to pinned tracked file"
"test/core/shared/tool-detection.test.ts","422","module-import","../../../src/core/global-config.js","src/core/global-config.ts","resolved","tracked-file","resolved to pinned tracked file"
"test/core/shared/tool-detection.test.ts","432","module-import","../../../package.json","package.json","resolved","tracked-file","resolved to pinned tracked file"
"test/core/specs-apply.salvage.test.ts","1","module-import","vitest","vitest","classified","external-package","package or runtime module terminal"
"test/core/specs-apply.salvage.test.ts","2","module-import","fs","fs","classified","external-package","package or runtime module terminal"
"test/core/specs-apply.salvage.test.ts","3","module-import","path","path","classified","external-package","package or runtime module terminal"
"test/core/specs-apply.salvage.test.ts","4","module-import","os","os","classified","external-package","package or runtime module terminal"
"test/core/specs-apply.salvage.test.ts","5","module-import","../../src/core/specs-apply.js","src/core/specs-apply.ts","resolved","tracked-file","resolved to pinned tracked file"
"test/core/store/foundation.test.ts","1","module-import","vitest","vitest","classified","external-package","package or runtime module terminal"
"test/core/store/foundation.test.ts","2","module-import","node:fs","node:fs","classified","runtime-builtin","package or runtime module terminal"
"test/core/store/foundation.test.ts","3","module-import","node:os","node:os","classified","runtime-builtin","package or runtime module terminal"
"test/core/store/foundation.test.ts","4","module-import","node:path","node:path","classified","runtime-builtin","package or runtime module terminal"
"test/core/store/foundation.test.ts","6","module-import","../../../src/core/global-config.js","src/core/global-config.ts","resolved","tracked-file","resolved to pinned tracked file"
"test/core/store/registry.test.ts","1","module-import","vitest","vitest","classified","external-package","package or runtime module terminal"
"test/core/store/registry.test.ts","2","module-import","node:fs","node:fs","classified","runtime-builtin","package or runtime module terminal"
"test/core/store/registry.test.ts","3","module-import","node:os","node:os","classified","runtime-builtin","package or runtime module terminal"
"test/core/store/registry.test.ts","4","module-import","node:path","node:path","classified","runtime-builtin","package or runtime module terminal"
"test/core/templates/explore.test.ts","1","module-import","vitest","vitest","classified","external-package","package or runtime module terminal"
"test/core/templates/parity-hash-shared.test.ts","1","module-import","vitest","vitest","classified","external-package","package or runtime module terminal"
"test/core/templates/parity-hash-shared.test.ts","4","module-import","../../../scripts/parity-hash-shared.mjs","scripts/parity-hash-shared.mjs","resolved","tracked-file","resolved to pinned tracked file"
"test/core/templates/propose.test.ts","1","module-import","path","path","classified","external-package","package or runtime module terminal"
"test/core/templates/propose.test.ts","2","module-import","url","url","classified","external-package","package or runtime module terminal"
"test/core/templates/propose.test.ts","3","module-import","vitest","vitest","classified","external-package","package or runtime module terminal"
"test/core/templates/propose.test.ts","11","module-import","../../../src/core/artifact-graph/schema.js","src/core/artifact-graph/schema.ts","resolved","tracked-file","resolved to pinned tracked file"
"test/core/templates/skill-templates-parity.test.ts","1","module-import","node:crypto","node:crypto","classified","runtime-builtin","package or runtime module terminal"
"test/core/templates/skill-templates-parity.test.ts","2","module-import","vitest","vitest","classified","external-package","package or runtime module terminal"
"test/core/templates/skill-templates-parity.test.ts","37","module-import","../../../src/core/templates/workflows/store-selection.js","src/core/templates/workflows/store-selection.ts","resolved","tracked-file","resolved to pinned tracked file"
"test/core/templates/skillssh-generator-guards.test.ts","11","module-import","node:os","node:os","classified","runtime-builtin","package or runtime module terminal"
"test/core/templates/skillssh-generator-guards.test.ts","12","module-import","node:path","node:path","classified","runtime-builtin","package or runtime module terminal"
"test/core/templates/skillssh-generator-guards.test.ts","14","module-import","vitest","vitest","classified","external-package","package or runtime module terminal"
"test/core/templates/skillssh-generator-guards.test.ts","17","module-import","../../../scripts/skillssh-shared.mjs","scripts/skillssh-shared.mjs","resolved","tracked-file","resolved to pinned tracked file"
"test/core/templates/skillssh-parity.test.ts","1","module-import","node:fs","node:fs","classified","runtime-builtin","package or runtime module terminal"
"test/core/templates/skillssh-parity.test.ts","2","module-import","node:path","node:path","classified","runtime-builtin","package or runtime module terminal"
"test/core/templates/skillssh-parity.test.ts","3","module-import","node:url","node:url","classified","runtime-builtin","package or runtime module terminal"
"test/core/templates/skillssh-parity.test.ts","5","module-import","vitest","vitest","classified","external-package","package or runtime module terminal"
"test/core/templates/skillssh-parity.test.ts","11","module-import","../../../src/utils/command-references.js","src/utils/command-references.ts","resolved","tracked-file","resolved to pinned tracked file"
"test/core/templates/skillssh-parity.test.ts","13","module-import","../../../scripts/skillssh-shared.mjs","scripts/skillssh-shared.mjs","resolved","tracked-file","resolved to pinned tracked file"
"test/core/templates/update-change.test.ts","1","module-import","vitest","vitest","classified","external-package","package or runtime module terminal"
"test/core/templates/update-change.test.ts","7","module-import","../../../src/core/templates/workflows/store-selection.js","src/core/templates/workflows/store-selection.ts","resolved","tracked-file","resolved to pinned tracked file"
"test/core/update.test.ts","1","module-import","vitest","vitest","classified","external-package","package or runtime module terminal"
"test/core/update.test.ts","2","module-import","../../src/core/update.js","src/core/update.ts","resolved","tracked-file","resolved to pinned tracked file"
"test/core/update.test.ts","3","module-import","../../src/core/init.js","src/core/init.ts","resolved","tracked-file","resolved to pinned tracked file"
"test/core/update.test.ts","4","module-import","../../src/utils/file-system.js","src/utils/file-system.ts","resolved","tracked-file","resolved to pinned tracked file"
"test/core/update.test.ts","5","module-import","../../src/core/config.js","src/core/config.ts","resolved","tracked-file","resolved to pinned tracked file"
"test/core/update.test.ts","6","module-import","../../src/core/global-config.js","src/core/global-config.ts","resolved","tracked-file","resolved to pinned tracked file"
"test/core/update.test.ts","7","module-import","path","path","classified","external-package","package or runtime module terminal"
"test/core/update.test.ts","8","module-import","fs/promises","fs/promises","classified","external-package","package or runtime module terminal"
"test/core/update.test.ts","9","module-import","os","os","classified","external-package","package or runtime module terminal"
"test/core/update.test.ts","22","module-import","../../src/core/global-config.js","src/core/global-config.ts","resolved","tracked-file","resolved to pinned tracked file"
"test/core/update.test.ts","1203","module-import","../../package.json","package.json","resolved","tracked-file","resolved to pinned tracked file"
"test/core/update.test.ts","1263","module-import","../../package.json","package.json","resolved","tracked-file","resolved to pinned tracked file"
"test/core/update.test.ts","1318","module-import","../../package.json","package.json","resolved","tracked-file","resolved to pinned tracked file"
"test/core/update.test.ts","2418","module-import","../../src/core/config.js","src/core/config.ts","resolved","tracked-file","resolved to pinned tracked file"
"test/core/update.test.ts","2419","module-import","../../src/core/command-surface.js","src/core/command-surface.ts","resolved","tracked-file","resolved to pinned tracked file"
"test/core/validation.enriched-messages.test.ts","1","module-import","vitest","vitest","classified","external-package","package or runtime module terminal"
"test/core/validation.enriched-messages.test.ts","2","module-import","fs","fs","classified","external-package","package or runtime module terminal"
"test/core/validation.enriched-messages.test.ts","3","module-import","path","path","classified","external-package","package or runtime module terminal"
"test/core/validation.enriched-messages.test.ts","4","module-import","../../src/core/validation/validator.js","src/core/validation/validator.ts","resolved","tracked-file","resolved to pinned tracked file"
"test/core/validation.scenario-loss.test.ts","1","module-import","vitest","vitest","classified","external-package","package or runtime module terminal"
"test/core/validation.scenario-loss.test.ts","2","module-import","fs","fs","classified","external-package","package or runtime module terminal"
"test/core/validation.scenario-loss.test.ts","3","module-import","os","os","classified","external-package","package or runtime module terminal"
"test/core/validation.scenario-loss.test.ts","4","module-import","path","path","classified","external-package","package or runtime module terminal"
"test/core/validation.scenario-loss.test.ts","5","module-import","../../src/core/validation/validator.js","src/core/validation/validator.ts","resolved","tracked-file","resolved to pinned tracked file"
"test/core/validation.scenario-loss.test.ts","6","module-import","../../src/core/specs-apply.js","src/core/specs-apply.ts","resolved","tracked-file","resolved to pinned tracked file"
"test/core/validation.skip-specs.test.ts","1","module-import","vitest","vitest","classified","external-package","package or runtime module terminal"
"test/core/validation.skip-specs.test.ts","2","module-import","fs","fs","classified","external-package","package or runtime module terminal"
"test/core/validation.skip-specs.test.ts","3","module-import","path","path","classified","external-package","package or runtime module terminal"
"test/core/validation.skip-specs.test.ts","4","module-import","../../src/core/validation/validator.js","src/core/validation/validator.ts","resolved","tracked-file","resolved to pinned tracked file"
"test/core/validation.test.ts","1","module-import","vitest","vitest","classified","external-package","package or runtime module terminal"
"test/core/validation.test.ts","2","module-import","fs","fs","classified","external-package","package or runtime module terminal"
"test/core/validation.test.ts","3","module-import","path","path","classified","external-package","package or runtime module terminal"
"test/core/validation.test.ts","4","module-import","../../src/core/validation/validator.js","src/core/validation/validator.ts","resolved","tracked-file","resolved to pinned tracked file"
"test/core/version-check.test.ts","1","module-import","vitest","vitest","classified","external-package","package or runtime module terminal"
"test/core/version-check.test.ts","2","module-import","fs","fs","classified","external-package","package or runtime module terminal"
"test/core/version-check.test.ts","3","module-import","http","http","classified","external-package","package or runtime module terminal"
"test/core/version-check.test.ts","4","module-import","os","os","classified","external-package","package or runtime module terminal"
"test/core/version-check.test.ts","5","module-import","path","path","classified","external-package","package or runtime module terminal"
"test/core/version-check.test.ts","6","module-import","child_process","child_process","classified","external-package","package or runtime module terminal"
"test/core/version-check.test.ts","7","module-import","module","module","classified","external-package","package or runtime module terminal"
"test/core/version-check.test.ts","32","module-import","../../package.json","package.json","resolved","tracked-file","resolved to pinned tracked file"
"test/core/version-check.test.ts","572","module-import","../../src/core/version-check.js?decline","src/core/version-check.ts","resolved","tracked-file","resolved to pinned tracked file"
"test/core/version-check.test.ts","588","module-import","../../src/core/version-check.js?ctrlc","src/core/version-check.ts","resolved","tracked-file","resolved to pinned tracked file"
"test/core/version-check.test.ts","599","module-import","../../src/core/version-check.js?boom","src/core/version-check.ts","resolved","tracked-file","resolved to pinned tracked file"
"test/core/view.test.ts","1","module-import","vitest","vitest","classified","external-package","package or runtime module terminal"
"test/core/view.test.ts","2","module-import","fs","fs","classified","external-package","package or runtime module terminal"
"test/core/view.test.ts","3","module-import","path","path","classified","external-package","package or runtime module terminal"
"test/core/view.test.ts","4","module-import","os","os","classified","external-package","package or runtime module terminal"
"test/core/view.test.ts","5","module-import","../../src/core/view.js","src/core/view.ts","resolved","tracked-file","resolved to pinned tracked file"
"test/core/working-set.test.ts","1","module-import","vitest","vitest","classified","external-package","package or runtime module terminal"
"test/core/working-set.test.ts","8","module-import","../../src/core/root-selection.js","src/core/root-selection.ts","resolved","tracked-file","resolved to pinned tracked file"
"test/core/working-set.test.ts","9","module-import","../../src/core/store/errors.js","src/core/store/errors.ts","resolved","tracked-file","resolved to pinned tracked file"
"test/core/worksets.test.ts","1","module-import","vitest","vitest","classified","external-package","package or runtime module terminal"
"test/core/worksets.test.ts","2","module-import","node:fs","node:fs","classified","runtime-builtin","package or runtime module terminal"
"test/core/worksets.test.ts","3","module-import","node:os","node:os","classified","runtime-builtin","package or runtime module terminal"
"test/core/worksets.test.ts","4","module-import","node:path","node:path","classified","runtime-builtin","package or runtime module terminal"
"test/helpers/fake-tool.ts","1","module-import","node:fs","node:fs","classified","runtime-builtin","package or runtime module terminal"
"test/helpers/fake-tool.ts","2","module-import","node:path","node:path","classified","runtime-builtin","package or runtime module terminal"
"test/helpers/fake-tool.ts","4","module-import","./path-env.js","test/helpers/path-env.ts","resolved","tracked-file","resolved to pinned tracked file"
"test/helpers/fs-snapshot.ts","1","module-import","node:fs","node:fs","classified","runtime-builtin","package or runtime module terminal"
"test/helpers/fs-snapshot.ts","2","module-import","node:path","node:path","classified","runtime-builtin","package or runtime module terminal"
"test/helpers/openspec-fixtures.ts","1","module-import","node:fs","node:fs","classified","runtime-builtin","package or runtime module terminal"
"test/helpers/openspec-fixtures.ts","2","module-import","node:path","node:path","classified","runtime-builtin","package or runtime module terminal"
"test/helpers/path-env.ts","1","module-import","node:path","node:path","classified","runtime-builtin","package or runtime module terminal"
"test/helpers/run-cli.ts","1","module-import","child_process","child_process","classified","external-package","package or runtime module terminal"
"test/helpers/run-cli.ts","2","module-import","fs","fs","classified","external-package","package or runtime module terminal"
"test/helpers/run-cli.ts","3","module-import","os","os","classified","external-package","package or runtime module terminal"
"test/helpers/run-cli.ts","4","module-import","path","path","classified","external-package","package or runtime module terminal"
"test/helpers/run-cli.ts","5","module-import","url","url","classified","external-package","package or runtime module terminal"
"test/helpers/store-git.ts","1","module-import","node:fs","node:fs","classified","runtime-builtin","package or runtime module terminal"
"test/helpers/store-git.ts","2","module-import","node:path","node:path","classified","runtime-builtin","package or runtime module terminal"
"test/helpers/store-git.ts","4","module-import","../../src/core/index.js","src/core/index.ts","resolved","tracked-file","resolved to pinned tracked file"
"test/helpers/temp-cleanup.ts","1","module-import","node:fs","node:fs","classified","runtime-builtin","package or runtime module terminal"
"test/prompts/searchable-multi-select.test.ts","1","module-import","vitest","vitest","classified","external-package","package or runtime module terminal"
"test/prompts/searchable-multi-select.test.ts","104","module-import","../../src/prompts/searchable-multi-select.js","src/prompts/searchable-multi-select.ts","resolved","tracked-file","resolved to pinned tracked file"
"test/prompts/searchable-multi-select.test.ts","115","module-import","@inquirer/core","@inquirer/core","classified","external-package","package or runtime module terminal"
"test/specs/source-specs-normalization.test.ts","1","module-import","fs","fs","classified","external-package","package or runtime module terminal"
"test/specs/source-specs-normalization.test.ts","2","module-import","path","path","classified","external-package","package or runtime module terminal"
"test/specs/source-specs-normalization.test.ts","3","module-import","url","url","classified","external-package","package or runtime module terminal"
"test/specs/source-specs-normalization.test.ts","4","module-import","vitest","vitest","classified","external-package","package or runtime module terminal"
"test/specs/source-specs-normalization.test.ts","5","module-import","../../src/core/parsers/markdown-parser.js","src/core/parsers/markdown-parser.ts","resolved","tracked-file","resolved to pinned tracked file"
"test/telemetry/config.test.ts","1","module-import","vitest","vitest","classified","external-package","package or runtime module terminal"
"test/telemetry/config.test.ts","2","module-import","node:fs","node:fs","classified","runtime-builtin","package or runtime module terminal"
"test/telemetry/config.test.ts","3","module-import","node:path","node:path","classified","runtime-builtin","package or runtime module terminal"
"test/telemetry/config.test.ts","4","module-import","node:os","node:os","classified","runtime-builtin","package or runtime module terminal"
"test/telemetry/index.test.ts","1","module-import","vitest","vitest","classified","external-package","package or runtime module terminal"
"test/telemetry/index.test.ts","2","module-import","node:fs","node:fs","classified","runtime-builtin","package or runtime module terminal"
"test/telemetry/index.test.ts","3","module-import","node:path","node:path","classified","runtime-builtin","package or runtime module terminal"
"test/telemetry/index.test.ts","4","module-import","node:os","node:os","classified","runtime-builtin","package or runtime module terminal"
"test/telemetry/index.test.ts","6","module-import","../../src/telemetry/index.js","src/telemetry/index.ts","resolved","tracked-file","resolved to pinned tracked file"
"test/ui/welcome-screen.test.ts","1","module-import","vitest","vitest","classified","external-package","package or runtime module terminal"
"test/ui/welcome-screen.test.ts","2","module-import","../../src/core/profiles.js","src/core/profiles.ts","resolved","tracked-file","resolved to pinned tracked file"
"test/ui/welcome-screen.test.ts","79","module-import","../../src/ui/welcome-screen.js","src/ui/welcome-screen.ts","resolved","tracked-file","resolved to pinned tracked file"
"test/ui/welcome-screen.test.ts","87","module-import","../../src/ui/welcome-screen.js","src/ui/welcome-screen.ts","resolved","tracked-file","resolved to pinned tracked file"
"test/ui/welcome-screen.test.ts","101","module-import","../../src/ui/welcome-screen.js","src/ui/welcome-screen.ts","resolved","tracked-file","resolved to pinned tracked file"
"test/ui/welcome-screen.test.ts","114","module-import","../../src/ui/welcome-screen.js","src/ui/welcome-screen.ts","resolved","tracked-file","resolved to pinned tracked file"
"test/ui/welcome-screen.test.ts","126","module-import","../../src/ui/welcome-screen.js","src/ui/welcome-screen.ts","resolved","tracked-file","resolved to pinned tracked file"
"test/ui/welcome-screen.test.ts","142","module-import","../../src/ui/welcome-screen.js","src/ui/welcome-screen.ts","resolved","tracked-file","resolved to pinned tracked file"
"test/ui/welcome-screen.test.ts","157","module-import","../../src/ui/welcome-screen.js","src/ui/welcome-screen.ts","resolved","tracked-file","resolved to pinned tracked file"
"test/ui/welcome-screen.test.ts","166","module-import","../../src/ui/welcome-screen.js","src/ui/welcome-screen.ts","resolved","tracked-file","resolved to pinned tracked file"
"test/ui/welcome-screen.test.ts","182","module-import","../../src/ui/welcome-screen.js","src/ui/welcome-screen.ts","resolved","tracked-file","resolved to pinned tracked file"
"test/ui/welcome-screen.test.ts","198","module-import","../../src/ui/welcome-screen.js","src/ui/welcome-screen.ts","resolved","tracked-file","resolved to pinned tracked file"
"test/ui/welcome-screen.test.ts","208","module-import","../../src/ui/welcome-screen.js","src/ui/welcome-screen.ts","resolved","tracked-file","resolved to pinned tracked file"
"test/ui/welcome-screen.test.ts","221","module-import","../../src/ui/welcome-screen.js","src/ui/welcome-screen.ts","resolved","tracked-file","resolved to pinned tracked file"
"test/ui/welcome-screen.test.ts","240","module-import","../../src/ui/welcome-screen.js","src/ui/welcome-screen.ts","resolved","tracked-file","resolved to pinned tracked file"
"test/ui/welcome-screen.test.ts","252","module-import","../../src/ui/welcome-screen.js","src/ui/welcome-screen.ts","resolved","tracked-file","resolved to pinned tracked file"
"test/ui/welcome-screen.test.ts","265","module-import","../../src/ui/welcome-screen.js","src/ui/welcome-screen.ts","resolved","tracked-file","resolved to pinned tracked file"
"test/ui/welcome-screen.test.ts","275","module-import","../../src/ui/welcome-screen.js","src/ui/welcome-screen.ts","resolved","tracked-file","resolved to pinned tracked file"
"test/utils/change-metadata.test.ts","1","module-import","vitest","vitest","classified","external-package","package or runtime module terminal"
"test/utils/change-metadata.test.ts","2","module-import","fs","fs","classified","external-package","package or runtime module terminal"
"test/utils/change-metadata.test.ts","3","module-import","path","path","classified","external-package","package or runtime module terminal"
"test/utils/change-metadata.test.ts","4","module-import","os","os","classified","external-package","package or runtime module terminal"
"test/utils/change-metadata.test.ts","12","module-import","../../src/core/change-metadata/index.js","src/core/change-metadata/index.ts","resolved","tracked-file","resolved to pinned tracked file"
"test/utils/change-utils.test.ts","1","module-import","vitest","vitest","classified","external-package","package or runtime module terminal"
"test/utils/change-utils.test.ts","2","module-import","fs","fs","classified","external-package","package or runtime module terminal"
"test/utils/change-utils.test.ts","3","module-import","path","path","classified","external-package","package or runtime module terminal"
"test/utils/change-utils.test.ts","4","module-import","os","os","classified","external-package","package or runtime module terminal"
"test/utils/change-utils.test.ts","5","module-import","../../src/utils/change-utils.js","src/utils/change-utils.ts","resolved","tracked-file","resolved to pinned tracked file"
"test/utils/command-references.test.ts","1","module-import","vitest","vitest","classified","external-package","package or runtime module terminal"
"test/utils/command-references.test.ts","8","module-import","../../src/core/command-generation/invocation.js","src/core/command-generation/invocation.ts","resolved","tracked-file","resolved to pinned tracked file"
"test/utils/file-system.test.ts","1","module-import","vitest","vitest","classified","external-package","package or runtime module terminal"
"test/utils/file-system.test.ts","2","module-import","fs","fs","classified","external-package","package or runtime module terminal"
"test/utils/file-system.test.ts","3","module-import","fs","fs","classified","external-package","package or runtime module terminal"
"test/utils/file-system.test.ts","4","module-import","path","path","classified","external-package","package or runtime module terminal"
"test/utils/file-system.test.ts","5","module-import","os","os","classified","external-package","package or runtime module terminal"
"test/utils/file-system.test.ts","6","module-import","../../src/utils/file-system.js","src/utils/file-system.ts","resolved","tracked-file","resolved to pinned tracked file"
"test/utils/interactive.test.ts","1","module-import","vitest","vitest","classified","external-package","package or runtime module terminal"
"test/utils/item-discovery.test.ts","1","module-import","vitest","vitest","classified","external-package","package or runtime module terminal"
"test/utils/item-discovery.test.ts","2","module-import","fs","fs","classified","external-package","package or runtime module terminal"
"test/utils/item-discovery.test.ts","3","module-import","os","os","classified","external-package","package or runtime module terminal"
"test/utils/item-discovery.test.ts","4","module-import","path","path","classified","external-package","package or runtime module terminal"
"test/utils/item-discovery.test.ts","5","module-import","../../src/utils/item-discovery.js","src/utils/item-discovery.ts","resolved","tracked-file","resolved to pinned tracked file"
"test/utils/marker-updates.test.ts","1","module-import","vitest","vitest","classified","external-package","package or runtime module terminal"
"test/utils/marker-updates.test.ts","2","module-import","fs","fs","classified","external-package","package or runtime module terminal"
"test/utils/marker-updates.test.ts","3","module-import","path","path","classified","external-package","package or runtime module terminal"
"test/utils/marker-updates.test.ts","4","module-import","os","os","classified","external-package","package or runtime module terminal"
"test/utils/marker-updates.test.ts","5","module-import","../../src/utils/file-system.js","src/utils/file-system.ts","resolved","tracked-file","resolved to pinned tracked file"
"test/utils/shell-detection.test.ts","1","module-import","vitest","vitest","classified","external-package","package or runtime module terminal"
"test/utils/shell-detection.test.ts","2","module-import","node:child_process","node:child_process","classified","runtime-builtin","package or runtime module terminal"
"test/utils/shell-detection.test.ts","3","module-import","../../src/utils/shell-detection.js","src/utils/shell-detection.ts","resolved","tracked-file","resolved to pinned tracked file"
"test/utils/spec-discovery.test.ts","1","module-import","vitest","vitest","classified","external-package","package or runtime module terminal"
"test/utils/spec-discovery.test.ts","2","module-import","path","path","classified","external-package","package or runtime module terminal"
"test/utils/spec-discovery.test.ts","3","module-import","fs","fs","classified","external-package","package or runtime module terminal"
"test/utils/spec-discovery.test.ts","4","module-import","os","os","classified","external-package","package or runtime module terminal"
"test/utils/spec-discovery.test.ts","5","module-import","../../src/utils/spec-discovery.js","src/utils/spec-discovery.ts","resolved","tracked-file","resolved to pinned tracked file"
"test/utils/task-progress.test.ts","1","module-import","vitest","vitest","classified","external-package","package or runtime module terminal"
"test/utils/task-progress.test.ts","2","module-import","fs","fs","classified","external-package","package or runtime module terminal"
"test/utils/task-progress.test.ts","3","module-import","path","path","classified","external-package","package or runtime module terminal"
"test/utils/task-progress.test.ts","4","module-import","os","os","classified","external-package","package or runtime module terminal"
"test/utils/task-progress.test.ts","10","module-import","../../src/core/artifact-graph/index.js","src/core/artifact-graph/index.ts","resolved","tracked-file","resolved to pinned tracked file"
"test/vocabulary-sweep.test.ts","1","module-import","vitest","vitest","classified","external-package","package or runtime module terminal"
"test/vocabulary-sweep.test.ts","2","module-import","node:fs","node:fs","classified","runtime-builtin","package or runtime module terminal"
"test/vocabulary-sweep.test.ts","3","module-import","node:path","node:path","classified","runtime-builtin","package or runtime module terminal"
"test/vocabulary-sweep.test.ts","4","module-import","node:url","node:url","classified","runtime-builtin","package or runtime module terminal"
"vitest.config.ts","1","module-import","vitest/config","vitest/config","classified","external-package","package or runtime module terminal"
"vitest.config.ts","2","module-import","node:os","node:os","classified","runtime-builtin","package or runtime module terminal"
"vitest.setup.ts","1","module-import","./test/helpers/run-cli.js","test/helpers/run-cli.ts","resolved","tracked-file","resolved to pinned tracked file"
"website/app/(home)/layout.tsx","1","module-import","fumadocs-ui/layouts/home","fumadocs-ui/layouts/home","classified","external-package","package or runtime module terminal"
"website/app/(home)/layout.tsx","2","module-import","@/lib/layout.shared","@/lib/layout.shared","classified","external-package","package or runtime module terminal"
"website/app/(home)/page.tsx","1","module-import","next/link","next/link","classified","external-package","package or runtime module terminal"
"website/app/(home)/page.tsx","17","module-import","@/lib/shared","@/lib/shared","classified","external-package","package or runtime module terminal"
"website/app/api/search/route.ts","1","module-import","@/lib/source","@/lib/source","classified","external-package","package or runtime module terminal"
"website/app/api/search/route.ts","2","module-import","fumadocs-core/search/server","fumadocs-core/search/server","classified","external-package","package or runtime module terminal"
"website/app/docs/[[...slug]]/page.tsx","1","module-import","@/lib/source","@/lib/source","classified","external-package","package or runtime module terminal"
"website/app/docs/[[...slug]]/page.tsx","9","module-import","next/navigation","next/navigation","classified","external-package","package or runtime module terminal"
"website/app/docs/[[...slug]]/page.tsx","10","module-import","@/components/mdx","@/components/mdx","classified","external-package","package or runtime module terminal"
"website/app/docs/[[...slug]]/page.tsx","11","module-import","next","next","classified","external-package","package or runtime module terminal"
"website/app/docs/[[...slug]]/page.tsx","12","module-import","fumadocs-ui/mdx","fumadocs-ui/mdx","classified","external-package","package or runtime module terminal"
"website/app/docs/[[...slug]]/page.tsx","13","module-import","@/lib/shared","@/lib/shared","classified","external-package","package or runtime module terminal"
"website/app/docs/layout.tsx","1","module-import","@/lib/source","@/lib/source","classified","external-package","package or runtime module terminal"
"website/app/docs/layout.tsx","2","module-import","fumadocs-ui/layouts/docs","fumadocs-ui/layouts/docs","classified","external-package","package or runtime module terminal"
"website/app/docs/layout.tsx","3","module-import","@/lib/layout.shared","@/lib/layout.shared","classified","external-package","package or runtime module terminal"
"website/app/layout.tsx","1","module-import","next/font/google","next/font/google","classified","external-package","package or runtime module terminal"
"website/app/layout.tsx","2","module-import","next","next","classified","external-package","package or runtime module terminal"
"website/app/layout.tsx","3","module-import","@/components/provider","@/components/provider","classified","external-package","package or runtime module terminal"
"website/app/layout.tsx","4","module-import","@/lib/shared","@/lib/shared","classified","external-package","package or runtime module terminal"
"website/app/layout.tsx","5","module-import","./global.css","website/app/global.css","resolved","tracked-file","resolved to pinned tracked file"
"website/app/llms-full.txt/route.ts","1","module-import","@/lib/source","@/lib/source","classified","external-package","package or runtime module terminal"
"website/app/llms.mdx/docs/[[...slug]]/route.ts","1","module-import","@/lib/source","@/lib/source","classified","external-package","package or runtime module terminal"
"website/app/llms.mdx/docs/[[...slug]]/route.ts","2","module-import","next/navigation","next/navigation","classified","external-package","package or runtime module terminal"
"website/app/llms.txt/route.ts","1","module-import","@/lib/source","@/lib/source","classified","external-package","package or runtime module terminal"
"website/app/llms.txt/route.ts","2","module-import","fumadocs-core/source","fumadocs-core/source","classified","external-package","package or runtime module terminal"
"website/app/og/docs/[...slug]/route.tsx","1","module-import","@/lib/source","@/lib/source","classified","external-package","package or runtime module terminal"
"website/app/og/docs/[...slug]/route.tsx","2","module-import","next/navigation","next/navigation","classified","external-package","package or runtime module terminal"
"website/app/og/docs/[...slug]/route.tsx","3","module-import","next/og","next/og","classified","external-package","package or runtime module terminal"
"website/app/og/docs/[...slug]/route.tsx","4","module-import","fumadocs-ui/og","fumadocs-ui/og","classified","external-package","package or runtime module terminal"
"website/app/og/docs/[...slug]/route.tsx","5","module-import","@/lib/shared","@/lib/shared","classified","external-package","package or runtime module terminal"
"website/app/robots.ts","1","module-import","next","next","classified","external-package","package or runtime module terminal"
"website/app/robots.ts","2","module-import","@/lib/shared","@/lib/shared","classified","external-package","package or runtime module terminal"
"website/app/sitemap.ts","1","module-import","next","next","classified","external-package","package or runtime module terminal"
"website/app/sitemap.ts","2","module-import","@/lib/source","@/lib/source","classified","external-package","package or runtime module terminal"
"website/app/sitemap.ts","3","module-import","@/lib/shared","@/lib/shared","classified","external-package","package or runtime module terminal"
"website/components/mdx.tsx","1","module-import","fumadocs-ui/mdx","fumadocs-ui/mdx","classified","external-package","package or runtime module terminal"
"website/components/mdx.tsx","2","module-import","fumadocs-ui/components/tabs","fumadocs-ui/components/tabs","classified","external-package","package or runtime module terminal"
"website/components/mdx.tsx","3","module-import","fumadocs-ui/components/steps","fumadocs-ui/components/steps","classified","external-package","package or runtime module terminal"
"website/components/mdx.tsx","4","module-import","fumadocs-ui/components/accordion","fumadocs-ui/components/accordion","classified","external-package","package or runtime module terminal"
"website/components/mdx.tsx","5","module-import","mdx/types","mdx/types","classified","external-package","package or runtime module terminal"
"website/components/provider.tsx","2","module-import","@/components/search","@/components/search","classified","external-package","package or runtime module terminal"
"website/components/provider.tsx","3","module-import","fumadocs-ui/provider/next","fumadocs-ui/provider/next","classified","external-package","package or runtime module terminal"
"website/components/provider.tsx","4","module-import","react","react","classified","external-package","package or runtime module terminal"
"website/components/search.tsx","13","module-import","fumadocs-core/search/client","fumadocs-core/search/client","classified","external-package","package or runtime module terminal"
"website/components/search.tsx","14","module-import","fumadocs-core/search/client/orama-static","fumadocs-core/search/client/orama-static","classified","external-package","package or runtime module terminal"
"website/components/search.tsx","15","module-import","@orama/orama","@orama/orama","classified","external-package","package or runtime module terminal"
"website/components/search.tsx","16","module-import","fumadocs-ui/contexts/i18n","fumadocs-ui/contexts/i18n","classified","external-package","package or runtime module terminal"
"website/lib/layout.shared.tsx","1","module-import","fumadocs-ui/layouts/shared","fumadocs-ui/layouts/shared","classified","external-package","package or runtime module terminal"
"website/lib/layout.shared.tsx","2","module-import","./shared","website/lib/shared.ts","resolved","tracked-file","resolved to pinned tracked file"
"website/lib/source.ts","1","module-import","collections/server","collections/server","classified","external-package","package or runtime module terminal"
"website/lib/source.ts","2","module-import","fumadocs-core/source","fumadocs-core/source","classified","external-package","package or runtime module terminal"
"website/lib/source.ts","3","module-import","lucide-react","lucide-react","classified","external-package","package or runtime module terminal"
"website/lib/source.ts","4","module-import","react","react","classified","external-package","package or runtime module terminal"
"website/lib/source.ts","5","module-import","./shared","website/lib/shared.ts","resolved","tracked-file","resolved to pinned tracked file"
"website/next.config.mjs","1","module-import","fumadocs-mdx/next","fumadocs-mdx/next","classified","external-package","package or runtime module terminal"
"website/next.config.mjs","5","module-import","next","next","classified","external-package","package or runtime module terminal"
"website/README.md","3","markdown-link","https://fumadocs.dev","https://fumadocs.dev","classified","external-dependency","external endpoint inventoried but not fetched"
"website/README.md","3","markdown-link","https://github.com/Fission-AI/OpenSpec","https://github.com/Fission-AI/OpenSpec","classified","external-dependency","external endpoint inventoried but not fetched"
"website/README.md","3","markdown-link","https://nextjs.org","https://nextjs.org","classified","external-dependency","external endpoint inventoried but not fetched"
"website/README.md","5","markdown-link","#keeping-docs-in-sync","website/README.md#keeping-docs-in-sync","classified","document-anchor","same-document anchor; anchor spelling not treated as a filesystem edge"
"website/README.md","107","markdown-link","https://openspec.dev","https://openspec.dev","classified","external-dependency","external endpoint inventoried but not fetched"
"website/README.md","136","markdown-link","https://fumadocs.dev","https://fumadocs.dev","classified","external-dependency","external endpoint inventoried but not fetched"
"website/scripts/sync-docs.mjs","19","module-import","node:fs","node:fs","classified","runtime-builtin","package or runtime module terminal"
"website/scripts/sync-docs.mjs","20","module-import","node:path","node:path","classified","runtime-builtin","package or runtime module terminal"
"website/scripts/sync-docs.mjs","21","module-import","node:url","node:url","classified","runtime-builtin","package or runtime module terminal"
"website/scripts/sync-docs.mjs","22","module-import","../docs.sync.config.mjs","website/docs.sync.config.mjs","resolved","tracked-file","resolved to pinned tracked file"
"website/source.config.ts","1","module-import","fumadocs-mdx/config","fumadocs-mdx/config","classified","external-package","package or runtime module terminal"
"website/source.config.ts","2","module-import","fumadocs-core/source/schema","fumadocs-core/source/schema","classified","external-package","package or runtime module terminal"
"website/source.config.ts","3","module-import","zod","zod","classified","external-package","package or runtime module terminal"
